26_Jun_2018  ,  1.12
25_Jun_2018  ,  1.12
23_Jun_2018  ,  1.12
22_Jun_2018  ,  1.119
21_Jun_2018  ,  1.119
20_Jun_2018  ,  1.12
19_Jun_2018  ,  1.12
18_Jun_2018  ,  1.12
17_Jun_2018  ,  1.2
16_Jun_2018  ,  1.2
15_Jun_2018  ,  1.199
14_Jun_2018  ,  1.199
13_Jun_2018  ,  1.2
12_Jun_2018  ,  1.2
11_Jun_2018  ,  1.2
9_Jun_2018  ,  1.199
8_Jun_2018  ,  1.199
7_Jun_2018  ,  1.199
6_Jun_2018  ,  1.25
5_Jun_2018  ,  1.25
4_Jun_2018  ,  1.25
3_Jun_2018  ,  1.25
1_Jun_2018  ,  1.249
31_May_2018  ,  1.25
30_May_2018  ,  1.25
29_May_2018  ,  1.25
28_May_2018  ,  1.25
27_May_2018  ,  1.25
25_May_2018  ,  1.249
24_May_2018  ,  1.25
23_May_2018  ,  1.249
22_May_2018  ,  1.25
21_May_2018  ,  1.25
20_May_2018  ,  1.25
18_May_2018  ,  1.249
17_May_2018  ,  1.25
16_May_2018  ,  1.25
15_May_2018  ,  1.25
14_May_2018  ,  1.25
13_May_2018  ,  1.25
11_May_2018  ,  1.25
10_May_2018  ,  1.25
9_May_2018  ,  1.25
8_May_2018  ,  1.25
7_May_2018  ,  1.249
4_May_2018  ,  1.249
3_May_2018  ,  1.249
2_May_2018  ,  1.25
1_May_2018  ,  1.25
30_Apr_2018  ,  1.25
27_Apr_2018  ,  1.249
26_Apr_2018  ,  1.23
25_Apr_2018  ,  1.23
24_Apr_2018  ,  1.23
23_Apr_2018  ,  1.23
20_Apr_2018  ,  1.229
19_Apr_2018  ,  1.23
18_Apr_2018  ,  1.23
17_Apr_2018  ,  1.23
16_Apr_2018  ,  1.23
14_Apr_2018  ,  1.189
13_Apr_2018  ,  1.189
12_Apr_2018  ,  1.189
11_Apr_2018  ,  1.25
10_Apr_2018  ,  1.25
9_Apr_2018  ,  1.25
6_Apr_2018  ,  1.25
5_Apr_2018  ,  1.249
4_Apr_2018  ,  1.249
3_Apr_2018  ,  1.25
30_Mar_2018  ,  1.25
29_Mar_2018  ,  1.299
28_Mar_2018  ,  1.299
27_Mar_2018  ,  1.3
26_Mar_2018  ,  1.3
24_Mar_2018  ,  1.3
23_Mar_2018  ,  1.299
22_Mar_2018  ,  1.3
21_Mar_2018  ,  1.3
20_Mar_2018  ,  1.3
19_Mar_2018  ,  1.3
16_Mar_2018  ,  1.3
15_Mar_2018  ,  1.299
14_Mar_2018  ,  1.3
13_Mar_2018  ,  1.3
12_Mar_2018  ,  1.3
9_Mar_2018  ,  1.3
8_Mar_2018  ,  1.299
7_Mar_2018  ,  1.3
6_Mar_2018  ,  1.3
5_Mar_2018  ,  1.3
2_Mar_2018  ,  1.3
1_Mar_2018  ,  1.3
28_Feb_2018  ,  1.3
27_Feb_2018  ,  1.3
26_Feb_2018  ,  1.3
23_Feb_2018  ,  1.3
22_Feb_2018  ,  1.3
21_Feb_2018  ,  1.3
20_Feb_2018  ,  1.3
19_Feb_2018  ,  1.3
18_Feb_2018  ,  1.3
16_Feb_2018  ,  1.3
15_Feb_2018  ,  1.3
14_Feb_2018  ,  1.3
13_Feb_2018  ,  1.3
12_Feb_2018  ,  1.3
9_Feb_2018  ,  1.25
8_Feb_2018  ,  1.25
7_Feb_2018  ,  1.25
6_Feb_2018  ,  1.25
5_Feb_2018  ,  1.25
2_Feb_2018  ,  1.25
1_Feb_2018  ,  1.25
31_Jan_2018  ,  1.15
30_Jan_2018  ,  1.25
29_Jan_2018  ,  1.15
26_Jan_2018  ,  1.15
25_Jan_2018  ,  1.15
24_Jan_2018  ,  1.15
23_Jan_2018  ,  1.15
22_Jan_2018  ,  1.15
19_Jan_2018  ,  1.15
18_Jan_2018  ,  1.15
17_Jan_2018  ,  1.15
16_Jan_2018  ,  1.15
15_Jan_2018  ,  1.15
12_Jan_2018  ,  1.15
11_Jan_2018  ,  1.15
10_Jan_2018  ,  1.15
9_Jan_2018  ,  1.15
8_Jan_2018  ,  1.4
7_Jan_2018  ,  1.4
5_Jan_2018  ,  1.4
4_Jan_2018  ,  1.4
3_Jan_2018  ,  1.4
2_Jan_2018  ,  1.4
1_Jan_2018  ,  1.4
29_Dec_2017  ,  1.4
28_Dec_2017  ,  1.4
27_Dec_2017  ,  1.4
26_Dec_2017  ,  1.4
25_Dec_2017  ,  1.4
22_Dec_2017  ,  1.4
21_Dec_2017  ,  1.4
20_Dec_2017  ,  1.4
19_Dec_2017  ,  1.4
18_Dec_2017  ,  1.15
16_Dec_2017  ,  1.15
15_Dec_2017  ,  1.15
14_Dec_2017  ,  1.4
13_Dec_2017  ,  1.15
12_Dec_2017  ,  1.4
11_Dec_2017  ,  1.4
8_Dec_2017  ,  1.2
7_Dec_2017  ,  1.2
6_Dec_2017  ,  1.2
5_Dec_2017  ,  1.2
4_Dec_2017  ,  1.299
2_Dec_2017  ,  1.3
1_Dec_2017  ,  1.3
30_Nov_2017  ,  1.3
29_Nov_2017  ,  1.3
28_Nov_2017  ,  1.206
27_Nov_2017  ,  1.203
24_Nov_2017  ,  1.221
23_Nov_2017  ,  1.21
22_Nov_2017  ,  1.217
21_Nov_2017  ,  1.222
20_Nov_2017  ,  1.24
17_Nov_2017  ,  1.244
16_Nov_2017  ,  1.45
15_Nov_2017  ,  1.45
14_Nov_2017  ,  1.45
13_Nov_2017  ,  1.45
10_Nov_2017  ,  1.45
9_Nov_2017  ,  1.45
8_Nov_2017  ,  1.35
7_Nov_2017  ,  1.45
6_Nov_2017  ,  1.45
3_Nov_2017  ,  1.45
2_Nov_2017  ,  1.45
1_Nov_2017  ,  1.35
31_Oct_2017  ,  1.35
30_Oct_2017  ,  1.303
29_Oct_2017  ,  1.303
27_Oct_2017  ,  1.288
26_Oct_2017  ,  1.314
25_Oct_2017  ,  1.395
24_Oct_2017  ,  1.45
23_Oct_2017  ,  1.517
22_Oct_2017  ,  1.554
20_Oct_2017  ,  1.45
19_Oct_2017  ,  1.45
18_Oct_2017  ,  1.45
17_Oct_2017  ,  1.45
16_Oct_2017  ,  1.45
13_Oct_2017  ,  1.508
12_Oct_2017  ,  1.53
11_Oct_2017  ,  1.553
10_Oct_2017  ,  1.538
9_Oct_2017  ,  1.538
6_Oct_2017  ,  1.75
5_Oct_2017  ,  1.75
4_Oct_2017  ,  1.4
3_Oct_2017  ,  1.75
2_Oct_2017  ,  1.75
29_Sep_2017  ,  1.807
28_Sep_2017  ,  1.664
27_Sep_2017  ,  1.75
26_Sep_2017  ,  1.75
25_Sep_2017  ,  1.75
22_Sep_2017  ,  1.75
21_Sep_2017  ,  1.75
20_Sep_2017  ,  1.75
19_Sep_2017  ,  1.75
18_Sep_2017  ,  1.75
15_Sep_2017  ,  1.75
14_Sep_2017  ,  1.75
13_Sep_2017  ,  1.75
12_Sep_2017  ,  1.75
11_Sep_2017  ,  1.75
8_Sep_2017  ,  1.75
7_Sep_2017  ,  1.75
6_Sep_2017  ,  1.696
5_Sep_2017  ,  1.75
4_Sep_2017  ,  1.75
1_Sep_2017  ,  1.697
31_Aug_2017  ,  1.7
30_Aug_2017  ,  1.679
29_Aug_2017  ,  1.7
28_Aug_2017  ,  1.7
25_Aug_2017  ,  1.7
24_Aug_2017  ,  1.7
23_Aug_2017  ,  1.75
22_Aug_2017  ,  1.75
21_Aug_2017  ,  1.75
18_Aug_2017  ,  1.75
17_Aug_2017  ,  1.75
16_Aug_2017  ,  1.75
15_Aug_2017  ,  1.75
14_Aug_2017  ,  1.75
11_Aug_2017  ,  1.75
10_Aug_2017  ,  1.75
9_Aug_2017  ,  1.75
8_Aug_2017  ,  1.75
7_Aug_2017  ,  1.75
6_Aug_2017  ,  1.85
4_Aug_2017  ,  1.75
3_Aug_2017  ,  1.75
2_Aug_2017  ,  1.75
1_Aug_2017  ,  1.75
31_Jul_2017  ,  1.847
28_Jul_2017  ,  1.75
27_Jul_2017  ,  1.75
26_Jul_2017  ,  1.75
25_Jul_2017  ,  1.75
24_Jul_2017  ,  1.85
21_Jul_2017  ,  1.85
20_Jul_2017  ,  1.85
19_Jul_2017  ,  1.85
18_Jul_2017  ,  1.85
17_Jul_2017  ,  1.85
16_Jul_2017  ,  1.85
14_Jul_2017  ,  1.879
13_Jul_2017  ,  1.857
12_Jul_2017  ,  1.855
11_Jul_2017  ,  1.886
10_Jul_2017  ,  1.88
7_Jul_2017  ,  1.975
6_Jul_2017  ,  1.966
5_Jul_2017  ,  1.96
4_Jul_2017  ,  1.96
3_Jul_2017  ,  1.96
2_Jul_2017  ,  1.96
1_Jul_2017  ,  1.96
30_Jun_2017  ,  1.96
29_Jun_2017  ,  1.957
28_Jun_2017  ,  1.888
27_Jun_2017  ,  1.907
26_Jun_2017  ,  1.808
25_Jun_2017  ,  1.809
23_Jun_2017  ,  1.805
22_Jun_2017  ,  1.829
21_Jun_2017  ,  1.846
20_Jun_2017  ,  1.829
19_Jun_2017  ,  1.846
16_Jun_2017  ,  1.855
15_Jun_2017  ,  1.839
14_Jun_2017  ,  1.817
13_Jun_2017  ,  1.95
12_Jun_2017  ,  1.868
9_Jun_2017  ,  1.833
8_Jun_2017  ,  1.869
7_Jun_2017  ,  1.871
6_Jun_2017  ,  1.858
5_Jun_2017  ,  1.869
2_Jun_2017  ,  1.95
1_Jun_2017  ,  1.95
31_May_2017  ,  1.95
30_May_2017  ,  1.95
29_May_2017  ,  1.95
26_May_2017  ,  1.95
25_May_2017  ,  1.95
24_May_2017  ,  1.95
23_May_2017  ,  1.95
22_May_2017  ,  1.95
19_May_2017  ,  1.95
18_May_2017  ,  1.95
17_May_2017  ,  1.95
16_May_2017  ,  1.95
15_May_2017  ,  1.95
12_May_2017  ,  1.95
11_May_2017  ,  2.023
10_May_2017  ,  2.023
9_May_2017  ,  2.026
8_May_2017  ,  1.99
7_May_2017  ,  2.023
5_May_2017  ,  2.026
4_May_2017  ,  1.99
3_May_2017  ,  1.963
2_May_2017  ,  1.948
28_Apr_2017  ,  1.745
27_Apr_2017  ,  1.719
26_Apr_2017  ,  1.762
25_Apr_2017  ,  1.798
24_Apr_2017  ,  1.734
22_Apr_2017  ,  1.718
21_Apr_2017  ,  1.716
20_Apr_2017  ,  1.673
19_Apr_2017  ,  1.643
18_Apr_2017  ,  1.629
17_Apr_2017  ,  1.663
13_Apr_2017  ,  1.648
12_Apr_2017  ,  1.9
11_Apr_2017  ,  1.9
10_Apr_2017  ,  1.9
7_Apr_2017  ,  1.9
6_Apr_2017  ,  1.9
5_Apr_2017  ,  1.706
4_Apr_2017  ,  1.713
3_Apr_2017  ,  1.9
31_Mar_2017  ,  1.9
30_Mar_2017  ,  1.751
29_Mar_2017  ,  1.9
28_Mar_2017  ,  1.9
27_Mar_2017  ,  1.9
26_Mar_2017  ,  1.9
24_Mar_2017  ,  1.9
23_Mar_2017  ,  1.9
22_Mar_2017  ,  1.9
21_Mar_2017  ,  1.9
20_Mar_2017  ,  1.9
18_Mar_2017  ,  1.812
17_Mar_2017  ,  1.9
16_Mar_2017  ,  1.862
15_Mar_2017  ,  1.9
14_Mar_2017  ,  1.844
13_Mar_2017  ,  1.9
10_Mar_2017  ,  1.9
9_Mar_2017  ,  1.9
8_Mar_2017  ,  1.9
7_Mar_2017  ,  1.9
6_Mar_2017  ,  1.726
3_Mar_2017  ,  1.943
2_Mar_2017  ,  1.9
1_Mar_2017  ,  1.9
28_Feb_2017  ,  1.9
27_Feb_2017  ,  1.827
24_Feb_2017  ,  1.817
23_Feb_2017  ,  1.817
22_Feb_2017  ,  2.0
21_Feb_2017  ,  1.701
20_Feb_2017  ,  1.702
17_Feb_2017  ,  1.702
16_Feb_2017  ,  1.713
15_Feb_2017  ,  1.759
14_Feb_2017  ,  1.903
13_Feb_2017  ,  1.863
10_Feb_2017  ,  1.851
9_Feb_2017  ,  2.0
8_Feb_2017  ,  1.999
7_Feb_2017  ,  1.88
6_Feb_2017  ,  1.885
3_Feb_2017  ,  1.885
2_Feb_2017  ,  1.904
1_Feb_2017  ,  1.883
31_Jan_2017  ,  1.875
30_Jan_2017  ,  1.874
27_Jan_2017  ,  1.785
26_Jan_2017  ,  1.926
25_Jan_2017  ,  1.973
24_Jan_2017  ,  1.921
23_Jan_2017  ,  1.879
20_Jan_2017  ,  1.949
19_Jan_2017  ,  1.907
18_Jan_2017  ,  1.895
17_Jan_2017  ,  1.835
16_Jan_2017  ,  1.862
13_Jan_2017  ,  1.894
12_Jan_2017  ,  1.941
11_Jan_2017  ,  1.896
10_Jan_2017  ,  1.984
9_Jan_2017  ,  1.972
6_Jan_2017  ,  2.002
5_Jan_2017  ,  1.963
4_Jan_2017  ,  1.949
3_Jan_2017  ,  2.019
2_Jan_2017  ,  1.949
30_Dec_2016  ,  1.949
29_Dec_2016  ,  2.111
28_Dec_2016  ,  1.95
27_Dec_2016  ,  1.95
23_Dec_2016  ,  2.102
22_Dec_2016  ,  2.112
21_Dec_2016  ,  2.095
20_Dec_2016  ,  2.116
19_Dec_2016  ,  2.066
16_Dec_2016  ,  2.2
15_Dec_2016  ,  2.2
14_Dec_2016  ,  2.2
13_Dec_2016  ,  2.157
12_Dec_2016  ,  2.21
9_Dec_2016  ,  2.2
8_Dec_2016  ,  2.2
7_Dec_2016  ,  2.148
6_Dec_2016  ,  2.231
5_Dec_2016  ,  2.2
2_Dec_2016  ,  2.226
1_Dec_2016  ,  2.333
30_Nov_2016  ,  2.238
29_Nov_2016  ,  2.177
28_Nov_2016  ,  2.244
25_Nov_2016  ,  2.247
24_Nov_2016  ,  2.203
23_Nov_2016  ,  2.181
22_Nov_2016  ,  2.196
21_Nov_2016  ,  2.174
18_Nov_2016  ,  2.234
17_Nov_2016  ,  2.19
16_Nov_2016  ,  2.184
15_Nov_2016  ,  2.0
14_Nov_2016  ,  2.0
11_Nov_2016  ,  2.0
10_Nov_2016  ,  2.0
9_Nov_2016  ,  1.999
8_Nov_2016  ,  1.988
7_Nov_2016  ,  1.944
4_Nov_2016  ,  2.014
3_Nov_2016  ,  1.95
2_Nov_2016  ,  2.0
1_Nov_2016  ,  1.947
31_Oct_2016  ,  1.929
28_Oct_2016  ,  1.9
27_Oct_2016  ,  1.979
26_Oct_2016  ,  1.916
25_Oct_2016  ,  1.874
24_Oct_2016  ,  1.877
21_Oct_2016  ,  1.904
20_Oct_2016  ,  1.898
19_Oct_2016  ,  1.935
18_Oct_2016  ,  1.9
17_Oct_2016  ,  1.9
15_Oct_2016  ,  1.9
14_Oct_2016  ,  1.9
13_Oct_2016  ,  1.9
12_Oct_2016  ,  1.9
11_Oct_2016  ,  1.9
10_Oct_2016  ,  1.966
8_Oct_2016  ,  1.966
7_Oct_2016  ,  1.959
6_Oct_2016  ,  1.953
5_Oct_2016  ,  1.947
4_Oct_2016  ,  1.9
3_Oct_2016  ,  1.927
1_Oct_2016  ,  1.981
30_Sep_2016  ,  1.981
29_Sep_2016  ,  1.95
28_Sep_2016  ,  1.979
27_Sep_2016  ,  1.93
26_Sep_2016  ,  2.001
25_Sep_2016  ,  2.019
24_Sep_2016  ,  2.019
23_Sep_2016  ,  2.019
22_Sep_2016  ,  2.019
21_Sep_2016  ,  2.019
20_Sep_2016  ,  2.005
19_Sep_2016  ,  2.037
17_Sep_2016  ,  1.986
16_Sep_2016  ,  1.986
15_Sep_2016  ,  2.05
14_Sep_2016  ,  2.0
13_Sep_2016  ,  2.0
12_Sep_2016  ,  2.042
11_Sep_2016  ,  2.02
10_Sep_2016  ,  2.02
9_Sep_2016  ,  2.006
8_Sep_2016  ,  2.006
7_Sep_2016  ,  1.95
6_Sep_2016  ,  2.0
5_Sep_2016  ,  2.0
3_Sep_2016  ,  2.0
2_Sep_2016  ,  2.0
1_Sep_2016  ,  2.0
31_Aug_2016  ,  2.019
30_Aug_2016  ,  2.016
29_Aug_2016  ,  2.056
28_Aug_2016  ,  2.011
27_Aug_2016  ,  2.026
26_Aug_2016  ,  2.011
25_Aug_2016  ,  2.026
24_Aug_2016  ,  2.023
23_Aug_2016  ,  2.4
22_Aug_2016  ,  2.4
19_Aug_2016  ,  2.4
18_Aug_2016  ,  2.123
17_Aug_2016  ,  2.4
16_Aug_2016  ,  2.4
15_Aug_2016  ,  2.35
14_Aug_2016  ,  2.4
13_Aug_2016  ,  2.4
12_Aug_2016  ,  2.4
11_Aug_2016  ,  2.4
10_Aug_2016  ,  2.4
9_Aug_2016  ,  2.4
8_Aug_2016  ,  2.4
6_Aug_2016  ,  2.311
5_Aug_2016  ,  2.311
4_Aug_2016  ,  2.287
3_Aug_2016  ,  2.397
2_Aug_2016  ,  2.45
1_Aug_2016  ,  2.4
29_Jul_2016  ,  2.243
28_Jul_2016  ,  2.251
27_Jul_2016  ,  2.257
26_Jul_2016  ,  2.357
25_Jul_2016  ,  2.52
22_Jul_2016  ,  2.52
21_Jul_2016  ,  2.52
20_Jul_2016  ,  2.52
19_Jul_2016  ,  2.52
18_Jul_2016  ,  2.52
15_Jul_2016  ,  2.52
14_Jul_2016  ,  2.5
13_Jul_2016  ,  2.5
12_Jul_2016  ,  2.5
11_Jul_2016  ,  2.45
10_Jul_2016  ,  2.45
8_Jul_2016  ,  2.5
7_Jul_2016  ,  2.551
6_Jul_2016  ,  2.55
5_Jul_2016  ,  2.55
4_Jul_2016  ,  2.55
3_Jul_2016  ,  2.437
1_Jul_2016  ,  2.482
30_Jun_2016  ,  2.5
29_Jun_2016  ,  2.5
28_Jun_2016  ,  2.55
27_Jun_2016  ,  2.566
24_Jun_2016  ,  2.6
23_Jun_2016  ,  2.5
22_Jun_2016  ,  2.5
21_Jun_2016  ,  2.5
20_Jun_2016  ,  2.5
17_Jun_2016  ,  2.602
16_Jun_2016  ,  2.5
15_Jun_2016  ,  2.6
14_Jun_2016  ,  2.5
13_Jun_2016  ,  2.5
10_Jun_2016  ,  2.6
9_Jun_2016  ,  2.5
8_Jun_2016  ,  2.538
7_Jun_2016  ,  2.537
6_Jun_2016  ,  2.559
5_Jun_2016  ,  2.543
4_Jun_2016  ,  2.551
3_Jun_2016  ,  2.543
2_Jun_2016  ,  2.592
1_Jun_2016  ,  2.601
31_May_2016  ,  2.5
30_May_2016  ,  2.354
28_May_2016  ,  2.336
27_May_2016  ,  2.372
26_May_2016  ,  2.355
25_May_2016  ,  2.334
24_May_2016  ,  2.375
23_May_2016  ,  2.376
21_May_2016  ,  2.5
20_May_2016  ,  2.357
19_May_2016  ,  2.37
18_May_2016  ,  2.416
17_May_2016  ,  2.5
16_May_2016  ,  2.419
14_May_2016  ,  2.399
13_May_2016  ,  2.399
12_May_2016  ,  2.436
11_May_2016  ,  2.45
10_May_2016  ,  2.367
9_May_2016  ,  2.5
7_May_2016  ,  2.5
6_May_2016  ,  2.5
5_May_2016  ,  2.435
4_May_2016  ,  2.394
3_May_2016  ,  2.385
2_May_2016  ,  2.5
30_Apr_2016  ,  2.5
29_Apr_2016  ,  2.5
28_Apr_2016  ,  2.401
27_Apr_2016  ,  2.55
26_Apr_2016  ,  2.55
25_Apr_2016  ,  2.403
23_Apr_2016  ,  2.5
22_Apr_2016  ,  2.5
21_Apr_2016  ,  2.45
20_Apr_2016  ,  2.55
19_Apr_2016  ,  2.395
18_Apr_2016  ,  2.45
16_Apr_2016  ,  2.55
15_Apr_2016  ,  2.55
14_Apr_2016  ,  2.45
13_Apr_2016  ,  2.6
12_Apr_2016  ,  2.45
11_Apr_2016  ,  2.376
9_Apr_2016  ,  2.6
8_Apr_2016  ,  2.6
7_Apr_2016  ,  2.67
6_Apr_2016  ,  2.6
5_Apr_2016  ,  2.649
4_Apr_2016  ,  2.6
2_Apr_2016  ,  2.67
1_Apr_2016  ,  2.65
31_Mar_2016  ,  2.65
30_Mar_2016  ,  2.67
29_Mar_2016  ,  2.65
28_Mar_2016  ,  2.67
26_Mar_2016  ,  2.67
25_Mar_2016  ,  2.67
24_Mar_2016  ,  2.649
23_Mar_2016  ,  2.65
22_Mar_2016  ,  2.6
21_Mar_2016  ,  2.65
19_Mar_2016  ,  2.67
18_Mar_2016  ,  2.67
17_Mar_2016  ,  2.511
16_Mar_2016  ,  2.55
15_Mar_2016  ,  2.65
14_Mar_2016  ,  2.478
12_Mar_2016  ,  2.55
11_Mar_2016  ,  2.55
10_Mar_2016  ,  2.55
9_Mar_2016  ,  2.549
8_Mar_2016  ,  2.464
7_Mar_2016  ,  2.444
4_Mar_2016  ,  2.55
3_Mar_2016  ,  2.55
2_Mar_2016  ,  2.549
1_Mar_2016  ,  2.549
29_Feb_2016  ,  2.549
27_Feb_2016  ,  2.55
26_Feb_2016  ,  2.55
25_Feb_2016  ,  2.55
24_Feb_2016  ,  2.6
23_Feb_2016  ,  2.6
22_Feb_2016  ,  2.549
20_Feb_2016  ,  2.55
19_Feb_2016  ,  2.6
18_Feb_2016  ,  2.65
17_Feb_2016  ,  2.65
16_Feb_2016  ,  2.6
15_Feb_2016  ,  2.6
14_Feb_2016  ,  2.55
13_Feb_2016  ,  2.6
12_Feb_2016  ,  2.6
11_Feb_2016  ,  2.474
10_Feb_2016  ,  2.6
9_Feb_2016  ,  2.55
8_Feb_2016  ,  2.55
6_Feb_2016  ,  2.55
5_Feb_2016  ,  2.55
4_Feb_2016  ,  2.5
3_Feb_2016  ,  2.5
2_Feb_2016  ,  2.5
1_Feb_2016  ,  2.6
30_Jan_2016  ,  2.65
29_Jan_2016  ,  2.65
28_Jan_2016  ,  2.439
27_Jan_2016  ,  2.5
26_Jan_2016  ,  2.6
25_Jan_2016  ,  2.471
23_Jan_2016  ,  2.6
22_Jan_2016  ,  2.6
21_Jan_2016  ,  2.6
20_Jan_2016  ,  2.6
19_Jan_2016  ,  2.5
18_Jan_2016  ,  2.6
16_Jan_2016  ,  2.55
15_Jan_2016  ,  2.55
14_Jan_2016  ,  2.475
13_Jan_2016  ,  2.5
12_Jan_2016  ,  2.549
11_Jan_2016  ,  2.6
10_Jan_2016  ,  2.55
9_Jan_2016  ,  2.55
8_Jan_2016  ,  2.55
7_Jan_2016  ,  2.55
6_Jan_2016  ,  2.6
5_Jan_2016  ,  2.6
4_Jan_2016  ,  2.6
2_Jan_2016  ,  2.621
1_Jan_2016  ,  2.621
31_Dec_2015  ,  2.621
30_Dec_2015  ,  2.621
29_Dec_2015  ,  2.58
28_Dec_2015  ,  2.581
26_Dec_2015  ,  2.55
25_Dec_2015  ,  2.55
24_Dec_2015  ,  2.55
23_Dec_2015  ,  2.55
22_Dec_2015  ,  2.551
21_Dec_2015  ,  2.55
19_Dec_2015  ,  2.6
18_Dec_2015  ,  2.6
17_Dec_2015  ,  2.571
16_Dec_2015  ,  2.615
15_Dec_2015  ,  2.599
14_Dec_2015  ,  2.599
12_Dec_2015  ,  2.55
11_Dec_2015  ,  2.55
10_Dec_2015  ,  2.497
9_Dec_2015  ,  2.507
8_Dec_2015  ,  2.6
7_Dec_2015  ,  2.541
6_Dec_2015  ,  2.633
5_Dec_2015  ,  2.617
4_Dec_2015  ,  2.633
3_Dec_2015  ,  2.617
2_Dec_2015  ,  2.7
1_Dec_2015  ,  2.7
30_Nov_2015  ,  2.662
28_Nov_2015  ,  2.9
27_Nov_2015  ,  2.9
26_Nov_2015  ,  2.796
25_Nov_2015  ,  2.9
24_Nov_2015  ,  2.7
23_Nov_2015  ,  2.9
22_Nov_2015  ,  2.7
21_Nov_2015  ,  2.7
20_Nov_2015  ,  2.7
19_Nov_2015  ,  2.717
18_Nov_2015  ,  2.747
17_Nov_2015  ,  2.7
16_Nov_2015  ,  2.785
14_Nov_2015  ,  2.75
13_Nov_2015  ,  2.75
12_Nov_2015  ,  2.75
11_Nov_2015  ,  2.75
10_Nov_2015  ,  2.75
9_Nov_2015  ,  2.784
7_Nov_2015  ,  2.899
6_Nov_2015  ,  2.899
5_Nov_2015  ,  2.899
4_Nov_2015  ,  2.792
3_Nov_2015  ,  2.792
2_Nov_2015  ,  2.792
31_Oct_2015  ,  2.735
30_Oct_2015  ,  2.735
29_Oct_2015  ,  2.7
28_Oct_2015  ,  2.8
27_Oct_2015  ,  2.8
26_Oct_2015  ,  2.8
24_Oct_2015  ,  2.8
23_Oct_2015  ,  2.8
22_Oct_2015  ,  2.85
21_Oct_2015  ,  3.0
20_Oct_2015  ,  3.0
19_Oct_2015  ,  3.0
18_Oct_2015  ,  3.0
17_Oct_2015  ,  2.824
16_Oct_2015  ,  2.824
15_Oct_2015  ,  2.824
14_Oct_2015  ,  2.845
13_Oct_2015  ,  2.865
12_Oct_2015  ,  2.85
11_Oct_2015  ,  2.9
10_Oct_2015  ,  2.83
9_Oct_2015  ,  2.9
8_Oct_2015  ,  2.83
7_Oct_2015  ,  2.9
6_Oct_2015  ,  2.9
5_Oct_2015  ,  2.9
3_Oct_2015  ,  2.95
2_Oct_2015  ,  2.95
1_Oct_2015  ,  2.95
30_Sep_2015  ,  2.95
29_Sep_2015  ,  2.95
28_Sep_2015  ,  2.926
27_Sep_2015  ,  2.95
26_Sep_2015  ,  2.95
25_Sep_2015  ,  2.95
24_Sep_2015  ,  2.95
23_Sep_2015  ,  2.95
22_Sep_2015  ,  3.0
21_Sep_2015  ,  3.0
19_Sep_2015  ,  3.0
18_Sep_2015  ,  2.95
17_Sep_2015  ,  2.95
16_Sep_2015  ,  2.95
15_Sep_2015  ,  2.9
14_Sep_2015  ,  2.852
12_Sep_2015  ,  2.836
11_Sep_2015  ,  2.836
10_Sep_2015  ,  2.885
9_Sep_2015  ,  2.9
8_Sep_2015  ,  2.931
7_Sep_2015  ,  2.921
6_Sep_2015  ,  3.0
5_Sep_2015  ,  3.0
4_Sep_2015  ,  3.0
3_Sep_2015  ,  3.0
2_Sep_2015  ,  3.0
1_Sep_2015  ,  2.998
31_Aug_2015  ,  3.1
29_Aug_2015  ,  3.197
28_Aug_2015  ,  3.197
27_Aug_2015  ,  3.1
26_Aug_2015  ,  3.1
25_Aug_2015  ,  3.1
24_Aug_2015  ,  3.1
22_Aug_2015  ,  3.1
21_Aug_2015  ,  3.1
20_Aug_2015  ,  3.1
19_Aug_2015  ,  3.1
18_Aug_2015  ,  3.1
17_Aug_2015  ,  3.3
15_Aug_2015  ,  3.196
14_Aug_2015  ,  3.196
13_Aug_2015  ,  3.254
12_Aug_2015  ,  3.196
11_Aug_2015  ,  3.254
10_Aug_2015  ,  3.254
8_Aug_2015  ,  3.204
7_Aug_2015  ,  3.15
6_Aug_2015  ,  3.15
5_Aug_2015  ,  3.254
4_Aug_2015  ,  3.254
3_Aug_2015  ,  3.254
2_Aug_2015  ,  3.204
1_Aug_2015  ,  3.204
31_Jul_2015  ,  3.3
30_Jul_2015  ,  3.23
29_Jul_2015  ,  3.204
28_Jul_2015  ,  3.299
27_Jul_2015  ,  3.3
25_Jul_2015  ,  3.3
24_Jul_2015  ,  3.3
23_Jul_2015  ,  3.162
22_Jul_2015  ,  3.193
21_Jul_2015  ,  3.15
20_Jul_2015  ,  3.143
18_Jul_2015  ,  3.208
17_Jul_2015  ,  3.3
16_Jul_2015  ,  3.3
15_Jul_2015  ,  3.21
14_Jul_2015  ,  3.3
13_Jul_2015  ,  3.211
11_Jul_2015  ,  3.363
10_Jul_2015  ,  3.363
9_Jul_2015  ,  3.399
8_Jul_2015  ,  3.3
7_Jul_2015  ,  3.3
6_Jul_2015  ,  3.3
4_Jul_2015  ,  3.15
3_Jul_2015  ,  3.15
2_Jul_2015  ,  3.311
1_Jul_2015  ,  3.336
30_Jun_2015  ,  3.214
29_Jun_2015  ,  3.28
27_Jun_2015  ,  3.15
26_Jun_2015  ,  3.15
25_Jun_2015  ,  3.125
24_Jun_2015  ,  3.13
23_Jun_2015  ,  3.3
22_Jun_2015  ,  3.286
21_Jun_2015  ,  3.0
20_Jun_2015  ,  3.0
19_Jun_2015  ,  3.0
18_Jun_2015  ,  3.0
17_Jun_2015  ,  3.2
16_Jun_2015  ,  3.215
15_Jun_2015  ,  3.0
13_Jun_2015  ,  3.1
12_Jun_2015  ,  3.1
11_Jun_2015  ,  2.7
10_Jun_2015  ,  2.7
9_Jun_2015  ,  2.7
8_Jun_2015  ,  2.7
7_Jun_2015  ,  2.95
6_Jun_2015  ,  2.95
5_Jun_2015  ,  2.95
4_Jun_2015  ,  2.7
3_Jun_2015  ,  2.7
2_Jun_2015  ,  2.7
1_Jun_2015  ,  2.7
30_May_2015  ,  2.7
29_May_2015  ,  2.785
28_May_2015  ,  2.807
27_May_2015  ,  2.7
26_May_2015  ,  2.7
25_May_2015  ,  2.7
23_May_2015  ,  2.7
22_May_2015  ,  2.7
21_May_2015  ,  2.7
20_May_2015  ,  2.674
19_May_2015  ,  2.45
18_May_2015  ,  2.45
16_May_2015  ,  2.45
15_May_2015  ,  2.45
14_May_2015  ,  2.45
13_May_2015  ,  2.45
12_May_2015  ,  2.45
11_May_2015  ,  2.45
9_May_2015  ,  2.45
8_May_2015  ,  2.45
7_May_2015  ,  2.45
6_May_2015  ,  2.45
5_May_2015  ,  2.45
4_May_2015  ,  2.45
2_May_2015  ,  2.5
1_May_2015  ,  2.5
30_Apr_2015  ,  2.4
29_Apr_2015  ,  2.45
28_Apr_2015  ,  2.45
27_Apr_2015  ,  2.45
25_Apr_2015  ,  2.421
24_Apr_2015  ,  2.421
23_Apr_2015  ,  2.45
22_Apr_2015  ,  2.467
21_Apr_2015  ,  2.374
20_Apr_2015  ,  2.45
18_Apr_2015  ,  2.45
17_Apr_2015  ,  2.45
16_Apr_2015  ,  2.6
15_Apr_2015  ,  2.6
14_Apr_2015  ,  2.6
13_Apr_2015  ,  2.6
11_Apr_2015  ,  2.6
10_Apr_2015  ,  2.6
9_Apr_2015  ,  2.6
8_Apr_2015  ,  2.6
7_Apr_2015  ,  2.6
6_Apr_2015  ,  2.6
4_Apr_2015  ,  2.75
3_Apr_2015  ,  2.75
2_Apr_2015  ,  2.75
1_Apr_2015  ,  2.602
31_Mar_2015  ,  2.599
30_Mar_2015  ,  2.6
28_Mar_2015  ,  2.599
27_Mar_2015  ,  2.599
26_Mar_2015  ,  2.6
25_Mar_2015  ,  2.608
24_Mar_2015  ,  2.608
23_Mar_2015  ,  2.5
21_Mar_2015  ,  2.469
20_Mar_2015  ,  2.5
19_Mar_2015  ,  2.5
18_Mar_2015  ,  2.5
17_Mar_2015  ,  2.45
16_Mar_2015  ,  2.479
14_Mar_2015  ,  2.5
13_Mar_2015  ,  2.5
12_Mar_2015  ,  2.466
11_Mar_2015  ,  2.5
10_Mar_2015  ,  2.5
9_Mar_2015  ,  2.43
8_Mar_2015  ,  2.5
7_Mar_2015  ,  2.5
6_Mar_2015  ,  2.5
5_Mar_2015  ,  2.5
4_Mar_2015  ,  2.5
3_Mar_2015  ,  2.478
2_Mar_2015  ,  2.5
28_Feb_2015  ,  2.499
27_Feb_2015  ,  2.478
26_Feb_2015  ,  2.5
25_Feb_2015  ,  2.499
24_Feb_2015  ,  2.5
23_Feb_2015  ,  2.486
21_Feb_2015  ,  2.526
20_Feb_2015  ,  2.526
19_Feb_2015  ,  2.5
18_Feb_2015  ,  2.5
17_Feb_2015  ,  2.6
16_Feb_2015  ,  2.6
14_Feb_2015  ,  2.65
13_Feb_2015  ,  2.65
12_Feb_2015  ,  2.65
11_Feb_2015  ,  2.65
10_Feb_2015  ,  2.65
9_Feb_2015  ,  2.649
7_Feb_2015  ,  2.649
6_Feb_2015  ,  2.649
5_Feb_2015  ,  2.649
4_Feb_2015  ,  2.65
3_Feb_2015  ,  2.663
2_Feb_2015  ,  2.75
1_Feb_2015  ,  2.8
31_Jan_2015  ,  2.8
30_Jan_2015  ,  2.8
29_Jan_2015  ,  2.796
28_Jan_2015  ,  2.8
27_Jan_2015  ,  2.8
26_Jan_2015  ,  3.0
24_Jan_2015  ,  3.05
23_Jan_2015  ,  3.0
22_Jan_2015  ,  3.0
21_Jan_2015  ,  3.0
20_Jan_2015  ,  3.0
19_Jan_2015  ,  3.049
17_Jan_2015  ,  3.15
16_Jan_2015  ,  3.15
15_Jan_2015  ,  2.993
14_Jan_2015  ,  2.949
13_Jan_2015  ,  3.0
12_Jan_2015  ,  3.25
10_Jan_2015  ,  3.25
9_Jan_2015  ,  3.25
8_Jan_2015  ,  3.15
7_Jan_2015  ,  3.091
6_Jan_2015  ,  3.25
5_Jan_2015  ,  3.167
3_Jan_2015  ,  3.149
2_Jan_2015  ,  3.15
31_Dec_2014  ,  3.15
30_Dec_2014  ,  3.149
29_Dec_2014  ,  3.15
28_Dec_2014  ,  3.2
24_Dec_2014  ,  3.2
23_Dec_2014  ,  3.2
22_Dec_2014  ,  3.25
21_Dec_2014  ,  3.2
20_Dec_2014  ,  3.158
19_Dec_2014  ,  3.2
18_Dec_2014  ,  3.158
17_Dec_2014  ,  3.0
16_Dec_2014  ,  3.15
15_Dec_2014  ,  3.0
14_Dec_2014  ,  3.0
13_Dec_2014  ,  3.0
12_Dec_2014  ,  3.0
11_Dec_2014  ,  2.999
10_Dec_2014  ,  3.0
9_Dec_2014  ,  3.013
8_Dec_2014  ,  3.013
6_Dec_2014  ,  3.099
5_Dec_2014  ,  3.099
4_Dec_2014  ,  3.099
3_Dec_2014  ,  3.1
2_Dec_2014  ,  3.1
1_Dec_2014  ,  3.197
30_Nov_2014  ,  3.2
29_Nov_2014  ,  3.2
28_Nov_2014  ,  3.2
27_Nov_2014  ,  3.5
26_Nov_2014  ,  3.5
25_Nov_2014  ,  3.5
24_Nov_2014  ,  3.5
22_Nov_2014  ,  3.561
21_Nov_2014  ,  3.561
20_Nov_2014  ,  3.561
19_Nov_2014  ,  3.561
18_Nov_2014  ,  3.654
17_Nov_2014  ,  3.654
16_Nov_2014  ,  3.654
15_Nov_2014  ,  3.654
14_Nov_2014  ,  3.654
13_Nov_2014  ,  3.654
12_Nov_2014  ,  3.651
11_Nov_2014  ,  3.653
10_Nov_2014  ,  3.653
8_Nov_2014  ,  3.654
7_Nov_2014  ,  3.654
6_Nov_2014  ,  3.598
5_Nov_2014  ,  3.598
4_Nov_2014  ,  3.561
3_Nov_2014  ,  3.561
1_Nov_2014  ,  3.585
31_Oct_2014  ,  3.585
30_Oct_2014  ,  3.543
29_Oct_2014  ,  3.563
28_Oct_2014  ,  3.563
27_Oct_2014  ,  3.563
25_Oct_2014  ,  3.54
24_Oct_2014  ,  3.54
23_Oct_2014  ,  3.58
22_Oct_2014  ,  3.58
21_Oct_2014  ,  3.555
20_Oct_2014  ,  3.545
18_Oct_2014  ,  3.501
17_Oct_2014  ,  3.501
16_Oct_2014  ,  3.501
15_Oct_2014  ,  3.501
14_Oct_2014  ,  3.527
13_Oct_2014  ,  3.518
11_Oct_2014  ,  3.472
10_Oct_2014  ,  3.527
9_Oct_2014  ,  3.518
8_Oct_2014  ,  3.472
7_Oct_2014  ,  3.518
6_Oct_2014  ,  3.472
4_Oct_2014  ,  3.443
3_Oct_2014  ,  3.472
2_Oct_2014  ,  3.443
1_Oct_2014  ,  3.45
30_Sep_2014  ,  3.45
29_Sep_2014  ,  3.362
27_Sep_2014  ,  3.199
26_Sep_2014  ,  3.199
25_Sep_2014  ,  3.2
24_Sep_2014  ,  3.2
23_Sep_2014  ,  3.3
22_Sep_2014  ,  3.349
20_Sep_2014  ,  3.349
19_Sep_2014  ,  3.349
18_Sep_2014  ,  3.349
17_Sep_2014  ,  3.35
16_Sep_2014  ,  3.35
15_Sep_2014  ,  3.35
13_Sep_2014  ,  3.35
12_Sep_2014  ,  3.35
11_Sep_2014  ,  3.399
10_Sep_2014  ,  3.4
9_Sep_2014  ,  3.4
8_Sep_2014  ,  3.4
6_Sep_2014  ,  3.399
5_Sep_2014  ,  3.399
4_Sep_2014  ,  3.399
3_Sep_2014  ,  3.5
2_Sep_2014  ,  3.5
1_Sep_2014  ,  3.5
31_Aug_2014  ,  3.5
30_Aug_2014  ,  3.5
29_Aug_2014  ,  3.5
28_Aug_2014  ,  3.5
27_Aug_2014  ,  3.5
26_Aug_2014  ,  3.499
25_Aug_2014  ,  3.499
23_Aug_2014  ,  3.499
22_Aug_2014  ,  3.499
21_Aug_2014  ,  3.5
20_Aug_2014  ,  3.5
19_Aug_2014  ,  3.5
18_Aug_2014  ,  3.5
17_Aug_2014  ,  3.5
16_Aug_2014  ,  3.5
15_Aug_2014  ,  3.5
14_Aug_2014  ,  3.5
13_Aug_2014  ,  3.5
12_Aug_2014  ,  3.5
11_Aug_2014  ,  3.5
10_Aug_2014  ,  3.5
9_Aug_2014  ,  3.5
8_Aug_2014  ,  3.5
7_Aug_2014  ,  3.5
6_Aug_2014  ,  3.499
5_Aug_2014  ,  3.499
4_Aug_2014  ,  3.5
2_Aug_2014  ,  3.55
1_Aug_2014  ,  3.55
31_Jul_2014  ,  3.55
30_Jul_2014  ,  3.549
29_Jul_2014  ,  3.549
28_Jul_2014  ,  3.549
27_Jul_2014  ,  3.55
26_Jul_2014  ,  3.55
25_Jul_2014  ,  3.55
24_Jul_2014  ,  3.55
23_Jul_2014  ,  3.55
22_Jul_2014  ,  3.55
21_Jul_2014  ,  3.5
20_Jul_2014  ,  3.5
19_Jul_2014  ,  3.5
18_Jul_2014  ,  3.5
17_Jul_2014  ,  3.5
16_Jul_2014  ,  3.4
15_Jul_2014  ,  3.4
14_Jul_2014  ,  3.4
12_Jul_2014  ,  3.4
11_Jul_2014  ,  3.4
10_Jul_2014  ,  3.4
9_Jul_2014  ,  3.399
8_Jul_2014  ,  3.399
7_Jul_2014  ,  3.4
5_Jul_2014  ,  3.499
4_Jul_2014  ,  3.499
3_Jul_2014  ,  3.499
2_Jul_2014  ,  3.45
1_Jul_2014  ,  3.45
30_Jun_2014  ,  3.45
28_Jun_2014  ,  3.45
27_Jun_2014  ,  3.45
26_Jun_2014  ,  3.449
25_Jun_2014  ,  3.45
24_Jun_2014  ,  3.3
23_Jun_2014  ,  3.3
22_Jun_2014  ,  3.299
21_Jun_2014  ,  3.299
20_Jun_2014  ,  3.3
19_Jun_2014  ,  3.3
18_Jun_2014  ,  3.249
17_Jun_2014  ,  3.25
16_Jun_2014  ,  3.25
14_Jun_2014  ,  3.25
13_Jun_2014  ,  3.3
12_Jun_2014  ,  3.3
11_Jun_2014  ,  3.299
10_Jun_2014  ,  3.299
9_Jun_2014  ,  3.299
7_Jun_2014  ,  3.3
6_Jun_2014  ,  3.3
5_Jun_2014  ,  3.3
4_Jun_2014  ,  3.249
3_Jun_2014  ,  3.25
2_Jun_2014  ,  3.25
31_May_2014  ,  3.25
30_May_2014  ,  3.25
29_May_2014  ,  3.25
28_May_2014  ,  3.2
27_May_2014  ,  3.199
26_May_2014  ,  3.199
25_May_2014  ,  3.199
24_May_2014  ,  3.199
23_May_2014  ,  3.199
22_May_2014  ,  3.199
21_May_2014  ,  3.199
20_May_2014  ,  3.199
19_May_2014  ,  3.2
17_May_2014  ,  3.2
16_May_2014  ,  3.2
15_May_2014  ,  3.25
14_May_2014  ,  3.25
13_May_2014  ,  3.25
12_May_2014  ,  3.25
10_May_2014  ,  3.4
9_May_2014  ,  3.399
8_May_2014  ,  3.399
7_May_2014  ,  3.399
6_May_2014  ,  3.4
5_May_2014  ,  3.4
3_May_2014  ,  3.4
2_May_2014  ,  3.4
1_May_2014  ,  3.4
30_Apr_2014  ,  3.399
29_Apr_2014  ,  3.399
28_Apr_2014  ,  3.399
27_Apr_2014  ,  3.4
26_Apr_2014  ,  3.4
25_Apr_2014  ,  3.4
24_Apr_2014  ,  3.4
23_Apr_2014  ,  3.4
22_Apr_2014  ,  3.4
21_Apr_2014  ,  3.458
19_Apr_2014  ,  3.213
18_Apr_2014  ,  3.458
17_Apr_2014  ,  3.213
16_Apr_2014  ,  3.35
15_Apr_2014  ,  3.35
14_Apr_2014  ,  3.35
12_Apr_2014  ,  3.23
11_Apr_2014  ,  3.23
10_Apr_2014  ,  3.305
9_Apr_2014  ,  3.305
8_Apr_2014  ,  3.3
7_Apr_2014  ,  3.3
5_Apr_2014  ,  3.35
4_Apr_2014  ,  3.35
3_Apr_2014  ,  3.35
2_Apr_2014  ,  3.35
1_Apr_2014  ,  3.35
31_Mar_2014  ,  3.4
29_Mar_2014  ,  3.287
28_Mar_2014  ,  3.287
27_Mar_2014  ,  3.4
26_Mar_2014  ,  3.267
25_Mar_2014  ,  3.267
24_Mar_2014  ,  3.4
22_Mar_2014  ,  3.4
21_Mar_2014  ,  3.4
20_Mar_2014  ,  3.35
19_Mar_2014  ,  3.45
18_Mar_2014  ,  3.45
17_Mar_2014  ,  3.449
15_Mar_2014  ,  3.45
14_Mar_2014  ,  3.45
13_Mar_2014  ,  3.45
12_Mar_2014  ,  3.45
11_Mar_2014  ,  3.428
10_Mar_2014  ,  3.428
9_Mar_2014  ,  3.428
8_Mar_2014  ,  3.428
7_Mar_2014  ,  3.428
6_Mar_2014  ,  3.451
5_Mar_2014  ,  3.429
4_Mar_2014  ,  3.43
3_Mar_2014  ,  3.429
1_Mar_2014  ,  3.429
28_Feb_2014  ,  3.43
27_Feb_2014  ,  3.429
26_Feb_2014  ,  3.429
25_Feb_2014  ,  3.551
24_Feb_2014  ,  3.551
22_Feb_2014  ,  3.5
21_Feb_2014  ,  3.5
20_Feb_2014  ,  3.5
19_Feb_2014  ,  3.438
18_Feb_2014  ,  3.445
17_Feb_2014  ,  3.55
15_Feb_2014  ,  3.458
14_Feb_2014  ,  3.458
13_Feb_2014  ,  3.461
12_Feb_2014  ,  3.5
11_Feb_2014  ,  3.455
10_Feb_2014  ,  3.455
8_Feb_2014  ,  3.461
7_Feb_2014  ,  3.461
6_Feb_2014  ,  3.5
5_Feb_2014  ,  3.55
4_Feb_2014  ,  3.512
3_Feb_2014  ,  3.55
1_Feb_2014  ,  3.477
31_Jan_2014  ,  3.477
30_Jan_2014  ,  3.518
29_Jan_2014  ,  3.601
28_Jan_2014  ,  3.621
27_Jan_2014  ,  3.7
25_Jan_2014  ,  3.7
24_Jan_2014  ,  3.621
23_Jan_2014  ,  3.7
22_Jan_2014  ,  3.7
21_Jan_2014  ,  3.7
20_Jan_2014  ,  3.7
18_Jan_2014  ,  3.7
17_Jan_2014  ,  3.7
16_Jan_2014  ,  3.688
15_Jan_2014  ,  3.601
14_Jan_2014  ,  3.588
13_Jan_2014  ,  3.69
11_Jan_2014  ,  3.6
10_Jan_2014  ,  3.6
9_Jan_2014  ,  3.69
8_Jan_2014  ,  3.6
7_Jan_2014  ,  3.6
6_Jan_2014  ,  3.6
4_Jan_2014  ,  3.6
3_Jan_2014  ,  3.6
2_Jan_2014  ,  3.694
1_Jan_2014  ,  3.697
31_Dec_2013  ,  3.6
30_Dec_2013  ,  3.6
28_Dec_2013  ,  3.694
27_Dec_2013  ,  3.694
26_Dec_2013  ,  3.697
25_Dec_2013  ,  3.697
24_Dec_2013  ,  3.697
23_Dec_2013  ,  3.697
21_Dec_2013  ,  3.601
20_Dec_2013  ,  3.697
19_Dec_2013  ,  3.697
18_Dec_2013  ,  3.601
17_Dec_2013  ,  3.698
16_Dec_2013  ,  3.698
14_Dec_2013  ,  3.65
13_Dec_2013  ,  3.65
12_Dec_2013  ,  3.55
11_Dec_2013  ,  3.603
10_Dec_2013  ,  3.603
9_Dec_2013  ,  3.603
7_Dec_2013  ,  3.611
6_Dec_2013  ,  3.611
5_Dec_2013  ,  3.611
4_Dec_2013  ,  3.611
3_Dec_2013  ,  3.611
2_Dec_2013  ,  3.702
30_Nov_2013  ,  3.6
29_Nov_2013  ,  3.702
28_Nov_2013  ,  3.6
27_Nov_2013  ,  3.65
26_Nov_2013  ,  3.6
25_Nov_2013  ,  3.65
23_Nov_2013  ,  3.65
22_Nov_2013  ,  3.65
21_Nov_2013  ,  3.65
20_Nov_2013  ,  3.65
19_Nov_2013  ,  3.65
18_Nov_2013  ,  3.65
17_Nov_2013  ,  3.65
16_Nov_2013  ,  3.65
15_Nov_2013  ,  3.65
14_Nov_2013  ,  3.65
13_Nov_2013  ,  3.666
12_Nov_2013  ,  3.66
11_Nov_2013  ,  3.698
9_Nov_2013  ,  3.65
8_Nov_2013  ,  3.65
7_Nov_2013  ,  3.651
6_Nov_2013  ,  3.65
5_Nov_2013  ,  3.68
4_Nov_2013  ,  3.721
3_Nov_2013  ,  3.68
2_Nov_2013  ,  3.68
1_Nov_2013  ,  3.68
31_Oct_2013  ,  3.708
30_Oct_2013  ,  3.7
29_Oct_2013  ,  3.7
28_Oct_2013  ,  3.7
27_Oct_2013  ,  3.7
26_Oct_2013  ,  3.7
25_Oct_2013  ,  3.7
24_Oct_2013  ,  3.7
23_Oct_2013  ,  3.734
22_Oct_2013  ,  3.7
21_Oct_2013  ,  3.83
19_Oct_2013  ,  3.8
18_Oct_2013  ,  3.83
17_Oct_2013  ,  3.8
16_Oct_2013  ,  3.8
15_Oct_2013  ,  3.8
14_Oct_2013  ,  3.8
12_Oct_2013  ,  3.848
11_Oct_2013  ,  3.848
10_Oct_2013  ,  3.8
9_Oct_2013  ,  3.85
8_Oct_2013  ,  3.83
7_Oct_2013  ,  3.85
6_Oct_2013  ,  3.8
5_Oct_2013  ,  3.8
4_Oct_2013  ,  3.8
3_Oct_2013  ,  3.8
2_Oct_2013  ,  3.93
1_Oct_2013  ,  3.9
30_Sep_2013  ,  3.86
29_Sep_2013  ,  3.9
28_Sep_2013  ,  3.9
27_Sep_2013  ,  3.9
26_Sep_2013  ,  3.903
25_Sep_2013  ,  3.911
24_Sep_2013  ,  3.875
23_Sep_2013  ,  3.95
22_Sep_2013  ,  3.95
21_Sep_2013  ,  3.95
20_Sep_2013  ,  3.95
19_Sep_2013  ,  3.9
18_Sep_2013  ,  3.9
17_Sep_2013  ,  3.901
16_Sep_2013  ,  3.936
15_Sep_2013  ,  3.951
14_Sep_2013  ,  3.951
13_Sep_2013  ,  3.951
12_Sep_2013  ,  3.9
11_Sep_2013  ,  3.994
10_Sep_2013  ,  3.9
9_Sep_2013  ,  3.95
8_Sep_2013  ,  3.901
7_Sep_2013  ,  3.901
6_Sep_2013  ,  3.901
5_Sep_2013  ,  3.932
4_Sep_2013  ,  3.9
3_Sep_2013  ,  3.928
2_Sep_2013  ,  3.897
1_Sep_2013  ,  3.922
31_Aug_2013  ,  3.922
30_Aug_2013  ,  3.922
29_Aug_2013  ,  3.9
28_Aug_2013  ,  3.907
27_Aug_2013  ,  3.9
26_Aug_2013  ,  3.9
24_Aug_2013  ,  3.9
23_Aug_2013  ,  3.9
22_Aug_2013  ,  3.851
21_Aug_2013  ,  3.831
20_Aug_2013  ,  3.9
19_Aug_2013  ,  3.907
17_Aug_2013  ,  3.953
16_Aug_2013  ,  3.953
15_Aug_2013  ,  3.943
14_Aug_2013  ,  3.9
13_Aug_2013  ,  3.917
12_Aug_2013  ,  3.9
11_Aug_2013  ,  3.9
10_Aug_2013  ,  3.9
9_Aug_2013  ,  3.9
8_Aug_2013  ,  3.922
7_Aug_2013  ,  3.9
6_Aug_2013  ,  3.9
5_Aug_2013  ,  3.9
3_Aug_2013  ,  3.875
2_Aug_2013  ,  3.875
1_Aug_2013  ,  3.958
31_Jul_2013  ,  3.958
30_Jul_2013  ,  3.9
29_Jul_2013  ,  3.951
27_Jul_2013  ,  3.85
26_Jul_2013  ,  3.85
25_Jul_2013  ,  3.85
24_Jul_2013  ,  3.85
23_Jul_2013  ,  3.85
22_Jul_2013  ,  3.7
20_Jul_2013  ,  3.7
19_Jul_2013  ,  3.7
18_Jul_2013  ,  3.7
17_Jul_2013  ,  3.906
16_Jul_2013  ,  3.7
15_Jul_2013  ,  3.7
13_Jul_2013  ,  3.7
12_Jul_2013  ,  3.7
11_Jul_2013  ,  3.7
10_Jul_2013  ,  3.7
9_Jul_2013  ,  3.7
8_Jul_2013  ,  3.7
6_Jul_2013  ,  3.7
5_Jul_2013  ,  3.68
4_Jul_2013  ,  3.7
3_Jul_2013  ,  3.7
2_Jul_2013  ,  3.7
1_Jul_2013  ,  3.7
29_Jun_2013  ,  3.68
28_Jun_2013  ,  3.68
27_Jun_2013  ,  4.057
26_Jun_2013  ,  4.057
25_Jun_2013  ,  4.057
24_Jun_2013  ,  3.7
23_Jun_2013  ,  3.4
22_Jun_2013  ,  3.4
21_Jun_2013  ,  3.526
20_Jun_2013  ,  3.5
19_Jun_2013  ,  3.4
18_Jun_2013  ,  3.526
17_Jun_2013  ,  3.5
16_Jun_2013  ,  3.485
15_Jun_2013  ,  3.485
14_Jun_2013  ,  3.485
13_Jun_2013  ,  3.35
12_Jun_2013  ,  3.35
11_Jun_2013  ,  3.3
10_Jun_2013  ,  3.219
8_Jun_2013  ,  3.299
7_Jun_2013  ,  3.299
6_Jun_2013  ,  3.195
5_Jun_2013  ,  3.224
4_Jun_2013  ,  3.201
3_Jun_2013  ,  3.25
1_Jun_2013  ,  3.203
31_May_2013  ,  3.203
30_May_2013  ,  3.222
29_May_2013  ,  3.3
28_May_2013  ,  3.253
27_May_2013  ,  3.313
25_May_2013  ,  3.205
24_May_2013  ,  3.205
23_May_2013  ,  3.205
22_May_2013  ,  3.205
21_May_2013  ,  3.106
20_May_2013  ,  3.106
18_May_2013  ,  3.15
17_May_2013  ,  3.15
16_May_2013  ,  3.133
15_May_2013  ,  3.15
14_May_2013  ,  3.15
13_May_2013  ,  3.055
11_May_2013  ,  3.08
10_May_2013  ,  3.08
9_May_2013  ,  3.15
8_May_2013  ,  3.15
7_May_2013  ,  3.205
6_May_2013  ,  3.202
4_May_2013  ,  3.191
3_May_2013  ,  3.189
2_May_2013  ,  3.12
1_May_2013  ,  3.157
30_Apr_2013  ,  3.177
29_Apr_2013  ,  3.2
27_Apr_2013  ,  3.145
26_Apr_2013  ,  3.145
25_Apr_2013  ,  3.25
24_Apr_2013  ,  3.146
23_Apr_2013  ,  3.149
22_Apr_2013  ,  3.162
20_Apr_2013  ,  3.3
19_Apr_2013  ,  3.3
18_Apr_2013  ,  3.3
17_Apr_2013  ,  3.192
16_Apr_2013  ,  3.3
15_Apr_2013  ,  3.299
13_Apr_2013  ,  3.3
12_Apr_2013  ,  3.3
11_Apr_2013  ,  3.3
10_Apr_2013  ,  3.294
9_Apr_2013  ,  3.344
8_Apr_2013  ,  3.344
6_Apr_2013  ,  3.4
5_Apr_2013  ,  3.4
4_Apr_2013  ,  3.45
3_Apr_2013  ,  3.45
2_Apr_2013  ,  3.45
30_Mar_2013  ,  3.45
29_Mar_2013  ,  3.45
28_Mar_2013  ,  3.45
27_Mar_2013  ,  3.45
26_Mar_2013  ,  3.383
25_Mar_2013  ,  3.447
23_Mar_2013  ,  3.41
22_Mar_2013  ,  3.447
21_Mar_2013  ,  3.41
20_Mar_2013  ,  3.421
19_Mar_2013  ,  3.499
18_Mar_2013  ,  3.484
17_Mar_2013  ,  3.484
16_Mar_2013  ,  3.484
15_Mar_2013  ,  3.484
14_Mar_2013  ,  3.499
13_Mar_2013  ,  3.436
12_Mar_2013  ,  3.484
11_Mar_2013  ,  3.417
9_Mar_2013  ,  3.454
8_Mar_2013  ,  3.454
7_Mar_2013  ,  3.499
6_Mar_2013  ,  3.484
5_Mar_2013  ,  3.454
4_Mar_2013  ,  3.367
2_Mar_2013  ,  3.5
1_Mar_2013  ,  3.5
28_Feb_2013  ,  3.445
27_Feb_2013  ,  3.499
26_Feb_2013  ,  3.452
25_Feb_2013  ,  3.4
23_Feb_2013  ,  3.512
22_Feb_2013  ,  3.512
21_Feb_2013  ,  3.454
20_Feb_2013  ,  3.049
19_Feb_2013  ,  3.049
18_Feb_2013  ,  3.049
17_Feb_2013  ,  3.049
16_Feb_2013  ,  3.049
15_Feb_2013  ,  3.049
14_Feb_2013  ,  3.049
13_Feb_2013  ,  3.049
12_Feb_2013  ,  2.986
11_Feb_2013  ,  3.043
10_Feb_2013  ,  2.997
9_Feb_2013  ,  2.997
8_Feb_2013  ,  2.997
7_Feb_2013  ,  3.15
6_Feb_2013  ,  3.15
5_Feb_2013  ,  3.034
4_Feb_2013  ,  3.034
2_Feb_2013  ,  3.034
1_Feb_2013  ,  3.034
31_Jan_2013  ,  2.967
30_Jan_2013  ,  3.002
29_Jan_2013  ,  2.917
28_Jan_2013  ,  2.917
26_Jan_2013  ,  2.978
25_Jan_2013  ,  2.978
24_Jan_2013  ,  2.948
23_Jan_2013  ,  2.916
22_Jan_2013  ,  2.984
21_Jan_2013  ,  2.967
19_Jan_2013  ,  2.933
18_Jan_2013  ,  2.933
17_Jan_2013  ,  2.981
16_Jan_2013  ,  3.111
15_Jan_2013  ,  3.249
14_Jan_2013  ,  3.161
13_Jan_2013  ,  3.211
12_Jan_2013  ,  3.211
11_Jan_2013  ,  3.211
10_Jan_2013  ,  3.262
9_Jan_2013  ,  3.262
8_Jan_2013  ,  3.3
7_Jan_2013  ,  3.5
5_Jan_2013  ,  3.364
4_Jan_2013  ,  3.364
3_Jan_2013  ,  3.364
2_Jan_2013  ,  3.424
1_Jan_2013  ,  3.45
31_Dec_2012  ,  3.45
30_Dec_2012  ,  3.431
29_Dec_2012  ,  3.431
28_Dec_2012  ,  3.431
27_Dec_2012  ,  3.42
26_Dec_2012  ,  3.499
25_Dec_2012  ,  3.499
24_Dec_2012  ,  3.499
23_Dec_2012  ,  3.499
22_Dec_2012  ,  3.499
21_Dec_2012  ,  3.499
20_Dec_2012  ,  3.5
19_Dec_2012  ,  3.5
18_Dec_2012  ,  3.5
17_Dec_2012  ,  3.5
15_Dec_2012  ,  3.451
14_Dec_2012  ,  3.451
13_Dec_2012  ,  3.45
12_Dec_2012  ,  3.45
11_Dec_2012  ,  3.437
10_Dec_2012  ,  3.404
8_Dec_2012  ,  3.449
7_Dec_2012  ,  3.449
6_Dec_2012  ,  3.441
5_Dec_2012  ,  3.503
4_Dec_2012  ,  3.432
3_Dec_2012  ,  3.45
1_Dec_2012  ,  3.477
30_Nov_2012  ,  3.477
29_Nov_2012  ,  3.499
28_Nov_2012  ,  3.528
27_Nov_2012  ,  3.5
26_Nov_2012  ,  3.466
24_Nov_2012  ,  3.45
23_Nov_2012  ,  3.425
22_Nov_2012  ,  3.428
21_Nov_2012  ,  3.45
20_Nov_2012  ,  3.436
19_Nov_2012  ,  3.451
17_Nov_2012  ,  3.35
16_Nov_2012  ,  3.35
15_Nov_2012  ,  3.35
14_Nov_2012  ,  3.415
13_Nov_2012  ,  3.3
12_Nov_2012  ,  3.329
10_Nov_2012  ,  3.315
9_Nov_2012  ,  3.315
8_Nov_2012  ,  3.25
7_Nov_2012  ,  3.25
6_Nov_2012  ,  3.25
5_Nov_2012  ,  3.351
3_Nov_2012  ,  3.25
2_Nov_2012  ,  3.25
1_Nov_2012  ,  3.25
31_Oct_2012  ,  3.244
30_Oct_2012  ,  3.309
29_Oct_2012  ,  3.252
27_Oct_2012  ,  3.269
26_Oct_2012  ,  3.269
25_Oct_2012  ,  3.269
24_Oct_2012  ,  3.287
23_Oct_2012  ,  3.295
22_Oct_2012  ,  3.3
19_Oct_2012  ,  3.3
18_Oct_2012  ,  3.35
17_Oct_2012  ,  3.342
16_Oct_2012  ,  3.402
15_Oct_2012  ,  3.45
13_Oct_2012  ,  3.55
12_Oct_2012  ,  3.45
11_Oct_2012  ,  3.468
10_Oct_2012  ,  3.41
9_Oct_2012  ,  3.462
8_Oct_2012  ,  3.477
6_Oct_2012  ,  3.563
5_Oct_2012  ,  3.563
4_Oct_2012  ,  3.549
3_Oct_2012  ,  3.555
2_Oct_2012  ,  3.55
1_Oct_2012  ,  3.569
29_Sep_2012  ,  3.683
28_Sep_2012  ,  3.591
27_Sep_2012  ,  3.618
26_Sep_2012  ,  3.65
25_Sep_2012  ,  3.65
24_Sep_2012  ,  3.85
23_Sep_2012  ,  3.85
22_Sep_2012  ,  3.85
21_Sep_2012  ,  3.85
20_Sep_2012  ,  3.734
19_Sep_2012  ,  3.85
18_Sep_2012  ,  3.812
17_Sep_2012  ,  3.855
15_Sep_2012  ,  3.85
14_Sep_2012  ,  3.9
13_Sep_2012  ,  3.9
12_Sep_2012  ,  3.92
11_Sep_2012  ,  3.906
10_Sep_2012  ,  3.941
8_Sep_2012  ,  4.0
7_Sep_2012  ,  4.0
6_Sep_2012  ,  4.0
5_Sep_2012  ,  4.0
4_Sep_2012  ,  4.0
3_Sep_2012  ,  4.0
1_Sep_2012  ,  4.0
31_Aug_2012  ,  4.0
30_Aug_2012  ,  3.875
29_Aug_2012  ,  4.15
28_Aug_2012  ,  4.15
27_Aug_2012  ,  4.04
25_Aug_2012  ,  4.15
24_Aug_2012  ,  4.15
23_Aug_2012  ,  4.2
22_Aug_2012  ,  4.045
21_Aug_2012  ,  4.058
20_Aug_2012  ,  4.095
18_Aug_2012  ,  4.074
17_Aug_2012  ,  4.074
16_Aug_2012  ,  4.15
15_Aug_2012  ,  4.137
14_Aug_2012  ,  4.45
13_Aug_2012  ,  4.251
11_Aug_2012  ,  4.4
10_Aug_2012  ,  4.4
9_Aug_2012  ,  4.314
8_Aug_2012  ,  4.556
7_Aug_2012  ,  4.5
6_Aug_2012  ,  4.55
5_Aug_2012  ,  4.445
4_Aug_2012  ,  4.445
3_Aug_2012  ,  4.445
2_Aug_2012  ,  4.474
1_Aug_2012  ,  4.55
31_Jul_2012  ,  4.688
30_Jul_2012  ,  4.65
28_Jul_2012  ,  4.566
27_Jul_2012  ,  4.566
26_Jul_2012  ,  4.512
25_Jul_2012  ,  4.544
24_Jul_2012  ,  4.65
23_Jul_2012  ,  4.702
21_Jul_2012  ,  4.751
20_Jul_2012  ,  4.751
19_Jul_2012  ,  4.801
18_Jul_2012  ,  4.538
17_Jul_2012  ,  4.739
16_Jul_2012  ,  4.796
14_Jul_2012  ,  5.162
13_Jul_2012  ,  5.162
12_Jul_2012  ,  5.176
11_Jul_2012  ,  5.25
10_Jul_2012  ,  5.1
9_Jul_2012  ,  5.407
8_Jul_2012  ,  5.25
7_Jul_2012  ,  5.25
6_Jul_2012  ,  5.25
5_Jul_2012  ,  5.25
4_Jul_2012  ,  5.082
3_Jul_2012  ,  5.15
2_Jul_2012  ,  5.22
1_Jul_2012  ,  5.41
30_Jun_2012  ,  5.41
29_Jun_2012  ,  5.41
28_Jun_2012  ,  5.25
27_Jun_2012  ,  5.209
26_Jun_2012  ,  5.07
25_Jun_2012  ,  4.996
24_Jun_2012  ,  5.201
22_Jun_2012  ,  5.201
21_Jun_2012  ,  5.007
20_Jun_2012  ,  5.412
19_Jun_2012  ,  5.178
18_Jun_2012  ,  5.15
17_Jun_2012  ,  5.25
16_Jun_2012  ,  5.2
15_Jun_2012  ,  5.25
14_Jun_2012  ,  5.2
13_Jun_2012  ,  5.185
12_Jun_2012  ,  5.25
11_Jun_2012  ,  5.132
10_Jun_2012  ,  5.417
8_Jun_2012  ,  5.154
7_Jun_2012  ,  5.418
6_Jun_2012  ,  5.419
5_Jun_2012  ,  5.419
4_Jun_2012  ,  5.182
3_Jun_2012  ,  5.249
1_Jun_2012  ,  5.251
31_May_2012  ,  5.251
30_May_2012  ,  5.15
29_May_2012  ,  5.203
28_May_2012  ,  5.093
27_May_2012  ,  5.425
26_May_2012  ,  5.244
25_May_2012  ,  5.293
24_May_2012  ,  5.425
23_May_2012  ,  5.425
22_May_2012  ,  5.244
21_May_2012  ,  5.293
20_May_2012  ,  5.425
19_May_2012  ,  5.426
18_May_2012  ,  5.271
17_May_2012  ,  5.426
16_May_2012  ,  5.219
15_May_2012  ,  5.427
14_May_2012  ,  5.212
13_May_2012  ,  5.428
11_May_2012  ,  5.428
10_May_2012  ,  5.25
9_May_2012  ,  5.43
8_May_2012  ,  5.27
7_May_2012  ,  5.192
6_May_2012  ,  5.25
5_May_2012  ,  5.25
4_May_2012  ,  5.25
3_May_2012  ,  5.269
2_May_2012  ,  5.25
1_May_2012  ,  5.433
30_Apr_2012  ,  5.433
29_Apr_2012  ,  5.433
27_Apr_2012  ,  5.434
26_Apr_2012  ,  5.271
25_Apr_2012  ,  5.158
24_Apr_2012  ,  5.435
23_Apr_2012  ,  5.257
22_Apr_2012  ,  5.27
21_Apr_2012  ,  5.27
20_Apr_2012  ,  5.272
19_Apr_2012  ,  5.437
18_Apr_2012  ,  5.263
17_Apr_2012  ,  5.264
16_Apr_2012  ,  5.274
15_Apr_2012  ,  5.274
14_Apr_2012  ,  5.269
13_Apr_2012  ,  5.441
12_Apr_2012  ,  5.274
11_Apr_2012  ,  5.269
10_Apr_2012  ,  5.441
9_Apr_2012  ,  5.269
8_Apr_2012  ,  5.441
7_Apr_2012  ,  5.441
6_Apr_2012  ,  5.441
5_Apr_2012  ,  5.336
4_Apr_2012  ,  5.337
3_Apr_2012  ,  5.032
2_Apr_2012  ,  4.954
1_Apr_2012  ,  4.953
31_Mar_2012  ,  4.954
30_Mar_2012  ,  4.958
29_Mar_2012  ,  5.0
28_Mar_2012  ,  5.129
27_Mar_2012  ,  5.13
26_Mar_2012  ,  4.981
25_Mar_2012  ,  5.0
24_Mar_2012  ,  4.964
23_Mar_2012  ,  5.0
22_Mar_2012  ,  4.964
21_Mar_2012  ,  5.0
20_Mar_2012  ,  5.188
19_Mar_2012  ,  4.96
18_Mar_2012  ,  4.94
17_Mar_2012  ,  5.0
16_Mar_2012  ,  4.94
15_Mar_2012  ,  5.0
14_Mar_2012  ,  5.0
13_Mar_2012  ,  5.345
12_Mar_2012  ,  4.994
11_Mar_2012  ,  5.006
10_Mar_2012  ,  4.998
9_Mar_2012  ,  5.006
8_Mar_2012  ,  4.998
7_Mar_2012  ,  5.057
6_Mar_2012  ,  5.1
5_Mar_2012  ,  5.157
4_Mar_2012  ,  5.131
3_Mar_2012  ,  5.125
2_Mar_2012  ,  5.131
1_Mar_2012  ,  5.125
29_Feb_2012  ,  5.124
28_Feb_2012  ,  5.15
27_Feb_2012  ,  5.16
25_Feb_2012  ,  5.168
24_Feb_2012  ,  5.168
23_Feb_2012  ,  5.2
22_Feb_2012  ,  5.25
21_Feb_2012  ,  5.353
20_Feb_2012  ,  5.132
19_Feb_2012  ,  5.2
18_Feb_2012  ,  5.2
17_Feb_2012  ,  5.2
16_Feb_2012  ,  5.288
15_Feb_2012  ,  5.355
14_Feb_2012  ,  5.356
13_Feb_2012  ,  5.156
10_Feb_2012  ,  5.357
9_Feb_2012  ,  5.166
8_Feb_2012  ,  5.25
7_Feb_2012  ,  5.25
6_Feb_2012  ,  5.25
3_Feb_2012  ,  5.359
2_Feb_2012  ,  5.25
1_Feb_2012  ,  5.361
31_Jan_2012  ,  5.264
30_Jan_2012  ,  5.254
27_Jan_2012  ,  5.233
26_Jan_2012  ,  5.3
25_Jan_2012  ,  5.3
24_Jan_2012  ,  5.344
23_Jan_2012  ,  5.258
20_Jan_2012  ,  5.256
19_Jan_2012  ,  5.288
18_Jan_2012  ,  5.36
17_Jan_2012  ,  5.558
16_Jan_2012  ,  5.289
13_Jan_2012  ,  5.3
12_Jan_2012  ,  5.116
11_Jan_2012  ,  5.131
10_Jan_2012  ,  5.169
9_Jan_2012  ,  5.4
6_Jan_2012  ,  5.276
5_Jan_2012  ,  5.3
4_Jan_2012  ,  5.22
3_Jan_2012  ,  5.239
2_Jan_2012  ,  5.241
30_Dec_2011  ,  5.241
29_Dec_2011  ,  5.282
28_Dec_2011  ,  5.35
27_Dec_2011  ,  5.3
23_Dec_2011  ,  5.275
22_Dec_2011  ,  5.35
21_Dec_2011  ,  5.299
20_Dec_2011  ,  5.269
19_Dec_2011  ,  5.21
16_Dec_2011  ,  5.295
15_Dec_2011  ,  5.3
14_Dec_2011  ,  5.279
13_Dec_2011  ,  5.3
12_Dec_2011  ,  5.335
9_Dec_2011  ,  5.35
8_Dec_2011  ,  5.333
7_Dec_2011  ,  5.28
6_Dec_2011  ,  5.3
5_Dec_2011  ,  5.355
2_Dec_2011  ,  5.269
1_Dec_2011  ,  5.228
30_Nov_2011  ,  5.3
29_Nov_2011  ,  5.323
28_Nov_2011  ,  5.18
25_Nov_2011  ,  5.225
24_Nov_2011  ,  5.4
23_Nov_2011  ,  5.171
22_Nov_2011  ,  5.18
21_Nov_2011  ,  5.213
18_Nov_2011  ,  5.2
17_Nov_2011  ,  5.17
16_Nov_2011  ,  5.186
15_Nov_2011  ,  5.2
14_Nov_2011  ,  5.178
11_Nov_2011  ,  5.155
10_Nov_2011  ,  5.176
9_Nov_2011  ,  5.2
8_Nov_2011  ,  5.25
7_Nov_2011  ,  5.199
4_Nov_2011  ,  5.17
3_Nov_2011  ,  5.2
2_Nov_2011  ,  5.175
1_Nov_2011  ,  5.4
31_Oct_2011  ,  5.214
28_Oct_2011  ,  5.2
27_Oct_2011  ,  5.17
26_Oct_2011  ,  5.229
25_Oct_2011  ,  5.25
24_Oct_2011  ,  5.174
21_Oct_2011  ,  5.28
20_Oct_2011  ,  5.28
19_Oct_2011  ,  5.236
18_Oct_2011  ,  5.265
17_Oct_2011  ,  5.214
14_Oct_2011  ,  5.201
13_Oct_2011  ,  5.43
12_Oct_2011  ,  5.371
11_Oct_2011  ,  5.516
10_Oct_2011  ,  5.349
7_Oct_2011  ,  5.255
6_Oct_2011  ,  5.261
5_Oct_2011  ,  5.25
4_Oct_2011  ,  5.25
3_Oct_2011  ,  5.098
30_Sep_2011  ,  5.173
29_Sep_2011  ,  5.354
28_Sep_2011  ,  5.202
27_Sep_2011  ,  5.363
26_Sep_2011  ,  5.185
23_Sep_2011  ,  5.195
22_Sep_2011  ,  5.15
21_Sep_2011  ,  5.195
20_Sep_2011  ,  5.15
19_Sep_2011  ,  5.365
16_Sep_2011  ,  5.366
15_Sep_2011  ,  5.14
14_Sep_2011  ,  5.119
13_Sep_2011  ,  5.251
12_Sep_2011  ,  5.202
9_Sep_2011  ,  5.205
8_Sep_2011  ,  5.205
7_Sep_2011  ,  5.189
6_Sep_2011  ,  5.29
5_Sep_2011  ,  5.325
2_Sep_2011  ,  5.29
1_Sep_2011  ,  5.325
31_Aug_2011  ,  5.325
30_Aug_2011  ,  5.325
29_Aug_2011  ,  5.204
26_Aug_2011  ,  5.101
25_Aug_2011  ,  5.158
24_Aug_2011  ,  5.324
23_Aug_2011  ,  5.162
22_Aug_2011  ,  5.181
19_Aug_2011  ,  5.204
18_Aug_2011  ,  5.249
17_Aug_2011  ,  5.25
16_Aug_2011  ,  5.237
15_Aug_2011  ,  5.221
12_Aug_2011  ,  5.246
11_Aug_2011  ,  5.251
10_Aug_2011  ,  5.27
9_Aug_2011  ,  5.289
8_Aug_2011  ,  5.361
5_Aug_2011  ,  5.362
4_Aug_2011  ,  5.362
3_Aug_2011  ,  5.363
2_Aug_2011  ,  5.244
1_Aug_2011  ,  5.229
29_Jul_2011  ,  5.366
28_Jul_2011  ,  5.21
27_Jul_2011  ,  5.23
26_Jul_2011  ,  5.239
25_Jul_2011  ,  5.254
22_Jul_2011  ,  5.366
21_Jul_2011  ,  5.25
20_Jul_2011  ,  5.258
19_Jul_2011  ,  5.235
18_Jul_2011  ,  5.244
15_Jul_2011  ,  5.274
14_Jul_2011  ,  5.254
13_Jul_2011  ,  5.26
12_Jul_2011  ,  5.276
11_Jul_2011  ,  5.276
8_Jul_2011  ,  5.251
7_Jul_2011  ,  5.272
6_Jul_2011  ,  5.273
5_Jul_2011  ,  5.239
4_Jul_2011  ,  5.239
1_Jul_2011  ,  5.306
30_Jun_2011  ,  5.256
29_Jun_2011  ,  5.29
28_Jun_2011  ,  5.239
27_Jun_2011  ,  5.243
24_Jun_2011  ,  5.379
23_Jun_2011  ,  6.12
22_Jun_2011  ,  5.251
21_Jun_2011  ,  5.378
20_Jun_2011  ,  5.372
17_Jun_2011  ,  6.122
16_Jun_2011  ,  5.262
15_Jun_2011  ,  5.26
14_Jun_2011  ,  5.25
13_Jun_2011  ,  5.254
10_Jun_2011  ,  5.162
9_Jun_2011  ,  5.23
8_Jun_2011  ,  5.298
7_Jun_2011  ,  5.33
6_Jun_2011  ,  5.278
3_Jun_2011  ,  5.285
2_Jun_2011  ,  5.3
1_Jun_2011  ,  5.209
31_May_2011  ,  5.271
30_May_2011  ,  5.247
27_May_2011  ,  5.261
26_May_2011  ,  5.197
25_May_2011  ,  5.251
24_May_2011  ,  5.251
23_May_2011  ,  5.289
20_May_2011  ,  5.251
19_May_2011  ,  5.289
18_May_2011  ,  5.32
17_May_2011  ,  5.262
16_May_2011  ,  5.236
13_May_2011  ,  5.363
12_May_2011  ,  5.363
11_May_2011  ,  5.25
10_May_2011  ,  5.247
9_May_2011  ,  5.242
6_May_2011  ,  5.197
5_May_2011  ,  5.197
4_May_2011  ,  5.368
3_May_2011  ,  5.288
2_May_2011  ,  5.24
29_Apr_2011  ,  5.185
28_Apr_2011  ,  5.22
27_Apr_2011  ,  5.348
26_Apr_2011  ,  5.249
21_Apr_2011  ,  5.239
20_Apr_2011  ,  5.212
19_Apr_2011  ,  5.305
18_Apr_2011  ,  5.305
15_Apr_2011  ,  5.305
14_Apr_2011  ,  5.306
13_Apr_2011  ,  5.2
12_Apr_2011  ,  5.222
11_Apr_2011  ,  5.373
8_Apr_2011  ,  5.358
7_Apr_2011  ,  5.261
6_Apr_2011  ,  5.223
5_Apr_2011  ,  5.239
4_Apr_2011  ,  5.239
1_Apr_2011  ,  5.212
31_Mar_2011  ,  5.36
30_Mar_2011  ,  5.335
29_Mar_2011  ,  5.352
28_Mar_2011  ,  5.25
25_Mar_2011  ,  5.247
24_Mar_2011  ,  5.297
23_Mar_2011  ,  5.297
22_Mar_2011  ,  5.314
21_Mar_2011  ,  5.3
18_Mar_2011  ,  5.217
17_Mar_2011  ,  5.33
16_Mar_2011  ,  5.223
15_Mar_2011  ,  5.235
14_Mar_2011  ,  5.33
11_Mar_2011  ,  5.33
10_Mar_2011  ,  5.304
9_Mar_2011  ,  5.319
8_Mar_2011  ,  5.33
7_Mar_2011  ,  5.346
4_Mar_2011  ,  5.353
3_Mar_2011  ,  5.347
2_Mar_2011  ,  5.353
1_Mar_2011  ,  5.347
28_Feb_2011  ,  5.347
25_Feb_2011  ,  5.386
24_Feb_2011  ,  5.386
23_Feb_2011  ,  5.386
22_Feb_2011  ,  5.386
21_Feb_2011  ,  5.303
18_Feb_2011  ,  5.386
17_Feb_2011  ,  5.355
16_Feb_2011  ,  5.385
15_Feb_2011  ,  5.403
14_Feb_2011  ,  5.385
11_Feb_2011  ,  5.385
10_Feb_2011  ,  5.385
9_Feb_2011  ,  5.394
8_Feb_2011  ,  5.386
7_Feb_2011  ,  5.456
4_Feb_2011  ,  5.389
3_Feb_2011  ,  5.47
2_Feb_2011  ,  5.389
1_Feb_2011  ,  5.384
31_Jan_2011  ,  5.55
28_Jan_2011  ,  5.361
27_Jan_2011  ,  5.558
26_Jan_2011  ,  5.455
25_Jan_2011  ,  5.401
24_Jan_2011  ,  5.558
21_Jan_2011  ,  5.455
20_Jan_2011  ,  5.576
19_Jan_2011  ,  5.955
18_Jan_2011  ,  5.657
17_Jan_2011  ,  5.956
14_Jan_2011  ,  5.709
13_Jan_2011  ,  5.405
12_Jan_2011  ,  5.428
11_Jan_2011  ,  5.653
10_Jan_2011  ,  5.44
7_Jan_2011  ,  5.425
6_Jan_2011  ,  5.63
5_Jan_2011  ,  5.46
4_Jan_2011  ,  5.446
3_Jan_2011  ,  5.473
31_Dec_2010  ,  5.775
30_Dec_2010  ,  5.775
29_Dec_2010  ,  5.832
28_Dec_2010  ,  5.702
27_Dec_2010  ,  5.615
24_Dec_2010  ,  5.69
23_Dec_2010  ,  5.69
22_Dec_2010  ,  5.403
21_Dec_2010  ,  5.403
20_Dec_2010  ,  5.396
17_Dec_2010  ,  5.402
16_Dec_2010  ,  5.479
15_Dec_2010  ,  5.485
14_Dec_2010  ,  5.49
13_Dec_2010  ,  5.454
10_Dec_2010  ,  5.478
9_Dec_2010  ,  5.791
8_Dec_2010  ,  6.127
7_Dec_2010  ,  5.552
6_Dec_2010  ,  5.531
3_Dec_2010  ,  5.907
2_Dec_2010  ,  5.906
1_Dec_2010  ,  5.7
30_Nov_2010  ,  5.631
29_Nov_2010  ,  5.591
26_Nov_2010  ,  5.586
25_Nov_2010  ,  5.578
24_Nov_2010  ,  5.567
23_Nov_2010  ,  5.756
22_Nov_2010  ,  5.507
19_Nov_2010  ,  5.525
18_Nov_2010  ,  5.552
17_Nov_2010  ,  5.555
16_Nov_2010  ,  5.577
15_Nov_2010  ,  5.619
12_Nov_2010  ,  5.603
11_Nov_2010  ,  5.58
10_Nov_2010  ,  5.577
9_Nov_2010  ,  5.57
8_Nov_2010  ,  5.588
5_Nov_2010  ,  5.626
4_Nov_2010  ,  5.617
3_Nov_2010  ,  5.62
2_Nov_2010  ,  5.632
1_Nov_2010  ,  5.618
29_Oct_2010  ,  5.93
28_Oct_2010  ,  5.667
27_Oct_2010  ,  5.669
26_Oct_2010  ,  5.653
25_Oct_2010  ,  5.641
22_Oct_2010  ,  5.641
21_Oct_2010  ,  5.65
20_Oct_2010  ,  5.62
19_Oct_2010  ,  5.642
18_Oct_2010  ,  5.634
15_Oct_2010  ,  5.89
14_Oct_2010  ,  5.677
13_Oct_2010  ,  5.679
12_Oct_2010  ,  5.684
11_Oct_2010  ,  5.664
8_Oct_2010  ,  5.7
7_Oct_2010  ,  5.701
6_Oct_2010  ,  5.725
5_Oct_2010  ,  5.734
4_Oct_2010  ,  5.722
1_Oct_2010  ,  5.768
30_Sep_2010  ,  5.761
29_Sep_2010  ,  5.936
28_Sep_2010  ,  5.771
27_Sep_2010  ,  5.719
24_Sep_2010  ,  5.726
23_Sep_2010  ,  5.702
22_Sep_2010  ,  5.742
21_Sep_2010  ,  5.742
20_Sep_2010  ,  5.809
17_Sep_2010  ,  6.096
16_Sep_2010  ,  6.095
15_Sep_2010  ,  5.86
14_Sep_2010  ,  6.029
13_Sep_2010  ,  6.096
10_Sep_2010  ,  6.097
9_Sep_2010  ,  6.198
8_Sep_2010  ,  5.85
7_Sep_2010  ,  5.772
6_Sep_2010  ,  5.821
3_Sep_2010  ,  5.821
2_Sep_2010  ,  5.785
1_Sep_2010  ,  5.732
31_Aug_2010  ,  5.679
30_Aug_2010  ,  5.704
27_Aug_2010  ,  5.73
26_Aug_2010  ,  5.694
25_Aug_2010  ,  5.699
24_Aug_2010  ,  5.717
23_Aug_2010  ,  5.766
20_Aug_2010  ,  5.797
19_Aug_2010  ,  5.79
18_Aug_2010  ,  5.812
17_Aug_2010  ,  5.824
16_Aug_2010  ,  5.797
13_Aug_2010  ,  5.817
12_Aug_2010  ,  6.069
11_Aug_2010  ,  6.091
10_Aug_2010  ,  6.091
9_Aug_2010  ,  6.199
6_Aug_2010  ,  6.297
5_Aug_2010  ,  6.296
4_Aug_2010  ,  6.192
3_Aug_2010  ,  6.205
2_Aug_2010  ,  6.289
30_Jul_2010  ,  6.261
29_Jul_2010  ,  6.296
28_Jul_2010  ,  6.114
27_Jul_2010  ,  6.318
26_Jul_2010  ,  6.418
23_Jul_2010  ,  6.384
22_Jul_2010  ,  6.301
21_Jul_2010  ,  6.508
20_Jul_2010  ,  5.508
19_Jul_2010  ,  6.506
16_Jul_2010  ,  6.02
15_Jul_2010  ,  6.507
14_Jul_2010  ,  6.491
13_Jul_2010  ,  6.579
12_Jul_2010  ,  6.54
9_Jul_2010  ,  6.592
8_Jul_2010  ,  6.607
7_Jul_2010  ,  6.607
6_Jul_2010  ,  6.589
5_Jul_2010  ,  6.575
2_Jul_2010  ,  6.301
1_Jul_2010  ,  6.568
30_Jun_2010  ,  6.301
29_Jun_2010  ,  6.302
28_Jun_2010  ,  6.62
25_Jun_2010  ,  6.834
24_Jun_2010  ,  6.832
23_Jun_2010  ,  6.474
22_Jun_2010  ,  6.849
21_Jun_2010  ,  6.554
18_Jun_2010  ,  6.606
17_Jun_2010  ,  6.606
16_Jun_2010  ,  6.4
15_Jun_2010  ,  6.612
14_Jun_2010  ,  6.731
11_Jun_2010  ,  6.973
10_Jun_2010  ,  6.532
9_Jun_2010  ,  6.449
8_Jun_2010  ,  6.453
7_Jun_2010  ,  6.465
4_Jun_2010  ,  6.42
3_Jun_2010  ,  6.63
2_Jun_2010  ,  6.41
1_Jun_2010  ,  6.456
31_May_2010  ,  6.156
28_May_2010  ,  6.399
27_May_2010  ,  6.414
26_May_2010  ,  6.393
25_May_2010  ,  6.382
24_May_2010  ,  6.52
21_May_2010  ,  6.52
20_May_2010  ,  6.613
19_May_2010  ,  6.62
18_May_2010  ,  6.62
17_May_2010  ,  6.62
14_May_2010  ,  6.73
13_May_2010  ,  6.657
12_May_2010  ,  6.62
11_May_2010  ,  6.731
10_May_2010  ,  6.866
7_May_2010  ,  7.011
6_May_2010  ,  6.4
5_May_2010  ,  7.011
4_May_2010  ,  6.4
3_May_2010  ,  6.368
30_Apr_2010  ,  6.37
29_Apr_2010  ,  6.253
28_Apr_2010  ,  6.069
27_Apr_2010  ,  6.394
26_Apr_2010  ,  6.076
