26_Jun_2018  ,  2.196
25_Jun_2018  ,  2.202
23_Jun_2018  ,  2.212
22_Jun_2018  ,  2.212
21_Jun_2018  ,  2.196
20_Jun_2018  ,  2.188
19_Jun_2018  ,  2.164
18_Jun_2018  ,  2.143
17_Jun_2018  ,  2.108
16_Jun_2018  ,  2.127
15_Jun_2018  ,  2.108
14_Jun_2018  ,  2.127
13_Jun_2018  ,  2.128
12_Jun_2018  ,  2.119
11_Jun_2018  ,  2.122
9_Jun_2018  ,  2.05
8_Jun_2018  ,  2.05
7_Jun_2018  ,  2.057
6_Jun_2018  ,  2.029
5_Jun_2018  ,  1.978
4_Jun_2018  ,  1.942
3_Jun_2018  ,  1.944
1_Jun_2018  ,  1.944
31_May_2018  ,  1.941
30_May_2018  ,  1.95
29_May_2018  ,  1.957
28_May_2018  ,  1.966
27_May_2018  ,  1.967
25_May_2018  ,  1.967
24_May_2018  ,  1.971
23_May_2018  ,  1.977
22_May_2018  ,  1.97
21_May_2018  ,  1.949
20_May_2018  ,  1.876
18_May_2018  ,  1.873
17_May_2018  ,  1.875
16_May_2018  ,  1.857
15_May_2018  ,  1.889
14_May_2018  ,  1.86
13_May_2018  ,  1.847
11_May_2018  ,  1.847
10_May_2018  ,  1.852
9_May_2018  ,  1.843
8_May_2018  ,  1.761
7_May_2018  ,  1.729
4_May_2018  ,  1.743
3_May_2018  ,  1.718
2_May_2018  ,  1.747
1_May_2018  ,  1.744
30_Apr_2018  ,  1.73
27_Apr_2018  ,  1.734
26_Apr_2018  ,  1.772
25_Apr_2018  ,  1.771
24_Apr_2018  ,  1.751
23_Apr_2018  ,  1.742
20_Apr_2018  ,  1.745
19_Apr_2018  ,  1.726
18_Apr_2018  ,  1.725
17_Apr_2018  ,  1.743
16_Apr_2018  ,  1.816
14_Apr_2018  ,  1.779
13_Apr_2018  ,  1.779
12_Apr_2018  ,  1.767
11_Apr_2018  ,  1.775
10_Apr_2018  ,  1.78
9_Apr_2018  ,  1.785
6_Apr_2018  ,  1.833
5_Apr_2018  ,  1.844
4_Apr_2018  ,  1.832
3_Apr_2018  ,  1.857
30_Mar_2018  ,  1.872
29_Mar_2018  ,  1.886
28_Mar_2018  ,  1.905
27_Mar_2018  ,  1.901
26_Mar_2018  ,  1.912
24_Mar_2018  ,  1.924
23_Mar_2018  ,  1.924
22_Mar_2018  ,  1.917
21_Mar_2018  ,  1.961
20_Mar_2018  ,  1.953
19_Mar_2018  ,  1.964
16_Mar_2018  ,  1.926
15_Mar_2018  ,  1.916
14_Mar_2018  ,  1.918
13_Mar_2018  ,  1.913
12_Mar_2018  ,  1.931
9_Mar_2018  ,  1.935
8_Mar_2018  ,  1.94
7_Mar_2018  ,  1.944
6_Mar_2018  ,  1.956
5_Mar_2018  ,  1.898
2_Mar_2018  ,  1.897
1_Mar_2018  ,  1.899
28_Feb_2018  ,  1.922
27_Feb_2018  ,  1.921
26_Feb_2018  ,  1.912
23_Feb_2018  ,  1.838
22_Feb_2018  ,  1.831
21_Feb_2018  ,  1.836
20_Feb_2018  ,  1.869
19_Feb_2018  ,  1.835
18_Feb_2018  ,  1.835
16_Feb_2018  ,  1.835
15_Feb_2018  ,  1.834
14_Feb_2018  ,  1.833
13_Feb_2018  ,  1.832
12_Feb_2018  ,  1.832
9_Feb_2018  ,  1.831
8_Feb_2018  ,  1.87
7_Feb_2018  ,  1.869
6_Feb_2018  ,  1.773
5_Feb_2018  ,  1.773
2_Feb_2018  ,  1.802
1_Feb_2018  ,  1.788
31_Jan_2018  ,  1.8
30_Jan_2018  ,  1.799
29_Jan_2018  ,  1.799
26_Jan_2018  ,  1.799
25_Jan_2018  ,  1.798
24_Jan_2018  ,  1.797
23_Jan_2018  ,  1.796
22_Jan_2018  ,  1.767
19_Jan_2018  ,  1.796
18_Jan_2018  ,  1.769
17_Jan_2018  ,  1.768
16_Jan_2018  ,  1.741
15_Jan_2018  ,  1.741
12_Jan_2018  ,  1.74
11_Jan_2018  ,  1.675
10_Jan_2018  ,  1.71
9_Jan_2018  ,  1.648
8_Jan_2018  ,  1.647
7_Jan_2018  ,  1.647
5_Jan_2018  ,  1.647
4_Jan_2018  ,  1.646
3_Jan_2018  ,  1.694
2_Jan_2018  ,  1.655
1_Jan_2018  ,  1.52
29_Dec_2017  ,  1.52
28_Dec_2017  ,  1.577
27_Dec_2017  ,  1.513
26_Dec_2017  ,  1.462
25_Dec_2017  ,  1.462
22_Dec_2017  ,  1.429
21_Dec_2017  ,  1.429
20_Dec_2017  ,  1.427
19_Dec_2017  ,  1.456
18_Dec_2017  ,  1.426
16_Dec_2017  ,  1.426
15_Dec_2017  ,  1.426
14_Dec_2017  ,  1.425
13_Dec_2017  ,  1.424
12_Dec_2017  ,  1.424
11_Dec_2017  ,  1.423
8_Dec_2017  ,  1.423
7_Dec_2017  ,  1.423
6_Dec_2017  ,  1.422
5_Dec_2017  ,  1.546
4_Dec_2017  ,  1.493
2_Dec_2017  ,  1.546
1_Dec_2017  ,  1.546
30_Nov_2017  ,  1.578
29_Nov_2017  ,  1.76
28_Nov_2017  ,  1.759
27_Nov_2017  ,  1.759
24_Nov_2017  ,  1.758
23_Nov_2017  ,  1.758
22_Nov_2017  ,  1.782
21_Nov_2017  ,  1.813
20_Nov_2017  ,  1.743
17_Nov_2017  ,  1.738
16_Nov_2017  ,  1.73
15_Nov_2017  ,  1.742
14_Nov_2017  ,  1.74
13_Nov_2017  ,  1.777
10_Nov_2017  ,  1.714
9_Nov_2017  ,  1.6
8_Nov_2017  ,  1.591
7_Nov_2017  ,  1.598
6_Nov_2017  ,  1.598
3_Nov_2017  ,  1.583
2_Nov_2017  ,  1.658
1_Nov_2017  ,  1.569
31_Oct_2017  ,  1.595
30_Oct_2017  ,  1.612
29_Oct_2017  ,  1.682
27_Oct_2017  ,  1.682
26_Oct_2017  ,  1.643
25_Oct_2017  ,  1.699
24_Oct_2017  ,  1.681
23_Oct_2017  ,  1.681
22_Oct_2017  ,  1.556
20_Oct_2017  ,  1.556
19_Oct_2017  ,  1.432
18_Oct_2017  ,  1.431
17_Oct_2017  ,  1.41
16_Oct_2017  ,  1.367
13_Oct_2017  ,  1.366
12_Oct_2017  ,  1.366
11_Oct_2017  ,  1.365
10_Oct_2017  ,  1.343
9_Oct_2017  ,  1.34
6_Oct_2017  ,  1.342
5_Oct_2017  ,  1.342
4_Oct_2017  ,  1.338
3_Oct_2017  ,  1.365
2_Oct_2017  ,  1.328
29_Sep_2017  ,  1.207
28_Sep_2017  ,  1.148
27_Sep_2017  ,  1.148
26_Sep_2017  ,  1.183
25_Sep_2017  ,  1.106
22_Sep_2017  ,  1.182
21_Sep_2017  ,  1.181
20_Sep_2017  ,  1.074
19_Sep_2017  ,  1.074
18_Sep_2017  ,  1.074
15_Sep_2017  ,  0.986
14_Sep_2017  ,  0.995
13_Sep_2017  ,  0.985
12_Sep_2017  ,  0.959
11_Sep_2017  ,  0.932
8_Sep_2017  ,  0.898
7_Sep_2017  ,  0.897
6_Sep_2017  ,  0.892
5_Sep_2017  ,  0.897
4_Sep_2017  ,  0.885
1_Sep_2017  ,  0.883
31_Aug_2017  ,  0.917
30_Aug_2017  ,  0.884
29_Aug_2017  ,  0.905
28_Aug_2017  ,  0.884
25_Aug_2017  ,  0.884
24_Aug_2017  ,  0.933
23_Aug_2017  ,  0.927
22_Aug_2017  ,  0.883
21_Aug_2017  ,  0.883
18_Aug_2017  ,  0.882
17_Aug_2017  ,  0.877
16_Aug_2017  ,  0.882
15_Aug_2017  ,  0.882
14_Aug_2017  ,  0.881
11_Aug_2017  ,  0.939
10_Aug_2017  ,  0.939
9_Aug_2017  ,  0.939
8_Aug_2017  ,  0.887
7_Aug_2017  ,  0.938
6_Aug_2017  ,  0.898
4_Aug_2017  ,  0.898
3_Aug_2017  ,  0.898
2_Aug_2017  ,  0.897
1_Aug_2017  ,  0.88
31_Jul_2017  ,  0.88
28_Jul_2017  ,  0.895
27_Jul_2017  ,  0.879
26_Jul_2017  ,  0.896
25_Jul_2017  ,  0.953
24_Jul_2017  ,  0.913
21_Jul_2017  ,  0.913
20_Jul_2017  ,  0.935
19_Jul_2017  ,  0.917
18_Jul_2017  ,  0.992
17_Jul_2017  ,  0.991
16_Jul_2017  ,  0.962
14_Jul_2017  ,  0.962
13_Jul_2017  ,  0.991
12_Jul_2017  ,  0.99
11_Jul_2017  ,  1.094
10_Jul_2017  ,  1.093
7_Jul_2017  ,  1.093
6_Jul_2017  ,  1.024
5_Jul_2017  ,  1.024
4_Jul_2017  ,  1.024
3_Jul_2017  ,  0.989
2_Jul_2017  ,  0.965
1_Jul_2017  ,  0.965
30_Jun_2017  ,  0.965
29_Jun_2017  ,  0.965
28_Jun_2017  ,  0.897
27_Jun_2017  ,  0.896
26_Jun_2017  ,  0.896
25_Jun_2017  ,  0.896
23_Jun_2017  ,  0.896
22_Jun_2017  ,  0.896
21_Jun_2017  ,  0.895
20_Jun_2017  ,  0.895
19_Jun_2017  ,  0.895
16_Jun_2017  ,  0.895
15_Jun_2017  ,  0.86
14_Jun_2017  ,  0.782
13_Jun_2017  ,  0.782
12_Jun_2017  ,  0.807
9_Jun_2017  ,  0.775
8_Jun_2017  ,  0.726
7_Jun_2017  ,  0.789
6_Jun_2017  ,  0.789
5_Jun_2017  ,  0.704
2_Jun_2017  ,  0.704
1_Jun_2017  ,  0.676
31_May_2017  ,  0.705
30_May_2017  ,  0.737
29_May_2017  ,  0.759
26_May_2017  ,  0.759
25_May_2017  ,  0.848
24_May_2017  ,  0.847
23_May_2017  ,  0.847
22_May_2017  ,  0.847
19_May_2017  ,  0.846
18_May_2017  ,  0.846
17_May_2017  ,  0.835
16_May_2017  ,  0.835
15_May_2017  ,  0.834
12_May_2017  ,  0.834
11_May_2017  ,  0.818
10_May_2017  ,  0.834
9_May_2017  ,  0.833
8_May_2017  ,  0.818
7_May_2017  ,  0.822
5_May_2017  ,  0.822
4_May_2017  ,  0.822
3_May_2017  ,  0.821
2_May_2017  ,  0.832
28_Apr_2017  ,  0.988
27_Apr_2017  ,  0.988
26_Apr_2017  ,  0.994
25_Apr_2017  ,  1.021
24_Apr_2017  ,  1.009
22_Apr_2017  ,  1.009
21_Apr_2017  ,  1.009
20_Apr_2017  ,  1.008
19_Apr_2017  ,  1.008
18_Apr_2017  ,  1.075
17_Apr_2017  ,  1.02
13_Apr_2017  ,  1.075
12_Apr_2017  ,  1.075
11_Apr_2017  ,  1.014
10_Apr_2017  ,  1.046
7_Apr_2017  ,  1.028
6_Apr_2017  ,  1.028
5_Apr_2017  ,  0.918
4_Apr_2017  ,  1.027
3_Apr_2017  ,  0.926
31_Mar_2017  ,  0.898
30_Mar_2017  ,  0.977
29_Mar_2017  ,  0.988
28_Mar_2017  ,  0.966
27_Mar_2017  ,  0.988
26_Mar_2017  ,  1.006
24_Mar_2017  ,  1.006
23_Mar_2017  ,  0.994
22_Mar_2017  ,  1.0
21_Mar_2017  ,  1.04
20_Mar_2017  ,  0.955
18_Mar_2017  ,  0.955
17_Mar_2017  ,  0.955
16_Mar_2017  ,  0.955
15_Mar_2017  ,  0.865
14_Mar_2017  ,  0.787
13_Mar_2017  ,  0.787
10_Mar_2017  ,  0.677
9_Mar_2017  ,  0.721
8_Mar_2017  ,  0.688
7_Mar_2017  ,  0.65
6_Mar_2017  ,  0.655
3_Mar_2017  ,  0.688
2_Mar_2017  ,  0.634
1_Mar_2017  ,  0.689
28_Feb_2017  ,  0.618
27_Feb_2017  ,  0.575
24_Feb_2017  ,  0.602
23_Feb_2017  ,  0.607
22_Feb_2017  ,  0.678
21_Feb_2017  ,  0.678
20_Feb_2017  ,  0.65
17_Feb_2017  ,  0.646
16_Feb_2017  ,  0.7
15_Feb_2017  ,  0.668
14_Feb_2017  ,  0.532
13_Feb_2017  ,  0.495
10_Feb_2017  ,  0.523
9_Feb_2017  ,  0.485
8_Feb_2017  ,  0.491
7_Feb_2017  ,  0.481
6_Feb_2017  ,  0.442
3_Feb_2017  ,  0.448
2_Feb_2017  ,  0.47
1_Feb_2017  ,  0.492
31_Jan_2017  ,  0.46
30_Jan_2017  ,  0.439
27_Jan_2017  ,  0.461
26_Jan_2017  ,  0.461
25_Jan_2017  ,  0.482
24_Jan_2017  ,  0.408
23_Jan_2017  ,  0.456
20_Jan_2017  ,  0.462
19_Jan_2017  ,  0.441
18_Jan_2017  ,  0.35
17_Jan_2017  ,  0.35
16_Jan_2017  ,  0.356
13_Jan_2017  ,  0.326
12_Jan_2017  ,  0.379
11_Jan_2017  ,  0.369
10_Jan_2017  ,  0.453
9_Jan_2017  ,  0.495
6_Jan_2017  ,  0.49
5_Jan_2017  ,  0.485
4_Jan_2017  ,  0.501
3_Jan_2017  ,  0.523
2_Jan_2017  ,  0.475
30_Dec_2016  ,  0.467
29_Dec_2016  ,  0.481
28_Dec_2016  ,  0.468
27_Dec_2016  ,  0.471
23_Dec_2016  ,  0.471
22_Dec_2016  ,  0.474
21_Dec_2016  ,  0.477
20_Dec_2016  ,  0.507
19_Dec_2016  ,  0.5
16_Dec_2016  ,  0.519
15_Dec_2016  ,  0.535
14_Dec_2016  ,  0.526
13_Dec_2016  ,  0.546
12_Dec_2016  ,  0.571
9_Dec_2016  ,  0.563
8_Dec_2016  ,  0.581
7_Dec_2016  ,  0.563
6_Dec_2016  ,  0.568
5_Dec_2016  ,  0.564
2_Dec_2016  ,  0.558
1_Dec_2016  ,  0.585
30_Nov_2016  ,  0.542
29_Nov_2016  ,  0.559
28_Nov_2016  ,  0.575
25_Nov_2016  ,  0.562
24_Nov_2016  ,  0.549
23_Nov_2016  ,  0.563
22_Nov_2016  ,  0.633
21_Nov_2016  ,  0.592
18_Nov_2016  ,  0.602
17_Nov_2016  ,  0.607
16_Nov_2016  ,  0.607
15_Nov_2016  ,  0.592
14_Nov_2016  ,  0.623
11_Nov_2016  ,  0.608
10_Nov_2016  ,  0.555
9_Nov_2016  ,  0.519
8_Nov_2016  ,  0.504
7_Nov_2016  ,  0.482
4_Nov_2016  ,  0.488
3_Nov_2016  ,  0.483
2_Nov_2016  ,  0.452
1_Nov_2016  ,  0.511
31_Oct_2016  ,  0.473
28_Oct_2016  ,  0.501
27_Oct_2016  ,  0.501
26_Oct_2016  ,  0.484
25_Oct_2016  ,  0.413
24_Oct_2016  ,  0.413
21_Oct_2016  ,  0.413
20_Oct_2016  ,  0.413
19_Oct_2016  ,  0.388
18_Oct_2016  ,  0.388
17_Oct_2016  ,  0.399
15_Oct_2016  ,  0.328
14_Oct_2016  ,  0.328
13_Oct_2016  ,  0.328
12_Oct_2016  ,  0.344
11_Oct_2016  ,  0.359
10_Oct_2016  ,  0.339
8_Oct_2016  ,  0.309
7_Oct_2016  ,  0.309
6_Oct_2016  ,  0.309
5_Oct_2016  ,  0.335
4_Oct_2016  ,  0.269
3_Oct_2016  ,  0.25
1_Oct_2016  ,  0.25
30_Sep_2016  ,  0.25
29_Sep_2016  ,  0.25
28_Sep_2016  ,  0.25
27_Sep_2016  ,  0.25
26_Sep_2016  ,  0.261
25_Sep_2016  ,  0.276
24_Sep_2016  ,  0.276
23_Sep_2016  ,  0.276
22_Sep_2016  ,  0.276
21_Sep_2016  ,  0.287
20_Sep_2016  ,  0.287
19_Sep_2016  ,  0.287
17_Sep_2016  ,  0.268
16_Sep_2016  ,  0.268
15_Sep_2016  ,  0.268
14_Sep_2016  ,  0.268
13_Sep_2016  ,  0.264
12_Sep_2016  ,  0.269
11_Sep_2016  ,  0.244
10_Sep_2016  ,  0.244
9_Sep_2016  ,  0.244
8_Sep_2016  ,  0.244
7_Sep_2016  ,  0.245
6_Sep_2016  ,  0.28
5_Sep_2016  ,  0.28
3_Sep_2016  ,  0.285
2_Sep_2016  ,  0.285
1_Sep_2016  ,  0.275
31_Aug_2016  ,  0.276
30_Aug_2016  ,  0.276
29_Aug_2016  ,  0.291
28_Aug_2016  ,  0.257
27_Aug_2016  ,  0.302
26_Aug_2016  ,  0.257
25_Aug_2016  ,  0.302
24_Aug_2016  ,  0.302
23_Aug_2016  ,  0.312
22_Aug_2016  ,  0.308
19_Aug_2016  ,  0.313
18_Aug_2016  ,  0.313
17_Aug_2016  ,  0.328
16_Aug_2016  ,  0.329
15_Aug_2016  ,  0.339
14_Aug_2016  ,  0.339
13_Aug_2016  ,  0.339
12_Aug_2016  ,  0.339
11_Aug_2016  ,  0.339
10_Aug_2016  ,  0.34
9_Aug_2016  ,  0.355
8_Aug_2016  ,  0.355
6_Aug_2016  ,  0.35
5_Aug_2016  ,  0.35
4_Aug_2016  ,  0.35
3_Aug_2016  ,  0.356
2_Aug_2016  ,  0.401
1_Aug_2016  ,  0.401
29_Jul_2016  ,  0.361
28_Jul_2016  ,  0.401
27_Jul_2016  ,  0.342
26_Jul_2016  ,  0.377
25_Jul_2016  ,  0.402
22_Jul_2016  ,  0.402
21_Jul_2016  ,  0.402
20_Jul_2016  ,  0.393
19_Jul_2016  ,  0.398
18_Jul_2016  ,  0.413
15_Jul_2016  ,  0.413
14_Jul_2016  ,  0.389
13_Jul_2016  ,  0.389
12_Jul_2016  ,  0.394
11_Jul_2016  ,  0.404
10_Jul_2016  ,  0.385
8_Jul_2016  ,  0.385
7_Jul_2016  ,  0.405
6_Jul_2016  ,  0.455
5_Jul_2016  ,  0.455
4_Jul_2016  ,  0.455
3_Jul_2016  ,  0.455
1_Jul_2016  ,  0.455
30_Jun_2016  ,  0.456
29_Jun_2016  ,  0.466
28_Jun_2016  ,  0.486
27_Jun_2016  ,  0.486
24_Jun_2016  ,  0.486
23_Jun_2016  ,  0.491
22_Jun_2016  ,  0.507
21_Jun_2016  ,  0.492
20_Jun_2016  ,  0.492
17_Jun_2016  ,  0.457
16_Jun_2016  ,  0.457
15_Jun_2016  ,  0.458
14_Jun_2016  ,  0.433
13_Jun_2016  ,  0.419
10_Jun_2016  ,  0.488
9_Jun_2016  ,  0.488
8_Jun_2016  ,  0.509
7_Jun_2016  ,  0.509
6_Jun_2016  ,  0.509
5_Jun_2016  ,  0.504
4_Jun_2016  ,  0.534
3_Jun_2016  ,  0.504
2_Jun_2016  ,  0.534
1_Jun_2016  ,  0.539
31_May_2016  ,  0.544
30_May_2016  ,  0.515
28_May_2016  ,  0.515
27_May_2016  ,  0.515
26_May_2016  ,  0.53
25_May_2016  ,  0.515
24_May_2016  ,  0.515
23_May_2016  ,  0.516
21_May_2016  ,  0.516
20_May_2016  ,  0.516
19_May_2016  ,  0.516
18_May_2016  ,  0.481
17_May_2016  ,  0.491
16_May_2016  ,  0.482
14_May_2016  ,  0.462
13_May_2016  ,  0.462
12_May_2016  ,  0.447
11_May_2016  ,  0.448
10_May_2016  ,  0.448
9_May_2016  ,  0.462
7_May_2016  ,  0.463
6_May_2016  ,  0.463
5_May_2016  ,  0.458
4_May_2016  ,  0.474
3_May_2016  ,  0.464
2_May_2016  ,  0.493
30_Apr_2016  ,  0.498
29_Apr_2016  ,  0.498
28_Apr_2016  ,  0.479
27_Apr_2016  ,  0.499
26_Apr_2016  ,  0.534
25_Apr_2016  ,  0.504
23_Apr_2016  ,  0.495
22_Apr_2016  ,  0.495
21_Apr_2016  ,  0.48
20_Apr_2016  ,  0.49
19_Apr_2016  ,  0.5
18_Apr_2016  ,  0.476
16_Apr_2016  ,  0.471
15_Apr_2016  ,  0.471
14_Apr_2016  ,  0.476
13_Apr_2016  ,  0.457
12_Apr_2016  ,  0.447
11_Apr_2016  ,  0.472
9_Apr_2016  ,  0.428
8_Apr_2016  ,  0.428
7_Apr_2016  ,  0.433
6_Apr_2016  ,  0.472
5_Apr_2016  ,  0.468
4_Apr_2016  ,  0.463
2_Apr_2016  ,  0.458
1_Apr_2016  ,  0.458
31_Mar_2016  ,  0.444
30_Mar_2016  ,  0.49
29_Mar_2016  ,  0.454
28_Mar_2016  ,  0.459
26_Mar_2016  ,  0.459
25_Mar_2016  ,  0.459
24_Mar_2016  ,  0.459
23_Mar_2016  ,  0.484
22_Mar_2016  ,  0.465
21_Mar_2016  ,  0.407
19_Mar_2016  ,  0.412
18_Mar_2016  ,  0.412
17_Mar_2016  ,  0.393
16_Mar_2016  ,  0.407
15_Mar_2016  ,  0.403
14_Mar_2016  ,  0.398
12_Mar_2016  ,  0.398
11_Mar_2016  ,  0.398
10_Mar_2016  ,  0.374
9_Mar_2016  ,  0.408
8_Mar_2016  ,  0.404
7_Mar_2016  ,  0.418
4_Mar_2016  ,  0.447
3_Mar_2016  ,  0.438
2_Mar_2016  ,  0.438
1_Mar_2016  ,  0.405
29_Feb_2016  ,  0.426
27_Feb_2016  ,  0.41
26_Feb_2016  ,  0.41
25_Feb_2016  ,  0.504
24_Feb_2016  ,  0.439
23_Feb_2016  ,  0.444
22_Feb_2016  ,  0.505
20_Feb_2016  ,  0.505
19_Feb_2016  ,  0.505
18_Feb_2016  ,  0.464
17_Feb_2016  ,  0.474
16_Feb_2016  ,  0.484
15_Feb_2016  ,  0.503
14_Feb_2016  ,  0.527
13_Feb_2016  ,  0.527
12_Feb_2016  ,  0.527
11_Feb_2016  ,  0.56
10_Feb_2016  ,  0.538
9_Feb_2016  ,  0.538
8_Feb_2016  ,  0.543
6_Feb_2016  ,  0.553
5_Feb_2016  ,  0.553
4_Feb_2016  ,  0.587
3_Feb_2016  ,  0.587
2_Feb_2016  ,  0.607
1_Feb_2016  ,  0.66
30_Jan_2016  ,  0.67
29_Jan_2016  ,  0.67
28_Jan_2016  ,  0.68
27_Jan_2016  ,  0.68
26_Jan_2016  ,  0.68
25_Jan_2016  ,  0.68
23_Jan_2016  ,  0.686
22_Jan_2016  ,  0.686
21_Jan_2016  ,  0.686
20_Jan_2016  ,  0.676
19_Jan_2016  ,  0.713
18_Jan_2016  ,  0.711
16_Jan_2016  ,  0.706
15_Jan_2016  ,  0.706
14_Jan_2016  ,  0.711
13_Jan_2016  ,  0.714
12_Jan_2016  ,  0.7
11_Jan_2016  ,  0.682
10_Jan_2016  ,  0.67
9_Jan_2016  ,  0.67
8_Jan_2016  ,  0.67
7_Jan_2016  ,  0.633
6_Jan_2016  ,  0.643
5_Jan_2016  ,  0.638
4_Jan_2016  ,  0.634
2_Jan_2016  ,  0.597
1_Jan_2016  ,  0.597
31_Dec_2015  ,  0.597
30_Dec_2015  ,  0.597
29_Dec_2015  ,  0.595
28_Dec_2015  ,  0.598
26_Dec_2015  ,  0.599
25_Dec_2015  ,  0.578
24_Dec_2015  ,  0.543
23_Dec_2015  ,  0.599
22_Dec_2015  ,  0.578
21_Dec_2015  ,  0.543
19_Dec_2015  ,  0.544
18_Dec_2015  ,  0.544
17_Dec_2015  ,  0.582
16_Dec_2015  ,  0.632
15_Dec_2015  ,  0.624
14_Dec_2015  ,  0.563
12_Dec_2015  ,  0.567
11_Dec_2015  ,  0.567
10_Dec_2015  ,  0.567
9_Dec_2015  ,  0.566
8_Dec_2015  ,  0.525
7_Dec_2015  ,  0.541
6_Dec_2015  ,  0.545
5_Dec_2015  ,  0.53
4_Dec_2015  ,  0.545
3_Dec_2015  ,  0.53
2_Dec_2015  ,  0.501
1_Dec_2015  ,  0.512
30_Nov_2015  ,  0.531
28_Nov_2015  ,  0.527
27_Nov_2015  ,  0.527
26_Nov_2015  ,  0.603
25_Nov_2015  ,  0.555
24_Nov_2015  ,  0.504
23_Nov_2015  ,  0.502
22_Nov_2015  ,  0.504
21_Nov_2015  ,  0.504
20_Nov_2015  ,  0.504
19_Nov_2015  ,  0.521
18_Nov_2015  ,  0.511
17_Nov_2015  ,  0.517
16_Nov_2015  ,  0.537
14_Nov_2015  ,  0.539
13_Nov_2015  ,  0.517
12_Nov_2015  ,  0.537
11_Nov_2015  ,  0.539
10_Nov_2015  ,  0.563
9_Nov_2015  ,  0.577
7_Nov_2015  ,  0.565
6_Nov_2015  ,  0.565
5_Nov_2015  ,  0.521
4_Nov_2015  ,  0.518
3_Nov_2015  ,  0.528
2_Nov_2015  ,  0.557
31_Oct_2015  ,  0.501
30_Oct_2015  ,  0.501
29_Oct_2015  ,  0.51
28_Oct_2015  ,  0.527
27_Oct_2015  ,  0.507
26_Oct_2015  ,  0.531
24_Oct_2015  ,  0.556
23_Oct_2015  ,  0.556
22_Oct_2015  ,  0.585
21_Oct_2015  ,  0.615
20_Oct_2015  ,  0.605
19_Oct_2015  ,  0.587
18_Oct_2015  ,  0.604
17_Oct_2015  ,  0.604
16_Oct_2015  ,  0.604
15_Oct_2015  ,  0.622
14_Oct_2015  ,  0.613
13_Oct_2015  ,  0.606
12_Oct_2015  ,  0.639
11_Oct_2015  ,  0.633
10_Oct_2015  ,  0.643
9_Oct_2015  ,  0.633
8_Oct_2015  ,  0.643
7_Oct_2015  ,  0.654
6_Oct_2015  ,  0.659
5_Oct_2015  ,  0.645
3_Oct_2015  ,  0.635
2_Oct_2015  ,  0.635
1_Oct_2015  ,  0.656
30_Sep_2015  ,  0.682
29_Sep_2015  ,  0.691
28_Sep_2015  ,  0.731
27_Sep_2015  ,  0.744
26_Sep_2015  ,  0.744
25_Sep_2015  ,  0.744
24_Sep_2015  ,  0.711
23_Sep_2015  ,  0.717
22_Sep_2015  ,  0.732
21_Sep_2015  ,  0.766
19_Sep_2015  ,  0.776
18_Sep_2015  ,  0.776
17_Sep_2015  ,  0.853
16_Sep_2015  ,  0.854
15_Sep_2015  ,  0.802
14_Sep_2015  ,  0.778
12_Sep_2015  ,  0.774
11_Sep_2015  ,  0.774
10_Sep_2015  ,  0.798
9_Sep_2015  ,  0.823
8_Sep_2015  ,  0.804
7_Sep_2015  ,  0.795
6_Sep_2015  ,  0.803
5_Sep_2015  ,  0.873
4_Sep_2015  ,  0.803
3_Sep_2015  ,  0.873
2_Sep_2015  ,  0.898
1_Sep_2015  ,  0.908
31_Aug_2015  ,  0.88
29_Aug_2015  ,  0.875
28_Aug_2015  ,  0.875
27_Aug_2015  ,  0.905
26_Aug_2015  ,  0.91
25_Aug_2015  ,  0.925
24_Aug_2015  ,  0.877
22_Aug_2015  ,  0.849
21_Aug_2015  ,  0.849
20_Aug_2015  ,  0.845
19_Aug_2015  ,  0.87
18_Aug_2015  ,  0.88
17_Aug_2015  ,  0.899
15_Aug_2015  ,  0.89
14_Aug_2015  ,  0.89
13_Aug_2015  ,  0.916
12_Aug_2015  ,  0.891
11_Aug_2015  ,  0.896
10_Aug_2015  ,  0.916
8_Aug_2015  ,  0.921
7_Aug_2015  ,  0.921
6_Aug_2015  ,  0.941
5_Aug_2015  ,  0.903
4_Aug_2015  ,  0.906
3_Aug_2015  ,  0.912
2_Aug_2015  ,  0.92
1_Aug_2015  ,  0.905
31_Jul_2015  ,  0.92
30_Jul_2015  ,  0.905
29_Jul_2015  ,  0.911
28_Jul_2015  ,  0.959
27_Jul_2015  ,  0.983
25_Jul_2015  ,  1.027
24_Jul_2015  ,  1.027
23_Jul_2015  ,  1.105
22_Jul_2015  ,  1.132
21_Jul_2015  ,  1.131
20_Jul_2015  ,  1.183
18_Jul_2015  ,  1.208
17_Jul_2015  ,  1.208
16_Jul_2015  ,  1.233
15_Jul_2015  ,  1.244
14_Jul_2015  ,  1.207
13_Jul_2015  ,  1.247
11_Jul_2015  ,  1.218
10_Jul_2015  ,  1.218
9_Jul_2015  ,  1.184
8_Jul_2015  ,  1.184
7_Jul_2015  ,  1.227
6_Jul_2015  ,  1.274
4_Jul_2015  ,  1.254
3_Jul_2015  ,  1.254
2_Jul_2015  ,  1.269
1_Jul_2015  ,  1.275
30_Jun_2015  ,  1.26
29_Jun_2015  ,  1.265
27_Jun_2015  ,  1.283
26_Jun_2015  ,  1.283
25_Jun_2015  ,  1.239
24_Jun_2015  ,  1.244
23_Jun_2015  ,  1.208
22_Jun_2015  ,  1.226
21_Jun_2015  ,  1.164
20_Jun_2015  ,  1.209
19_Jun_2015  ,  1.164
18_Jun_2015  ,  1.209
17_Jun_2015  ,  1.226
16_Jun_2015  ,  1.235
15_Jun_2015  ,  1.202
13_Jun_2015  ,  1.171
12_Jun_2015  ,  1.171
11_Jun_2015  ,  1.191
10_Jun_2015  ,  1.268
9_Jun_2015  ,  1.179
8_Jun_2015  ,  1.159
7_Jun_2015  ,  1.13
6_Jun_2015  ,  1.13
5_Jun_2015  ,  1.13
4_Jun_2015  ,  1.094
3_Jun_2015  ,  1.006
2_Jun_2015  ,  0.925
1_Jun_2015  ,  0.832
30_May_2015  ,  0.839
29_May_2015  ,  0.839
28_May_2015  ,  0.818
27_May_2015  ,  0.824
26_May_2015  ,  0.796
25_May_2015  ,  0.839
23_May_2015  ,  0.839
22_May_2015  ,  0.839
21_May_2015  ,  0.844
20_May_2015  ,  0.808
19_May_2015  ,  0.826
18_May_2015  ,  0.851
16_May_2015  ,  0.833
15_May_2015  ,  0.833
14_May_2015  ,  0.843
13_May_2015  ,  0.82
12_May_2015  ,  0.773
11_May_2015  ,  0.673
9_May_2015  ,  0.715
8_May_2015  ,  0.715
7_May_2015  ,  0.679
6_May_2015  ,  0.711
5_May_2015  ,  0.676
4_May_2015  ,  0.603
2_May_2015  ,  0.563
1_May_2015  ,  0.503
30_Apr_2015  ,  0.563
29_Apr_2015  ,  0.503
28_Apr_2015  ,  0.4
27_Apr_2015  ,  0.425
25_Apr_2015  ,  0.454
24_Apr_2015  ,  0.454
23_Apr_2015  ,  0.459
22_Apr_2015  ,  0.438
21_Apr_2015  ,  0.371
20_Apr_2015  ,  0.364
18_Apr_2015  ,  0.373
17_Apr_2015  ,  0.373
16_Apr_2015  ,  0.378
15_Apr_2015  ,  0.419
14_Apr_2015  ,  0.402
13_Apr_2015  ,  0.424
11_Apr_2015  ,  0.438
10_Apr_2015  ,  0.438
9_Apr_2015  ,  0.43
8_Apr_2015  ,  0.436
7_Apr_2015  ,  0.449
6_Apr_2015  ,  0.45
4_Apr_2015  ,  0.463
3_Apr_2015  ,  0.45
2_Apr_2015  ,  0.463
1_Apr_2015  ,  0.481
31_Mar_2015  ,  0.461
30_Mar_2015  ,  0.435
28_Mar_2015  ,  0.449
27_Mar_2015  ,  0.449
26_Mar_2015  ,  0.467
25_Mar_2015  ,  0.464
24_Mar_2015  ,  0.469
23_Mar_2015  ,  0.49
21_Mar_2015  ,  0.461
20_Mar_2015  ,  0.461
19_Mar_2015  ,  0.457
18_Mar_2015  ,  0.494
17_Mar_2015  ,  0.507
16_Mar_2015  ,  0.53
14_Mar_2015  ,  0.535
13_Mar_2015  ,  0.535
12_Mar_2015  ,  0.522
11_Mar_2015  ,  0.527
10_Mar_2015  ,  0.568
9_Mar_2015  ,  0.599
8_Mar_2015  ,  0.6
7_Mar_2015  ,  0.636
6_Mar_2015  ,  0.6
5_Mar_2015  ,  0.636
4_Mar_2015  ,  0.635
3_Mar_2015  ,  0.641
2_Mar_2015  ,  0.633
28_Feb_2015  ,  0.639
27_Feb_2015  ,  0.639
26_Feb_2015  ,  0.639
25_Feb_2015  ,  0.689
24_Feb_2015  ,  0.685
23_Feb_2015  ,  0.686
21_Feb_2015  ,  0.69
20_Feb_2015  ,  0.69
19_Feb_2015  ,  0.686
18_Feb_2015  ,  0.732
17_Feb_2015  ,  0.679
16_Feb_2015  ,  0.617
14_Feb_2015  ,  0.568
13_Feb_2015  ,  0.568
12_Feb_2015  ,  0.582
11_Feb_2015  ,  0.575
10_Feb_2015  ,  0.564
9_Feb_2015  ,  0.514
7_Feb_2015  ,  0.51
6_Feb_2015  ,  0.51
5_Feb_2015  ,  0.541
4_Feb_2015  ,  0.507
3_Feb_2015  ,  0.46
2_Feb_2015  ,  0.404
1_Feb_2015  ,  0.408
31_Jan_2015  ,  0.408
30_Jan_2015  ,  0.408
29_Jan_2015  ,  0.396
28_Jan_2015  ,  0.41
27_Jan_2015  ,  0.402
26_Jan_2015  ,  0.398
24_Jan_2015  ,  0.533
23_Jan_2015  ,  0.533
22_Jan_2015  ,  0.534
21_Jan_2015  ,  0.452
20_Jan_2015  ,  0.457
19_Jan_2015  ,  0.458
17_Jan_2015  ,  0.506
16_Jan_2015  ,  0.506
15_Jan_2015  ,  0.528
14_Jan_2015  ,  0.538
13_Jan_2015  ,  0.552
12_Jan_2015  ,  0.569
10_Jan_2015  ,  0.561
9_Jan_2015  ,  0.561
8_Jan_2015  ,  0.575
7_Jan_2015  ,  0.585
6_Jan_2015  ,  0.651
5_Jan_2015  ,  0.691
3_Jan_2015  ,  0.722
2_Jan_2015  ,  0.722
31_Dec_2014  ,  0.749
30_Dec_2014  ,  0.742
29_Dec_2014  ,  0.774
28_Dec_2014  ,  0.778
24_Dec_2014  ,  0.778
23_Dec_2014  ,  0.778
22_Dec_2014  ,  0.774
21_Dec_2014  ,  0.79
20_Dec_2014  ,  0.808
19_Dec_2014  ,  0.79
18_Dec_2014  ,  0.808
17_Dec_2014  ,  0.831
16_Dec_2014  ,  0.798
15_Dec_2014  ,  0.814
14_Dec_2014  ,  0.824
13_Dec_2014  ,  0.824
12_Dec_2014  ,  0.824
11_Dec_2014  ,  0.847
10_Dec_2014  ,  0.693
9_Dec_2014  ,  0.699
8_Dec_2014  ,  0.709
6_Dec_2014  ,  0.723
5_Dec_2014  ,  0.723
4_Dec_2014  ,  0.715
3_Dec_2014  ,  0.723
2_Dec_2014  ,  0.716
1_Dec_2014  ,  0.734
30_Nov_2014  ,  0.741
29_Nov_2014  ,  0.726
28_Nov_2014  ,  0.726
27_Nov_2014  ,  0.745
26_Nov_2014  ,  0.77
25_Nov_2014  ,  0.771
24_Nov_2014  ,  0.781
22_Nov_2014  ,  0.787
21_Nov_2014  ,  0.787
20_Nov_2014  ,  0.797
19_Nov_2014  ,  0.828
18_Nov_2014  ,  0.805
17_Nov_2014  ,  0.808
16_Nov_2014  ,  0.801
15_Nov_2014  ,  0.806
14_Nov_2014  ,  0.806
13_Nov_2014  ,  0.794
12_Nov_2014  ,  0.821
11_Nov_2014  ,  0.861
10_Nov_2014  ,  0.862
8_Nov_2014  ,  0.878
7_Nov_2014  ,  0.878
6_Nov_2014  ,  0.89
5_Nov_2014  ,  0.894
4_Nov_2014  ,  0.869
3_Nov_2014  ,  0.918
1_Nov_2014  ,  0.932
31_Oct_2014  ,  0.932
30_Oct_2014  ,  0.938
29_Oct_2014  ,  0.963
28_Oct_2014  ,  0.972
27_Oct_2014  ,  0.967
25_Oct_2014  ,  0.982
24_Oct_2014  ,  0.982
23_Oct_2014  ,  0.988
22_Oct_2014  ,  0.996
21_Oct_2014  ,  1.017
20_Oct_2014  ,  1.018
18_Oct_2014  ,  1.034
17_Oct_2014  ,  1.034
16_Oct_2014  ,  1.006
15_Oct_2014  ,  0.976
14_Oct_2014  ,  1.039
13_Oct_2014  ,  1.087
11_Oct_2014  ,  1.086
10_Oct_2014  ,  1.086
9_Oct_2014  ,  1.09
8_Oct_2014  ,  1.116
7_Oct_2014  ,  1.135
6_Oct_2014  ,  1.145
4_Oct_2014  ,  1.154
3_Oct_2014  ,  1.154
2_Oct_2014  ,  1.158
1_Oct_2014  ,  1.143
30_Sep_2014  ,  1.191
29_Sep_2014  ,  1.205
27_Sep_2014  ,  1.201
26_Sep_2014  ,  1.199
25_Sep_2014  ,  1.18
24_Sep_2014  ,  1.172
23_Sep_2014  ,  1.16
22_Sep_2014  ,  1.174
20_Sep_2014  ,  1.168
19_Sep_2014  ,  1.168
18_Sep_2014  ,  1.169
17_Sep_2014  ,  1.179
16_Sep_2014  ,  1.2
15_Sep_2014  ,  1.237
13_Sep_2014  ,  1.245
12_Sep_2014  ,  1.247
11_Sep_2014  ,  1.232
10_Sep_2014  ,  1.231
9_Sep_2014  ,  1.211
8_Sep_2014  ,  1.17
6_Sep_2014  ,  1.252
5_Sep_2014  ,  1.252
4_Sep_2014  ,  1.245
3_Sep_2014  ,  1.29
2_Sep_2014  ,  1.254
1_Sep_2014  ,  1.215
31_Aug_2014  ,  1.215
30_Aug_2014  ,  1.216
29_Aug_2014  ,  1.216
28_Aug_2014  ,  1.195
27_Aug_2014  ,  1.209
26_Aug_2014  ,  1.264
25_Aug_2014  ,  1.292
23_Aug_2014  ,  1.375
22_Aug_2014  ,  1.375
21_Aug_2014  ,  1.361
20_Aug_2014  ,  1.359
19_Aug_2014  ,  1.378
18_Aug_2014  ,  1.396
17_Aug_2014  ,  1.389
16_Aug_2014  ,  1.407
15_Aug_2014  ,  1.389
14_Aug_2014  ,  1.407
13_Aug_2014  ,  1.441
12_Aug_2014  ,  1.452
11_Aug_2014  ,  1.464
10_Aug_2014  ,  1.513
9_Aug_2014  ,  1.513
8_Aug_2014  ,  1.454
7_Aug_2014  ,  1.464
6_Aug_2014  ,  1.476
5_Aug_2014  ,  1.509
4_Aug_2014  ,  1.501
2_Aug_2014  ,  1.52
1_Aug_2014  ,  1.502
31_Jul_2014  ,  1.472
30_Jul_2014  ,  1.442
29_Jul_2014  ,  1.429
28_Jul_2014  ,  1.451
27_Jul_2014  ,  1.525
26_Jul_2014  ,  1.525
25_Jul_2014  ,  1.525
24_Jul_2014  ,  1.463
23_Jul_2014  ,  1.527
22_Jul_2014  ,  1.454
21_Jul_2014  ,  1.464
20_Jul_2014  ,  1.504
19_Jul_2014  ,  1.531
18_Jul_2014  ,  1.467
17_Jul_2014  ,  1.474
16_Jul_2014  ,  1.488
15_Jul_2014  ,  1.495
14_Jul_2014  ,  1.51
12_Jul_2014  ,  1.538
11_Jul_2014  ,  1.513
10_Jul_2014  ,  1.503
9_Jul_2014  ,  1.526
8_Jul_2014  ,  1.531
7_Jul_2014  ,  1.549
5_Jul_2014  ,  1.544
4_Jul_2014  ,  1.544
3_Jul_2014  ,  1.59
2_Jul_2014  ,  1.541
1_Jul_2014  ,  1.493
30_Jun_2014  ,  1.477
28_Jun_2014  ,  1.55
27_Jun_2014  ,  1.482
26_Jun_2014  ,  1.47
25_Jun_2014  ,  1.472
24_Jun_2014  ,  1.51
23_Jun_2014  ,  1.551
22_Jun_2014  ,  1.557
21_Jun_2014  ,  1.557
20_Jun_2014  ,  1.525
19_Jun_2014  ,  1.504
18_Jun_2014  ,  1.568
17_Jun_2014  ,  1.57
16_Jun_2014  ,  1.539
14_Jun_2014  ,  1.563
13_Jun_2014  ,  1.576
12_Jun_2014  ,  1.586
11_Jun_2014  ,  1.56
10_Jun_2014  ,  1.653
9_Jun_2014  ,  1.654
7_Jun_2014  ,  1.655
6_Jun_2014  ,  1.655
5_Jun_2014  ,  1.656
4_Jun_2014  ,  1.656
3_Jun_2014  ,  1.659
2_Jun_2014  ,  1.683
31_May_2014  ,  1.715
30_May_2014  ,  1.715
29_May_2014  ,  1.716
28_May_2014  ,  1.717
27_May_2014  ,  1.719
26_May_2014  ,  1.719
25_May_2014  ,  1.719
24_May_2014  ,  1.72
23_May_2014  ,  1.72
22_May_2014  ,  1.698
21_May_2014  ,  1.699
20_May_2014  ,  1.702
19_May_2014  ,  1.721
17_May_2014  ,  1.722
16_May_2014  ,  1.722
15_May_2014  ,  1.722
14_May_2014  ,  1.723
13_May_2014  ,  1.78
12_May_2014  ,  1.781
10_May_2014  ,  1.757
9_May_2014  ,  1.757
8_May_2014  ,  1.807
7_May_2014  ,  1.805
6_May_2014  ,  1.838
5_May_2014  ,  1.835
3_May_2014  ,  1.879
2_May_2014  ,  1.879
1_May_2014  ,  1.879
30_Apr_2014  ,  1.88
29_Apr_2014  ,  1.881
28_Apr_2014  ,  1.883
27_Apr_2014  ,  1.929
26_Apr_2014  ,  1.94
25_Apr_2014  ,  1.94
24_Apr_2014  ,  1.941
23_Apr_2014  ,  1.955
22_Apr_2014  ,  1.957
21_Apr_2014  ,  1.957
19_Apr_2014  ,  1.957
18_Apr_2014  ,  1.957
17_Apr_2014  ,  1.958
16_Apr_2014  ,  1.991
15_Apr_2014  ,  1.994
14_Apr_2014  ,  1.995
12_Apr_2014  ,  2.01
11_Apr_2014  ,  2.01
10_Apr_2014  ,  2.043
9_Apr_2014  ,  2.118
8_Apr_2014  ,  2.12
7_Apr_2014  ,  2.121
5_Apr_2014  ,  2.145
4_Apr_2014  ,  2.145
3_Apr_2014  ,  2.146
2_Apr_2014  ,  2.146
1_Apr_2014  ,  2.209
31_Mar_2014  ,  2.21
29_Mar_2014  ,  2.211
28_Mar_2014  ,  2.211
27_Mar_2014  ,  2.211
26_Mar_2014  ,  2.212
25_Mar_2014  ,  2.214
24_Mar_2014  ,  2.214
22_Mar_2014  ,  2.215
21_Mar_2014  ,  2.215
20_Mar_2014  ,  2.216
19_Mar_2014  ,  2.216
18_Mar_2014  ,  2.189
17_Mar_2014  ,  2.189
15_Mar_2014  ,  2.22
14_Mar_2014  ,  2.22
13_Mar_2014  ,  2.221
12_Mar_2014  ,  2.221
11_Mar_2014  ,  2.223
10_Mar_2014  ,  2.224
9_Mar_2014  ,  2.225
8_Mar_2014  ,  2.225
7_Mar_2014  ,  2.225
6_Mar_2014  ,  2.211
5_Mar_2014  ,  2.212
4_Mar_2014  ,  2.214
3_Mar_2014  ,  2.193
1_Mar_2014  ,  2.216
28_Feb_2014  ,  2.216
27_Feb_2014  ,  2.305
26_Feb_2014  ,  2.306
25_Feb_2014  ,  2.309
24_Feb_2014  ,  2.31
22_Feb_2014  ,  2.311
21_Feb_2014  ,  2.311
20_Feb_2014  ,  2.312
19_Feb_2014  ,  2.312
18_Feb_2014  ,  2.277
17_Feb_2014  ,  2.277
15_Feb_2014  ,  2.278
14_Feb_2014  ,  2.278
13_Feb_2014  ,  2.283
12_Feb_2014  ,  2.303
11_Feb_2014  ,  2.3
10_Feb_2014  ,  2.301
8_Feb_2014  ,  2.302
7_Feb_2014  ,  2.302
6_Feb_2014  ,  2.302
5_Feb_2014  ,  2.303
4_Feb_2014  ,  2.319
3_Feb_2014  ,  2.296
1_Feb_2014  ,  2.32
31_Jan_2014  ,  2.32
30_Jan_2014  ,  2.321
29_Jan_2014  ,  2.345
28_Jan_2014  ,  2.366
27_Jan_2014  ,  2.319
25_Jan_2014  ,  2.32
24_Jan_2014  ,  2.32
23_Jan_2014  ,  2.362
22_Jan_2014  ,  2.363
21_Jan_2014  ,  2.379
20_Jan_2014  ,  2.38
18_Jan_2014  ,  2.395
17_Jan_2014  ,  2.395
16_Jan_2014  ,  2.428
15_Jan_2014  ,  2.471
14_Jan_2014  ,  2.497
13_Jan_2014  ,  2.521
11_Jan_2014  ,  2.55
10_Jan_2014  ,  2.55
9_Jan_2014  ,  2.551
8_Jan_2014  ,  2.547
7_Jan_2014  ,  2.502
6_Jan_2014  ,  2.54
4_Jan_2014  ,  2.554
3_Jan_2014  ,  2.554
2_Jan_2014  ,  2.607
1_Jan_2014  ,  2.542
31_Dec_2013  ,  2.542
30_Dec_2013  ,  2.534
28_Dec_2013  ,  2.538
27_Dec_2013  ,  2.538
26_Dec_2013  ,  2.489
25_Dec_2013  ,  2.489
24_Dec_2013  ,  2.489
23_Dec_2013  ,  2.489
21_Dec_2013  ,  2.503
20_Dec_2013  ,  2.503
19_Dec_2013  ,  2.425
18_Dec_2013  ,  2.343
17_Dec_2013  ,  2.291
16_Dec_2013  ,  2.282
14_Dec_2013  ,  2.241
13_Dec_2013  ,  2.275
12_Dec_2013  ,  2.267
11_Dec_2013  ,  2.234
10_Dec_2013  ,  2.25
9_Dec_2013  ,  2.279
7_Dec_2013  ,  2.261
6_Dec_2013  ,  2.261
5_Dec_2013  ,  2.261
4_Dec_2013  ,  2.253
3_Dec_2013  ,  2.236
2_Dec_2013  ,  2.248
30_Nov_2013  ,  2.264
29_Nov_2013  ,  2.247
28_Nov_2013  ,  2.377
27_Nov_2013  ,  2.294
26_Nov_2013  ,  2.267
25_Nov_2013  ,  2.325
23_Nov_2013  ,  2.35
22_Nov_2013  ,  2.35
21_Nov_2013  ,  2.366
20_Nov_2013  ,  2.317
19_Nov_2013  ,  2.298
18_Nov_2013  ,  2.279
17_Nov_2013  ,  2.278
16_Nov_2013  ,  2.269
15_Nov_2013  ,  2.269
14_Nov_2013  ,  2.23
13_Nov_2013  ,  2.261
12_Nov_2013  ,  2.317
11_Nov_2013  ,  2.411
9_Nov_2013  ,  2.38
8_Nov_2013  ,  2.38
7_Nov_2013  ,  2.329
6_Nov_2013  ,  2.398
5_Nov_2013  ,  2.396
4_Nov_2013  ,  2.355
3_Nov_2013  ,  2.321
2_Nov_2013  ,  2.321
1_Nov_2013  ,  2.321
31_Oct_2013  ,  2.301
30_Oct_2013  ,  2.403
29_Oct_2013  ,  2.323
28_Oct_2013  ,  2.352
27_Oct_2013  ,  2.342
26_Oct_2013  ,  2.342
25_Oct_2013  ,  2.342
24_Oct_2013  ,  2.354
23_Oct_2013  ,  2.401
22_Oct_2013  ,  2.378
21_Oct_2013  ,  2.451
19_Oct_2013  ,  2.456
18_Oct_2013  ,  2.429
17_Oct_2013  ,  2.471
16_Oct_2013  ,  2.498
15_Oct_2013  ,  2.46
14_Oct_2013  ,  2.485
12_Oct_2013  ,  2.474
11_Oct_2013  ,  2.494
10_Oct_2013  ,  2.503
9_Oct_2013  ,  2.464
8_Oct_2013  ,  2.449
7_Oct_2013  ,  2.448
6_Oct_2013  ,  2.428
5_Oct_2013  ,  2.429
4_Oct_2013  ,  2.429
3_Oct_2013  ,  2.432
2_Oct_2013  ,  2.407
1_Oct_2013  ,  2.399
30_Sep_2013  ,  2.386
29_Sep_2013  ,  2.424
28_Sep_2013  ,  2.352
27_Sep_2013  ,  2.352
26_Sep_2013  ,  2.379
25_Sep_2013  ,  2.415
24_Sep_2013  ,  2.424
23_Sep_2013  ,  2.456
22_Sep_2013  ,  2.46
21_Sep_2013  ,  2.454
20_Sep_2013  ,  2.454
19_Sep_2013  ,  2.42
18_Sep_2013  ,  2.491
17_Sep_2013  ,  2.475
16_Sep_2013  ,  2.445
15_Sep_2013  ,  2.668
14_Sep_2013  ,  2.523
13_Sep_2013  ,  2.523
12_Sep_2013  ,  2.561
11_Sep_2013  ,  2.616
10_Sep_2013  ,  2.691
9_Sep_2013  ,  2.63
8_Sep_2013  ,  2.705
7_Sep_2013  ,  2.614
6_Sep_2013  ,  2.614
5_Sep_2013  ,  2.673
4_Sep_2013  ,  2.581
3_Sep_2013  ,  2.591
2_Sep_2013  ,  2.574
1_Sep_2013  ,  2.574
31_Aug_2013  ,  2.573
30_Aug_2013  ,  2.573
29_Aug_2013  ,  2.396
28_Aug_2013  ,  2.373
27_Aug_2013  ,  2.426
26_Aug_2013  ,  2.441
24_Aug_2013  ,  2.461
23_Aug_2013  ,  2.454
22_Aug_2013  ,  2.428
21_Aug_2013  ,  2.385
20_Aug_2013  ,  2.335
19_Aug_2013  ,  2.38
17_Aug_2013  ,  2.319
16_Aug_2013  ,  2.348
15_Aug_2013  ,  2.379
14_Aug_2013  ,  2.334
13_Aug_2013  ,  2.317
12_Aug_2013  ,  2.231
11_Aug_2013  ,  2.279
10_Aug_2013  ,  2.23
9_Aug_2013  ,  2.28
8_Aug_2013  ,  2.28
7_Aug_2013  ,  2.259
6_Aug_2013  ,  2.284
5_Aug_2013  ,  2.277
3_Aug_2013  ,  2.338
2_Aug_2013  ,  2.322
1_Aug_2013  ,  2.212
31_Jul_2013  ,  2.235
30_Jul_2013  ,  2.22
29_Jul_2013  ,  2.182
27_Jul_2013  ,  2.221
26_Jul_2013  ,  2.194
25_Jul_2013  ,  2.15
24_Jul_2013  ,  2.137
23_Jul_2013  ,  2.056
22_Jul_2013  ,  2.117
20_Jul_2013  ,  2.035
19_Jul_2013  ,  2.04
18_Jul_2013  ,  2.016
17_Jul_2013  ,  2.043
16_Jul_2013  ,  2.092
15_Jul_2013  ,  2.104
13_Jul_2013  ,  2.076
12_Jul_2013  ,  2.076
11_Jul_2013  ,  2.116
10_Jul_2013  ,  2.116
9_Jul_2013  ,  2.172
8_Jul_2013  ,  2.265
6_Jul_2013  ,  2.214
5_Jul_2013  ,  2.214
4_Jul_2013  ,  2.198
3_Jul_2013  ,  2.294
2_Jul_2013  ,  2.382
1_Jul_2013  ,  2.495
29_Jun_2013  ,  2.318
28_Jun_2013  ,  2.358
27_Jun_2013  ,  2.298
26_Jun_2013  ,  2.361
25_Jun_2013  ,  2.415
24_Jun_2013  ,  2.471
23_Jun_2013  ,  2.203
22_Jun_2013  ,  2.189
21_Jun_2013  ,  2.189
20_Jun_2013  ,  2.269
19_Jun_2013  ,  2.044
18_Jun_2013  ,  2.042
17_Jun_2013  ,  1.988
16_Jun_2013  ,  2.084
15_Jun_2013  ,  2.026
14_Jun_2013  ,  2.026
13_Jun_2013  ,  2.144
12_Jun_2013  ,  2.166
11_Jun_2013  ,  2.221
10_Jun_2013  ,  2.117
8_Jun_2013  ,  1.997
7_Jun_2013  ,  1.999
6_Jun_2013  ,  2.026
5_Jun_2013  ,  1.906
4_Jun_2013  ,  1.856
3_Jun_2013  ,  1.82
1_Jun_2013  ,  1.815
31_May_2013  ,  1.755
30_May_2013  ,  1.821
29_May_2013  ,  1.837
28_May_2013  ,  1.805
27_May_2013  ,  1.757
25_May_2013  ,  1.757
24_May_2013  ,  1.758
23_May_2013  ,  1.656
22_May_2013  ,  1.591
21_May_2013  ,  1.578
20_May_2013  ,  1.579
18_May_2013  ,  1.478
17_May_2013  ,  1.494
16_May_2013  ,  1.557
15_May_2013  ,  1.536
14_May_2013  ,  1.553
13_May_2013  ,  1.524
11_May_2013  ,  1.655
10_May_2013  ,  1.54
9_May_2013  ,  1.525
8_May_2013  ,  1.586
7_May_2013  ,  1.584
6_May_2013  ,  1.609
4_May_2013  ,  1.66
3_May_2013  ,  1.61
2_May_2013  ,  1.561
1_May_2013  ,  1.592
30_Apr_2013  ,  1.642
29_Apr_2013  ,  1.644
27_Apr_2013  ,  1.619
26_Apr_2013  ,  1.635
25_Apr_2013  ,  1.613
24_Apr_2013  ,  1.632
23_Apr_2013  ,  1.644
22_Apr_2013  ,  1.65
20_Apr_2013  ,  1.695
19_Apr_2013  ,  1.64
18_Apr_2013  ,  1.647
17_Apr_2013  ,  1.683
16_Apr_2013  ,  1.678
15_Apr_2013  ,  1.675
13_Apr_2013  ,  1.725
12_Apr_2013  ,  1.746
11_Apr_2013  ,  1.793
10_Apr_2013  ,  1.809
9_Apr_2013  ,  1.846
8_Apr_2013  ,  1.811
6_Apr_2013  ,  1.863
5_Apr_2013  ,  1.863
4_Apr_2013  ,  1.838
3_Apr_2013  ,  1.859
2_Apr_2013  ,  1.897
30_Mar_2013  ,  1.887
29_Mar_2013  ,  1.887
28_Mar_2013  ,  1.888
27_Mar_2013  ,  1.863
26_Mar_2013  ,  1.865
25_Mar_2013  ,  1.85
23_Mar_2013  ,  1.912
22_Mar_2013  ,  1.856
21_Mar_2013  ,  1.854
20_Mar_2013  ,  1.853
19_Mar_2013  ,  1.885
18_Mar_2013  ,  1.901
17_Mar_2013  ,  1.973
16_Mar_2013  ,  1.907
15_Mar_2013  ,  1.907
14_Mar_2013  ,  1.969
13_Mar_2013  ,  1.975
12_Mar_2013  ,  1.959
11_Mar_2013  ,  2.023
9_Mar_2013  ,  2.013
8_Mar_2013  ,  2.034
7_Mar_2013  ,  1.989
6_Mar_2013  ,  2.0
5_Mar_2013  ,  2.007
4_Mar_2013  ,  2.038
2_Mar_2013  ,  2.095
1_Mar_2013  ,  2.039
28_Feb_2013  ,  2.039
27_Feb_2013  ,  2.03
26_Feb_2013  ,  2.06
25_Feb_2013  ,  2.1
23_Feb_2013  ,  2.106
22_Feb_2013  ,  2.106
21_Feb_2013  ,  2.107
20_Feb_2013  ,  2.107
19_Feb_2013  ,  2.042
18_Feb_2013  ,  2.094
17_Feb_2013  ,  2.085
16_Feb_2013  ,  2.085
15_Feb_2013  ,  2.085
14_Feb_2013  ,  2.085
13_Feb_2013  ,  2.045
12_Feb_2013  ,  2.046
11_Feb_2013  ,  2.047
10_Feb_2013  ,  2.032
9_Feb_2013  ,  2.048
8_Feb_2013  ,  2.048
7_Feb_2013  ,  2.048
6_Feb_2013  ,  2.049
5_Feb_2013  ,  2.005
4_Feb_2013  ,  2.036
2_Feb_2013  ,  2.051
1_Feb_2013  ,  2.005
31_Jan_2013  ,  2.068
30_Jan_2013  ,  2.079
29_Jan_2013  ,  1.992
28_Jan_2013  ,  2.051
26_Jan_2013  ,  1.998
25_Jan_2013  ,  1.998
24_Jan_2013  ,  1.95
23_Jan_2013  ,  2.001
22_Jan_2013  ,  2.013
21_Jan_2013  ,  2.022
19_Jan_2013  ,  2.045
18_Jan_2013  ,  2.004
17_Jan_2013  ,  2.005
16_Jan_2013  ,  2.003
15_Jan_2013  ,  1.997
14_Jan_2013  ,  2.018
13_Jan_2013  ,  2.018
12_Jan_2013  ,  2.019
11_Jan_2013  ,  2.019
10_Jan_2013  ,  1.989
9_Jan_2013  ,  1.959
8_Jan_2013  ,  2.012
7_Jan_2013  ,  2.058
5_Jan_2013  ,  2.008
4_Jan_2013  ,  2.008
3_Jan_2013  ,  1.942
2_Jan_2013  ,  1.892
1_Jan_2013  ,  1.856
31_Dec_2012  ,  1.856
30_Dec_2012  ,  2.001
29_Dec_2012  ,  1.882
28_Dec_2012  ,  1.882
27_Dec_2012  ,  1.877
26_Dec_2012  ,  1.953
25_Dec_2012  ,  1.953
24_Dec_2012  ,  1.953
23_Dec_2012  ,  1.953
22_Dec_2012  ,  1.953
21_Dec_2012  ,  1.953
20_Dec_2012  ,  1.954
19_Dec_2012  ,  1.955
18_Dec_2012  ,  1.963
17_Dec_2012  ,  1.969
15_Dec_2012  ,  2.01
14_Dec_2012  ,  2.01
13_Dec_2012  ,  1.966
12_Dec_2012  ,  1.995
11_Dec_2012  ,  1.998
10_Dec_2012  ,  2.014
8_Dec_2012  ,  2.014
7_Dec_2012  ,  1.988
6_Dec_2012  ,  2.015
5_Dec_2012  ,  2.016
4_Dec_2012  ,  2.023
3_Dec_2012  ,  2.023
1_Dec_2012  ,  1.974
30_Nov_2012  ,  1.974
29_Nov_2012  ,  2.024
28_Nov_2012  ,  2.025
27_Nov_2012  ,  2.032
26_Nov_2012  ,  2.057
24_Nov_2012  ,  2.028
23_Nov_2012  ,  2.028
22_Nov_2012  ,  2.099
21_Nov_2012  ,  2.029
20_Nov_2012  ,  2.031
19_Nov_2012  ,  2.122
17_Nov_2012  ,  2.027
16_Nov_2012  ,  1.913
15_Nov_2012  ,  1.914
14_Nov_2012  ,  1.836
13_Nov_2012  ,  1.916
12_Nov_2012  ,  1.839
10_Nov_2012  ,  1.908
9_Nov_2012  ,  1.908
8_Nov_2012  ,  1.933
7_Nov_2012  ,  1.919
6_Nov_2012  ,  1.941
5_Nov_2012  ,  2.0
3_Nov_2012  ,  2.006
2_Nov_2012  ,  2.006
1_Nov_2012  ,  1.997
31_Oct_2012  ,  2.191
30_Oct_2012  ,  2.174
29_Oct_2012  ,  2.216
27_Oct_2012  ,  2.265
26_Oct_2012  ,  2.266
25_Oct_2012  ,  2.266
24_Oct_2012  ,  2.266
23_Oct_2012  ,  2.267
22_Oct_2012  ,  2.269
19_Oct_2012  ,  2.31
18_Oct_2012  ,  2.27
17_Oct_2012  ,  2.301
16_Oct_2012  ,  2.338
15_Oct_2012  ,  2.267
13_Oct_2012  ,  2.375
12_Oct_2012  ,  2.375
11_Oct_2012  ,  2.355
10_Oct_2012  ,  2.32
9_Oct_2012  ,  2.357
8_Oct_2012  ,  2.358
6_Oct_2012  ,  2.322
5_Oct_2012  ,  2.379
4_Oct_2012  ,  2.308
3_Oct_2012  ,  2.41
2_Oct_2012  ,  2.391
1_Oct_2012  ,  2.392
29_Sep_2012  ,  2.402
28_Sep_2012  ,  2.382
27_Sep_2012  ,  2.382
26_Sep_2012  ,  2.383
25_Sep_2012  ,  2.414
24_Sep_2012  ,  2.483
23_Sep_2012  ,  2.488
22_Sep_2012  ,  2.488
21_Sep_2012  ,  2.493
20_Sep_2012  ,  2.551
19_Sep_2012  ,  2.51
18_Sep_2012  ,  2.542
17_Sep_2012  ,  2.563
15_Sep_2012  ,  2.61
14_Sep_2012  ,  2.611
13_Sep_2012  ,  2.528
12_Sep_2012  ,  2.555
11_Sep_2012  ,  2.556
10_Sep_2012  ,  2.526
8_Sep_2012  ,  2.5
7_Sep_2012  ,  2.5
6_Sep_2012  ,  2.434
5_Sep_2012  ,  2.374
4_Sep_2012  ,  2.355
3_Sep_2012  ,  2.306
1_Sep_2012  ,  2.336
31_Aug_2012  ,  2.306
30_Aug_2012  ,  2.387
29_Aug_2012  ,  2.348
28_Aug_2012  ,  2.299
27_Aug_2012  ,  2.389
25_Aug_2012  ,  2.344
24_Aug_2012  ,  2.39
23_Aug_2012  ,  2.441
22_Aug_2012  ,  2.482
21_Aug_2012  ,  2.535
20_Aug_2012  ,  2.536
18_Aug_2012  ,  2.465
17_Aug_2012  ,  2.465
16_Aug_2012  ,  2.465
15_Aug_2012  ,  2.425
14_Aug_2012  ,  2.427
13_Aug_2012  ,  2.427
11_Aug_2012  ,  2.402
10_Aug_2012  ,  2.402
9_Aug_2012  ,  2.438
8_Aug_2012  ,  2.429
7_Aug_2012  ,  2.439
6_Aug_2012  ,  2.309
5_Aug_2012  ,  2.325
4_Aug_2012  ,  2.532
3_Aug_2012  ,  2.325
2_Aug_2012  ,  2.532
1_Aug_2012  ,  2.289
31_Jul_2012  ,  2.318
30_Jul_2012  ,  2.376
28_Jul_2012  ,  2.353
27_Jul_2012  ,  2.353
26_Jul_2012  ,  2.376
25_Jul_2012  ,  2.382
24_Jul_2012  ,  2.458
23_Jul_2012  ,  2.389
21_Jul_2012  ,  2.424
20_Jul_2012  ,  2.424
19_Jul_2012  ,  2.425
18_Jul_2012  ,  2.333
17_Jul_2012  ,  2.438
16_Jul_2012  ,  2.438
14_Jul_2012  ,  2.467
13_Jul_2012  ,  2.467
12_Jul_2012  ,  2.519
11_Jul_2012  ,  2.642
10_Jul_2012  ,  2.79
9_Jul_2012  ,  2.857
8_Jul_2012  ,  3.006
7_Jul_2012  ,  2.994
6_Jul_2012  ,  2.964
5_Jul_2012  ,  3.043
4_Jul_2012  ,  3.006
3_Jul_2012  ,  2.994
2_Jul_2012  ,  2.964
1_Jul_2012  ,  3.043
30_Jun_2012  ,  2.989
29_Jun_2012  ,  3.043
28_Jun_2012  ,  2.989
27_Jun_2012  ,  2.977
26_Jun_2012  ,  3.026
25_Jun_2012  ,  3.166
24_Jun_2012  ,  3.111
22_Jun_2012  ,  3.111
21_Jun_2012  ,  3.136
20_Jun_2012  ,  3.124
19_Jun_2012  ,  3.1
18_Jun_2012  ,  3.167
17_Jun_2012  ,  3.216
16_Jun_2012  ,  3.174
15_Jun_2012  ,  3.216
14_Jun_2012  ,  3.174
13_Jun_2012  ,  3.162
12_Jun_2012  ,  3.168
11_Jun_2012  ,  3.181
10_Jun_2012  ,  3.114
8_Jun_2012  ,  3.114
7_Jun_2012  ,  3.157
6_Jun_2012  ,  3.024
5_Jun_2012  ,  3.133
4_Jun_2012  ,  3.121
3_Jun_2012  ,  3.109
1_Jun_2012  ,  3.109
31_May_2012  ,  3.206
30_May_2012  ,  3.274
29_May_2012  ,  3.268
28_May_2012  ,  3.226
27_May_2012  ,  3.226
26_May_2012  ,  3.256
25_May_2012  ,  3.226
24_May_2012  ,  3.256
23_May_2012  ,  3.281
22_May_2012  ,  3.343
21_May_2012  ,  3.318
20_May_2012  ,  3.349
19_May_2012  ,  3.343
18_May_2012  ,  3.349
17_May_2012  ,  3.343
16_May_2012  ,  3.313
15_May_2012  ,  3.331
14_May_2012  ,  3.381
13_May_2012  ,  3.27
11_May_2012  ,  3.27
10_May_2012  ,  3.307
9_May_2012  ,  3.258
8_May_2012  ,  3.271
7_May_2012  ,  3.271
6_May_2012  ,  3.23
5_May_2012  ,  3.313
4_May_2012  ,  3.23
3_May_2012  ,  3.313
2_May_2012  ,  3.397
1_May_2012  ,  3.381
30_Apr_2012  ,  3.381
29_Apr_2012  ,  3.45
27_Apr_2012  ,  3.45
26_Apr_2012  ,  3.409
25_Apr_2012  ,  3.436
24_Apr_2012  ,  3.387
23_Apr_2012  ,  3.445
22_Apr_2012  ,  3.451
21_Apr_2012  ,  3.451
20_Apr_2012  ,  3.451
19_Apr_2012  ,  3.451
18_Apr_2012  ,  3.455
17_Apr_2012  ,  3.474
16_Apr_2012  ,  3.451
15_Apr_2012  ,  3.52
14_Apr_2012  ,  3.474
13_Apr_2012  ,  3.52
12_Apr_2012  ,  3.474
11_Apr_2012  ,  3.537
10_Apr_2012  ,  3.57
9_Apr_2012  ,  3.52
8_Apr_2012  ,  3.519
7_Apr_2012  ,  3.517
6_Apr_2012  ,  3.52
5_Apr_2012  ,  3.519
4_Apr_2012  ,  3.517
3_Apr_2012  ,  3.523
2_Apr_2012  ,  3.61
1_Apr_2012  ,  3.558
31_Mar_2012  ,  3.523
30_Mar_2012  ,  3.558
29_Mar_2012  ,  3.523
28_Mar_2012  ,  3.513
27_Mar_2012  ,  3.51
26_Mar_2012  ,  3.508
25_Mar_2012  ,  3.474
24_Mar_2012  ,  3.5
23_Mar_2012  ,  3.474
22_Mar_2012  ,  3.5
21_Mar_2012  ,  3.562
20_Mar_2012  ,  3.67
19_Mar_2012  ,  3.7
18_Mar_2012  ,  3.67
17_Mar_2012  ,  3.513
16_Mar_2012  ,  3.67
15_Mar_2012  ,  3.513
14_Mar_2012  ,  3.507
13_Mar_2012  ,  3.351
12_Mar_2012  ,  3.452
11_Mar_2012  ,  3.483
10_Mar_2012  ,  3.398
9_Mar_2012  ,  3.483
8_Mar_2012  ,  3.398
7_Mar_2012  ,  3.411
6_Mar_2012  ,  3.324
5_Mar_2012  ,  3.303
4_Mar_2012  ,  3.318
3_Mar_2012  ,  3.332
2_Mar_2012  ,  3.318
1_Mar_2012  ,  3.332
29_Feb_2012  ,  3.328
28_Feb_2012  ,  3.356
27_Feb_2012  ,  3.323
25_Feb_2012  ,  3.353
24_Feb_2012  ,  3.353
23_Feb_2012  ,  3.344
22_Feb_2012  ,  3.382
21_Feb_2012  ,  3.406
20_Feb_2012  ,  3.411
19_Feb_2012  ,  3.411
18_Feb_2012  ,  3.408
17_Feb_2012  ,  3.411
16_Feb_2012  ,  3.408
15_Feb_2012  ,  3.306
14_Feb_2012  ,  3.307
13_Feb_2012  ,  3.286
10_Feb_2012  ,  3.272
9_Feb_2012  ,  3.263
8_Feb_2012  ,  3.225
7_Feb_2012  ,  3.257
6_Feb_2012  ,  3.32
3_Feb_2012  ,  3.303
2_Feb_2012  ,  3.209
1_Feb_2012  ,  3.217
31_Jan_2012  ,  3.206
30_Jan_2012  ,  3.206
27_Jan_2012  ,  3.249
26_Jan_2012  ,  3.234
25_Jan_2012  ,  3.39
24_Jan_2012  ,  3.403
23_Jan_2012  ,  3.479
20_Jan_2012  ,  3.6
19_Jan_2012  ,  3.506
18_Jan_2012  ,  3.47
17_Jan_2012  ,  3.489
16_Jan_2012  ,  3.484
13_Jan_2012  ,  3.486
12_Jan_2012  ,  3.625
11_Jan_2012  ,  3.553
10_Jan_2012  ,  3.657
9_Jan_2012  ,  3.673
6_Jan_2012  ,  3.673
5_Jan_2012  ,  3.729
4_Jan_2012  ,  3.592
3_Jan_2012  ,  3.662
2_Jan_2012  ,  3.612
30_Dec_2011  ,  3.59
29_Dec_2011  ,  3.59
28_Dec_2011  ,  3.638
27_Dec_2011  ,  3.669
23_Dec_2011  ,  3.78
22_Dec_2011  ,  3.78
21_Dec_2011  ,  3.685
20_Dec_2011  ,  3.752
19_Dec_2011  ,  3.873
16_Dec_2011  ,  3.712
15_Dec_2011  ,  3.811
14_Dec_2011  ,  3.815
13_Dec_2011  ,  3.853
12_Dec_2011  ,  3.853
9_Dec_2011  ,  3.849
8_Dec_2011  ,  3.815
7_Dec_2011  ,  3.822
6_Dec_2011  ,  3.882
5_Dec_2011  ,  3.911
2_Dec_2011  ,  3.872
1_Dec_2011  ,  4.133
30_Nov_2011  ,  4.254
29_Nov_2011  ,  4.267
28_Nov_2011  ,  4.445
25_Nov_2011  ,  4.436
24_Nov_2011  ,  4.357
23_Nov_2011  ,  4.423
22_Nov_2011  ,  4.024
21_Nov_2011  ,  4.05
18_Nov_2011  ,  3.961
17_Nov_2011  ,  3.886
16_Nov_2011  ,  3.886
15_Nov_2011  ,  3.817
14_Nov_2011  ,  3.795
11_Nov_2011  ,  3.641
10_Nov_2011  ,  3.605
9_Nov_2011  ,  3.402
8_Nov_2011  ,  3.34
7_Nov_2011  ,  3.362
4_Nov_2011  ,  3.368
3_Nov_2011  ,  3.367
2_Nov_2011  ,  3.32
1_Nov_2011  ,  3.262
31_Oct_2011  ,  3.252
28_Oct_2011  ,  3.286
27_Oct_2011  ,  3.286
26_Oct_2011  ,  3.126
25_Oct_2011  ,  3.147
24_Oct_2011  ,  3.134
21_Oct_2011  ,  3.128
20_Oct_2011  ,  3.131
19_Oct_2011  ,  3.142
18_Oct_2011  ,  3.128
17_Oct_2011  ,  3.165
14_Oct_2011  ,  3.165
13_Oct_2011  ,  3.185
12_Oct_2011  ,  3.177
11_Oct_2011  ,  3.188
10_Oct_2011  ,  3.16
7_Oct_2011  ,  3.176
6_Oct_2011  ,  3.112
5_Oct_2011  ,  3.112
4_Oct_2011  ,  3.062
3_Oct_2011  ,  3.012
30_Sep_2011  ,  3.013
29_Sep_2011  ,  3.088
28_Sep_2011  ,  3.013
27_Sep_2011  ,  3.013
26_Sep_2011  ,  3.039
23_Sep_2011  ,  3.014
22_Sep_2011  ,  2.984
21_Sep_2011  ,  2.984
20_Sep_2011  ,  2.985
19_Sep_2011  ,  3.059
16_Sep_2011  ,  3.003
15_Sep_2011  ,  3.019
14_Sep_2011  ,  2.937
13_Sep_2011  ,  2.889
12_Sep_2011  ,  2.868
9_Sep_2011  ,  3.017
8_Sep_2011  ,  2.98
7_Sep_2011  ,  2.836
6_Sep_2011  ,  2.837
5_Sep_2011  ,  2.843
2_Sep_2011  ,  2.942
1_Sep_2011  ,  2.957
31_Aug_2011  ,  3.064
30_Aug_2011  ,  3.232
29_Aug_2011  ,  3.045
26_Aug_2011  ,  3.06
25_Aug_2011  ,  3.145
24_Aug_2011  ,  3.437
23_Aug_2011  ,  3.309
22_Aug_2011  ,  3.313
19_Aug_2011  ,  3.489
18_Aug_2011  ,  3.416
17_Aug_2011  ,  3.489
16_Aug_2011  ,  3.416
15_Aug_2011  ,  3.438
12_Aug_2011  ,  3.437
11_Aug_2011  ,  3.432
10_Aug_2011  ,  3.446
9_Aug_2011  ,  3.464
8_Aug_2011  ,  3.466
5_Aug_2011  ,  3.502
4_Aug_2011  ,  3.573
3_Aug_2011  ,  3.593
2_Aug_2011  ,  3.618
1_Aug_2011  ,  3.762
29_Jul_2011  ,  3.727
28_Jul_2011  ,  3.774
27_Jul_2011  ,  3.783
26_Jul_2011  ,  3.794
25_Jul_2011  ,  3.761
22_Jul_2011  ,  3.789
21_Jul_2011  ,  3.827
20_Jul_2011  ,  3.815
19_Jul_2011  ,  3.796
18_Jul_2011  ,  3.823
15_Jul_2011  ,  3.802
14_Jul_2011  ,  3.749
13_Jul_2011  ,  3.83
12_Jul_2011  ,  3.749
11_Jul_2011  ,  3.768
8_Jul_2011  ,  3.768
7_Jul_2011  ,  3.854
6_Jul_2011  ,  3.838
5_Jul_2011  ,  3.868
4_Jul_2011  ,  3.838
1_Jul_2011  ,  3.868
30_Jun_2011  ,  3.841
29_Jun_2011  ,  3.88
28_Jun_2011  ,  3.806
27_Jun_2011  ,  3.775
24_Jun_2011  ,  3.794
23_Jun_2011  ,  3.78
22_Jun_2011  ,  3.79
21_Jun_2011  ,  3.781
20_Jun_2011  ,  3.866
17_Jun_2011  ,  3.733
16_Jun_2011  ,  3.71
15_Jun_2011  ,  3.718
14_Jun_2011  ,  3.709
13_Jun_2011  ,  3.664
10_Jun_2011  ,  3.724
9_Jun_2011  ,  3.708
8_Jun_2011  ,  3.711
7_Jun_2011  ,  3.794
6_Jun_2011  ,  3.672
3_Jun_2011  ,  3.697
2_Jun_2011  ,  3.677
1_Jun_2011  ,  3.709
31_May_2011  ,  3.774
30_May_2011  ,  3.729
27_May_2011  ,  3.761
26_May_2011  ,  3.808
25_May_2011  ,  3.81
24_May_2011  ,  3.826
23_May_2011  ,  3.805
20_May_2011  ,  3.853
19_May_2011  ,  3.826
18_May_2011  ,  3.787
17_May_2011  ,  3.799
16_May_2011  ,  3.839
13_May_2011  ,  3.799
12_May_2011  ,  3.784
11_May_2011  ,  3.813
10_May_2011  ,  3.858
9_May_2011  ,  3.849
6_May_2011  ,  3.878
5_May_2011  ,  3.93
4_May_2011  ,  4.002
3_May_2011  ,  3.969
2_May_2011  ,  4.008
29_Apr_2011  ,  3.977
28_Apr_2011  ,  3.995
27_Apr_2011  ,  3.989
26_Apr_2011  ,  4.008
21_Apr_2011  ,  4.034
20_Apr_2011  ,  4.021
19_Apr_2011  ,  4.001
18_Apr_2011  ,  4.001
15_Apr_2011  ,  4.034
14_Apr_2011  ,  4.063
13_Apr_2011  ,  4.053
12_Apr_2011  ,  4.066
11_Apr_2011  ,  4.132
8_Apr_2011  ,  4.119
7_Apr_2011  ,  4.099
6_Apr_2011  ,  4.086
5_Apr_2011  ,  4.152
4_Apr_2011  ,  4.098
1_Apr_2011  ,  4.09
31_Mar_2011  ,  4.059
30_Mar_2011  ,  4.046
29_Mar_2011  ,  4.026
28_Mar_2011  ,  4.013
25_Mar_2011  ,  3.967
24_Mar_2011  ,  3.967
23_Mar_2011  ,  3.967
22_Mar_2011  ,  3.98
21_Mar_2011  ,  4.006
18_Mar_2011  ,  3.954
17_Mar_2011  ,  3.941
16_Mar_2011  ,  3.902
15_Mar_2011  ,  3.901
14_Mar_2011  ,  3.979
11_Mar_2011  ,  4.031
10_Mar_2011  ,  4.031
9_Mar_2011  ,  4.116
8_Mar_2011  ,  4.136
7_Mar_2011  ,  4.136
4_Mar_2011  ,  4.096
3_Mar_2011  ,  4.027
2_Mar_2011  ,  4.027
1_Mar_2011  ,  4.069
28_Feb_2011  ,  4.026
25_Feb_2011  ,  4.017
24_Feb_2011  ,  4.024
23_Feb_2011  ,  4.095
22_Feb_2011  ,  4.108
21_Feb_2011  ,  4.058
18_Feb_2011  ,  4.078
17_Feb_2011  ,  4.104
16_Feb_2011  ,  4.173
15_Feb_2011  ,  4.173
14_Feb_2011  ,  4.062
11_Feb_2011  ,  4.107
10_Feb_2011  ,  4.12
9_Feb_2011  ,  4.068
8_Feb_2011  ,  4.042
7_Feb_2011  ,  4.042
4_Feb_2011  ,  4.042
3_Feb_2011  ,  4.016
2_Feb_2011  ,  3.984
1_Feb_2011  ,  3.99
31_Jan_2011  ,  3.99
28_Jan_2011  ,  4.052
27_Jan_2011  ,  4.041
26_Jan_2011  ,  4.028
25_Jan_2011  ,  4.054
24_Jan_2011  ,  4.054
21_Jan_2011  ,  4.028
20_Jan_2011  ,  4.028
19_Jan_2011  ,  4.028
18_Jan_2011  ,  4.034
17_Jan_2011  ,  4.015
14_Jan_2011  ,  4.015
13_Jan_2011  ,  4.015
12_Jan_2011  ,  4.015
11_Jan_2011  ,  3.982
10_Jan_2011  ,  3.938
7_Jan_2011  ,  3.938
6_Jan_2011  ,  3.931
5_Jan_2011  ,  3.899
4_Jan_2011  ,  3.95
3_Jan_2011  ,  3.95
31_Dec_2010  ,  3.963
30_Dec_2010  ,  3.963
29_Dec_2010  ,  3.963
28_Dec_2010  ,  3.963
27_Dec_2010  ,  3.912
24_Dec_2010  ,  3.963
23_Dec_2010  ,  3.963
22_Dec_2010  ,  3.963
21_Dec_2010  ,  3.963
20_Dec_2010  ,  3.962
17_Dec_2010  ,  3.962
16_Dec_2010  ,  3.962
15_Dec_2010  ,  3.924
14_Dec_2010  ,  3.924
13_Dec_2010  ,  3.968
10_Dec_2010  ,  3.949
9_Dec_2010  ,  3.943
8_Dec_2010  ,  4.0
7_Dec_2010  ,  3.937
6_Dec_2010  ,  3.905
3_Dec_2010  ,  3.873
2_Dec_2010  ,  3.917
1_Dec_2010  ,  3.848
30_Nov_2010  ,  3.829
29_Nov_2010  ,  3.811
26_Nov_2010  ,  3.773
25_Nov_2010  ,  3.749
24_Nov_2010  ,  3.736
23_Nov_2010  ,  3.687
22_Nov_2010  ,  3.724
19_Nov_2010  ,  3.626
18_Nov_2010  ,  3.65
17_Nov_2010  ,  3.614
16_Nov_2010  ,  3.614
15_Nov_2010  ,  3.604
12_Nov_2010  ,  3.577
11_Nov_2010  ,  3.626
10_Nov_2010  ,  3.626
9_Nov_2010  ,  3.626
8_Nov_2010  ,  3.584
5_Nov_2010  ,  3.596
4_Nov_2010  ,  3.62
3_Nov_2010  ,  3.608
2_Nov_2010  ,  3.663
1_Nov_2010  ,  3.688
29_Oct_2010  ,  3.712
28_Oct_2010  ,  3.688
27_Oct_2010  ,  3.688
26_Oct_2010  ,  3.602
25_Oct_2010  ,  3.584
22_Oct_2010  ,  3.506
21_Oct_2010  ,  3.506
20_Oct_2010  ,  3.566
19_Oct_2010  ,  3.53
18_Oct_2010  ,  3.441
15_Oct_2010  ,  3.441
14_Oct_2010  ,  3.411
13_Oct_2010  ,  3.441
12_Oct_2010  ,  3.412
11_Oct_2010  ,  3.418
8_Oct_2010  ,  3.412
7_Oct_2010  ,  3.412
6_Oct_2010  ,  3.418
5_Oct_2010  ,  3.442
4_Oct_2010  ,  3.442
1_Oct_2010  ,  3.418
30_Sep_2010  ,  3.418
29_Sep_2010  ,  3.448
28_Sep_2010  ,  3.478
27_Sep_2010  ,  3.478
24_Sep_2010  ,  3.478
23_Sep_2010  ,  3.431
22_Sep_2010  ,  3.538
21_Sep_2010  ,  3.467
20_Sep_2010  ,  3.461
17_Sep_2010  ,  3.437
16_Sep_2010  ,  3.449
15_Sep_2010  ,  3.414
14_Sep_2010  ,  3.414
13_Sep_2010  ,  3.45
10_Sep_2010  ,  3.332
9_Sep_2010  ,  3.332
8_Sep_2010  ,  3.315
7_Sep_2010  ,  3.351
6_Sep_2010  ,  3.368
3_Sep_2010  ,  3.392
2_Sep_2010  ,  3.298
1_Sep_2010  ,  3.368
31_Aug_2010  ,  3.34
30_Aug_2010  ,  3.322
27_Aug_2010  ,  3.352
26_Aug_2010  ,  3.375
25_Aug_2010  ,  3.363
24_Aug_2010  ,  3.487
23_Aug_2010  ,  3.534
20_Aug_2010  ,  3.546
19_Aug_2010  ,  3.612
18_Aug_2010  ,  3.582
17_Aug_2010  ,  3.606
16_Aug_2010  ,  3.63
13_Aug_2010  ,  3.636
12_Aug_2010  ,  3.612
11_Aug_2010  ,  3.708
10_Aug_2010  ,  3.779
9_Aug_2010  ,  3.798
6_Aug_2010  ,  3.798
5_Aug_2010  ,  3.883
4_Aug_2010  ,  3.834
3_Aug_2010  ,  3.859
2_Aug_2010  ,  3.834
30_Jul_2010  ,  3.883
29_Jul_2010  ,  3.865
28_Jul_2010  ,  3.883
27_Jul_2010  ,  3.901
26_Jul_2010  ,  3.901
23_Jul_2010  ,  3.883
22_Jul_2010  ,  3.87
21_Jul_2010  ,  4.024
20_Jul_2010  ,  4.067
19_Jul_2010  ,  4.079
16_Jul_2010  ,  4.092
15_Jul_2010  ,  4.067
14_Jul_2010  ,  4.104
13_Jul_2010  ,  4.122
12_Jul_2010  ,  4.179
9_Jul_2010  ,  4.141
8_Jul_2010  ,  4.166
7_Jul_2010  ,  4.141
6_Jul_2010  ,  4.128
5_Jul_2010  ,  4.14
2_Jul_2010  ,  4.128
1_Jul_2010  ,  4.14
30_Jun_2010  ,  4.165
29_Jun_2010  ,  4.221
28_Jun_2010  ,  4.206
25_Jun_2010  ,  4.265
24_Jun_2010  ,  4.246
23_Jun_2010  ,  4.309
22_Jun_2010  ,  4.327
21_Jun_2010  ,  4.353
18_Jun_2010  ,  4.34
17_Jun_2010  ,  4.289
16_Jun_2010  ,  4.365
15_Jun_2010  ,  4.326
14_Jun_2010  ,  4.295
11_Jun_2010  ,  4.339
10_Jun_2010  ,  4.351
9_Jun_2010  ,  4.415
8_Jun_2010  ,  4.376
7_Jun_2010  ,  4.389
4_Jun_2010  ,  4.389
3_Jun_2010  ,  4.331
2_Jun_2010  ,  4.331
1_Jun_2010  ,  4.299
31_May_2010  ,  4.224
28_May_2010  ,  4.299
27_May_2010  ,  4.299
26_May_2010  ,  4.299
25_May_2010  ,  4.298
24_May_2010  ,  4.223
21_May_2010  ,  4.173
20_May_2010  ,  4.111
19_May_2010  ,  4.111
18_May_2010  ,  4.136
17_May_2010  ,  4.133
14_May_2010  ,  4.111
13_May_2010  ,  4.121
12_May_2010  ,  4.144
11_May_2010  ,  4.16
10_May_2010  ,  4.184
7_May_2010  ,  4.184
6_May_2010  ,  4.166
5_May_2010  ,  4.172
4_May_2010  ,  4.061
3_May_2010  ,  4.048
30_Apr_2010  ,  4.061
29_Apr_2010  ,  4.109
28_Apr_2010  ,  4.091
27_Apr_2010  ,  3.681
26_Apr_2010  ,  3.681
