26_Jun_2018  ,  2.946
25_Jun_2018  ,  2.853
23_Jun_2018  ,  2.853
22_Jun_2018  ,  2.712
21_Jun_2018  ,  2.751
20_Jun_2018  ,  2.561
19_Jun_2018  ,  2.56
18_Jun_2018  ,  2.559
17_Jun_2018  ,  2.559
16_Jun_2018  ,  2.559
15_Jun_2018  ,  2.617
14_Jun_2018  ,  2.755
13_Jun_2018  ,  2.815
12_Jun_2018  ,  2.874
11_Jun_2018  ,  2.859
9_Jun_2018  ,  2.859
8_Jun_2018  ,  3.13
7_Jun_2018  ,  3.012
6_Jun_2018  ,  2.931
5_Jun_2018  ,  2.758
4_Jun_2018  ,  2.559
3_Jun_2018  ,  2.559
1_Jun_2018  ,  2.739
31_May_2018  ,  2.836
30_May_2018  ,  3.054
29_May_2018  ,  3.104
28_May_2018  ,  2.682
27_May_2018  ,  2.682
25_May_2018  ,  2.453
24_May_2018  ,  2.4
23_May_2018  ,  2.407
22_May_2018  ,  2.325
21_May_2018  ,  2.335
20_May_2018  ,  2.221
18_May_2018  ,  2.217
17_May_2018  ,  2.114
16_May_2018  ,  2.095
15_May_2018  ,  1.938
14_May_2018  ,  1.913
13_May_2018  ,  1.913
11_May_2018  ,  1.883
10_May_2018  ,  1.935
9_May_2018  ,  1.876
8_May_2018  ,  1.862
7_May_2018  ,  1.763
4_May_2018  ,  1.793
3_May_2018  ,  1.734
2_May_2018  ,  1.78
1_May_2018  ,  1.786
30_Apr_2018  ,  1.78
27_Apr_2018  ,  1.735
26_Apr_2018  ,  1.745
25_Apr_2018  ,  1.779
24_Apr_2018  ,  1.776
23_Apr_2018  ,  1.792
20_Apr_2018  ,  1.768
19_Apr_2018  ,  1.777
18_Apr_2018  ,  1.719
17_Apr_2018  ,  1.76
16_Apr_2018  ,  1.8
14_Apr_2018  ,  1.798
13_Apr_2018  ,  1.793
12_Apr_2018  ,  1.808
11_Apr_2018  ,  1.78
10_Apr_2018  ,  1.793
9_Apr_2018  ,  1.766
6_Apr_2018  ,  1.784
5_Apr_2018  ,  1.777
4_Apr_2018  ,  1.743
3_Apr_2018  ,  1.786
30_Mar_2018  ,  1.79
29_Mar_2018  ,  1.787
28_Mar_2018  ,  1.841
27_Mar_2018  ,  1.873
26_Mar_2018  ,  1.911
24_Mar_2018  ,  1.878
23_Mar_2018  ,  1.874
22_Mar_2018  ,  1.882
21_Mar_2018  ,  1.932
20_Mar_2018  ,  1.896
19_Mar_2018  ,  1.962
16_Mar_2018  ,  1.978
15_Mar_2018  ,  1.98
14_Mar_2018  ,  2.01
13_Mar_2018  ,  1.988
12_Mar_2018  ,  1.999
9_Mar_2018  ,  2.004
8_Mar_2018  ,  1.981
7_Mar_2018  ,  2.045
6_Mar_2018  ,  2.087
5_Mar_2018  ,  2.082
2_Mar_2018  ,  2.04
1_Mar_2018  ,  2.028
28_Feb_2018  ,  2.068
27_Feb_2018  ,  2.093
26_Feb_2018  ,  2.109
23_Feb_2018  ,  2.156
22_Feb_2018  ,  2.169
21_Feb_2018  ,  2.143
20_Feb_2018  ,  2.069
19_Feb_2018  ,  2.042
18_Feb_2018  ,  1.983
16_Feb_2018  ,  1.986
15_Feb_2018  ,  2.063
14_Feb_2018  ,  2.057
13_Feb_2018  ,  2.078
12_Feb_2018  ,  2.026
9_Feb_2018  ,  2.033
8_Feb_2018  ,  1.995
7_Feb_2018  ,  1.943
6_Feb_2018  ,  1.988
5_Feb_2018  ,  2.031
2_Feb_2018  ,  2.031
1_Feb_2018  ,  1.956
31_Jan_2018  ,  2.021
30_Jan_2018  ,  2.028
29_Jan_2018  ,  2.021
26_Jan_2018  ,  2.003
25_Jan_2018  ,  1.958
24_Jan_2018  ,  1.908
23_Jan_2018  ,  1.89
22_Jan_2018  ,  1.917
19_Jan_2018  ,  1.958
18_Jan_2018  ,  1.979
17_Jan_2018  ,  1.988
16_Jan_2018  ,  1.968
15_Jan_2018  ,  1.996
12_Jan_2018  ,  1.991
11_Jan_2018  ,  2.058
10_Jan_2018  ,  2.038
9_Jan_2018  ,  2.028
8_Jan_2018  ,  1.977
7_Jan_2018  ,  1.977
5_Jan_2018  ,  1.994
4_Jan_2018  ,  2.011
3_Jan_2018  ,  2.068
2_Jan_2018  ,  2.099
1_Jan_2018  ,  2.099
29_Dec_2017  ,  1.998
28_Dec_2017  ,  1.948
27_Dec_2017  ,  1.909
26_Dec_2017  ,  1.914
25_Dec_2017  ,  1.916
22_Dec_2017  ,  1.907
21_Dec_2017  ,  1.906
20_Dec_2017  ,  1.94
19_Dec_2017  ,  1.89
18_Dec_2017  ,  1.8
16_Dec_2017  ,  1.814
15_Dec_2017  ,  1.812
14_Dec_2017  ,  1.791
13_Dec_2017  ,  1.78
12_Dec_2017  ,  1.704
11_Dec_2017  ,  1.653
8_Dec_2017  ,  1.643
7_Dec_2017  ,  1.674
6_Dec_2017  ,  1.719
5_Dec_2017  ,  1.707
4_Dec_2017  ,  1.727
2_Dec_2017  ,  1.727
1_Dec_2017  ,  1.703
30_Nov_2017  ,  1.741
29_Nov_2017  ,  1.792
28_Nov_2017  ,  1.778
27_Nov_2017  ,  1.786
24_Nov_2017  ,  1.825
23_Nov_2017  ,  1.775
22_Nov_2017  ,  1.765
21_Nov_2017  ,  1.775
20_Nov_2017  ,  1.811
17_Nov_2017  ,  1.833
16_Nov_2017  ,  1.838
15_Nov_2017  ,  1.821
14_Nov_2017  ,  1.823
13_Nov_2017  ,  1.83
10_Nov_2017  ,  1.846
9_Nov_2017  ,  1.814
8_Nov_2017  ,  1.734
7_Nov_2017  ,  1.699
6_Nov_2017  ,  1.781
3_Nov_2017  ,  1.789
2_Nov_2017  ,  1.799
1_Nov_2017  ,  1.8
31_Oct_2017  ,  1.825
30_Oct_2017  ,  1.847
29_Oct_2017  ,  1.95
27_Oct_2017  ,  1.946
26_Oct_2017  ,  1.957
25_Oct_2017  ,  2.034
24_Oct_2017  ,  2.052
23_Oct_2017  ,  2.006
22_Oct_2017  ,  2.049
20_Oct_2017  ,  2.046
19_Oct_2017  ,  2.033
18_Oct_2017  ,  2.043
17_Oct_2017  ,  2.002
16_Oct_2017  ,  2.03
13_Oct_2017  ,  2.085
12_Oct_2017  ,  2.116
11_Oct_2017  ,  2.167
10_Oct_2017  ,  2.186
9_Oct_2017  ,  2.173
6_Oct_2017  ,  2.204
5_Oct_2017  ,  2.208
4_Oct_2017  ,  2.255
3_Oct_2017  ,  2.222
2_Oct_2017  ,  2.211
29_Sep_2017  ,  2.171
28_Sep_2017  ,  2.191
27_Sep_2017  ,  2.21
26_Sep_2017  ,  2.188
25_Sep_2017  ,  2.166
22_Sep_2017  ,  2.172
21_Sep_2017  ,  2.175
20_Sep_2017  ,  2.134
19_Sep_2017  ,  2.109
18_Sep_2017  ,  2.137
15_Sep_2017  ,  2.141
14_Sep_2017  ,  2.126
13_Sep_2017  ,  2.099
12_Sep_2017  ,  2.085
11_Sep_2017  ,  2.028
8_Sep_2017  ,  1.959
7_Sep_2017  ,  1.919
6_Sep_2017  ,  2.027
5_Sep_2017  ,  1.997
4_Sep_2017  ,  2.038
1_Sep_2017  ,  2.075
31_Aug_2017  ,  2.042
30_Aug_2017  ,  2.078
29_Aug_2017  ,  2.064
28_Aug_2017  ,  2.08
25_Aug_2017  ,  2.096
24_Aug_2017  ,  2.108
23_Aug_2017  ,  2.115
22_Aug_2017  ,  2.099
21_Aug_2017  ,  2.03
18_Aug_2017  ,  2.032
17_Aug_2017  ,  2.025
16_Aug_2017  ,  2.043
15_Aug_2017  ,  2.049
14_Aug_2017  ,  2.016
11_Aug_2017  ,  2.029
10_Aug_2017  ,  2.031
9_Aug_2017  ,  2.01
8_Aug_2017  ,  1.999
7_Aug_2017  ,  1.99
6_Aug_2017  ,  2.015
4_Aug_2017  ,  2.013
3_Aug_2017  ,  1.986
2_Aug_2017  ,  2.011
1_Aug_2017  ,  2.012
31_Jul_2017  ,  2.091
28_Jul_2017  ,  2.121
27_Jul_2017  ,  2.089
26_Jul_2017  ,  2.124
25_Jul_2017  ,  2.137
24_Jul_2017  ,  2.054
21_Jul_2017  ,  2.072
20_Jul_2017  ,  2.109
19_Jul_2017  ,  2.191
18_Jul_2017  ,  2.19
17_Jul_2017  ,  2.234
16_Jul_2017  ,  2.289
14_Jul_2017  ,  2.289
13_Jul_2017  ,  2.321
12_Jul_2017  ,  2.248
11_Jul_2017  ,  2.321
10_Jul_2017  ,  2.276
7_Jul_2017  ,  2.341
6_Jul_2017  ,  2.263
5_Jul_2017  ,  2.152
4_Jul_2017  ,  2.109
3_Jul_2017  ,  2.133
2_Jul_2017  ,  2.159
1_Jul_2017  ,  2.159
30_Jun_2017  ,  2.155
29_Jun_2017  ,  2.149
28_Jun_2017  ,  2.027
27_Jun_2017  ,  2.056
26_Jun_2017  ,  1.892
25_Jun_2017  ,  1.913
23_Jun_2017  ,  1.92
22_Jun_2017  ,  1.905
21_Jun_2017  ,  1.903
20_Jun_2017  ,  1.911
19_Jun_2017  ,  1.95
16_Jun_2017  ,  1.989
15_Jun_2017  ,  1.966
14_Jun_2017  ,  1.938
13_Jun_2017  ,  1.976
12_Jun_2017  ,  2.015
9_Jun_2017  ,  2.084
8_Jun_2017  ,  2.172
7_Jun_2017  ,  2.297
6_Jun_2017  ,  2.254
5_Jun_2017  ,  2.271
2_Jun_2017  ,  2.261
1_Jun_2017  ,  2.252
31_May_2017  ,  2.199
30_May_2017  ,  2.176
29_May_2017  ,  2.178
26_May_2017  ,  2.096
25_May_2017  ,  2.111
24_May_2017  ,  2.133
23_May_2017  ,  2.117
22_May_2017  ,  2.135
19_May_2017  ,  2.133
18_May_2017  ,  2.143
17_May_2017  ,  2.149
16_May_2017  ,  2.233
15_May_2017  ,  2.273
12_May_2017  ,  2.253
11_May_2017  ,  2.288
10_May_2017  ,  2.245
9_May_2017  ,  2.278
8_May_2017  ,  2.239
7_May_2017  ,  2.174
5_May_2017  ,  2.165
4_May_2017  ,  2.249
3_May_2017  ,  2.259
2_May_2017  ,  2.306
28_Apr_2017  ,  2.281
27_Apr_2017  ,  2.249
26_Apr_2017  ,  2.305
25_Apr_2017  ,  2.27
24_Apr_2017  ,  2.176
22_Apr_2017  ,  2.263
21_Apr_2017  ,  2.252
20_Apr_2017  ,  2.272
19_Apr_2017  ,  2.27
18_Apr_2017  ,  2.256
17_Apr_2017  ,  2.312
13_Apr_2017  ,  2.307
12_Apr_2017  ,  2.295
11_Apr_2017  ,  2.272
10_Apr_2017  ,  2.235
7_Apr_2017  ,  2.228
6_Apr_2017  ,  2.265
5_Apr_2017  ,  2.266
4_Apr_2017  ,  2.277
3_Apr_2017  ,  2.316
31_Mar_2017  ,  2.312
30_Mar_2017  ,  2.307
29_Mar_2017  ,  2.296
28_Mar_2017  ,  2.325
27_Mar_2017  ,  2.369
26_Mar_2017  ,  2.408
24_Mar_2017  ,  2.397
23_Mar_2017  ,  2.448
22_Mar_2017  ,  2.441
21_Mar_2017  ,  2.493
20_Mar_2017  ,  2.535
18_Mar_2017  ,  2.535
17_Mar_2017  ,  2.534
16_Mar_2017  ,  2.362
15_Mar_2017  ,  2.3
14_Mar_2017  ,  2.339
13_Mar_2017  ,  2.361
10_Mar_2017  ,  2.359
9_Mar_2017  ,  2.313
8_Mar_2017  ,  2.256
7_Mar_2017  ,  2.191
6_Mar_2017  ,  2.163
3_Mar_2017  ,  2.101
2_Mar_2017  ,  2.137
1_Mar_2017  ,  2.122
28_Feb_2017  ,  2.085
27_Feb_2017  ,  2.132
24_Feb_2017  ,  2.196
23_Feb_2017  ,  2.219
22_Feb_2017  ,  2.19
21_Feb_2017  ,  2.233
20_Feb_2017  ,  2.178
17_Feb_2017  ,  2.187
16_Feb_2017  ,  2.145
15_Feb_2017  ,  2.239
14_Feb_2017  ,  2.23
13_Feb_2017  ,  2.222
10_Feb_2017  ,  2.269
9_Feb_2017  ,  2.171
8_Feb_2017  ,  2.246
7_Feb_2017  ,  2.363
6_Feb_2017  ,  2.374
3_Feb_2017  ,  2.271
2_Feb_2017  ,  2.231
1_Feb_2017  ,  2.31
31_Jan_2017  ,  2.259
30_Jan_2017  ,  2.325
27_Jan_2017  ,  2.229
26_Jan_2017  ,  2.234
25_Jan_2017  ,  2.11
24_Jan_2017  ,  2.046
23_Jan_2017  ,  1.992
20_Jan_2017  ,  2.026
19_Jan_2017  ,  1.988
18_Jan_2017  ,  1.964
17_Jan_2017  ,  1.915
16_Jan_2017  ,  1.913
13_Jan_2017  ,  1.902
12_Jan_2017  ,  1.901
11_Jan_2017  ,  1.872
10_Jan_2017  ,  1.922
9_Jan_2017  ,  1.905
6_Jan_2017  ,  1.969
5_Jan_2017  ,  1.937
4_Jan_2017  ,  1.877
3_Jan_2017  ,  1.873
2_Jan_2017  ,  1.748
30_Dec_2016  ,  1.819
29_Dec_2016  ,  1.803
28_Dec_2016  ,  1.821
27_Dec_2016  ,  1.852
23_Dec_2016  ,  1.827
22_Dec_2016  ,  1.861
21_Dec_2016  ,  1.832
20_Dec_2016  ,  1.848
19_Dec_2016  ,  1.829
16_Dec_2016  ,  1.878
15_Dec_2016  ,  1.829
14_Dec_2016  ,  1.799
13_Dec_2016  ,  1.877
12_Dec_2016  ,  2.002
9_Dec_2016  ,  2.045
8_Dec_2016  ,  2.001
7_Dec_2016  ,  1.895
6_Dec_2016  ,  1.949
5_Dec_2016  ,  1.993
2_Dec_2016  ,  1.907
1_Dec_2016  ,  2.066
30_Nov_2016  ,  1.989
29_Nov_2016  ,  1.947
28_Nov_2016  ,  2.072
25_Nov_2016  ,  2.095
24_Nov_2016  ,  2.135
23_Nov_2016  ,  2.118
22_Nov_2016  ,  2.025
21_Nov_2016  ,  2.073
18_Nov_2016  ,  2.097
17_Nov_2016  ,  2.097
16_Nov_2016  ,  2.034
15_Nov_2016  ,  1.967
14_Nov_2016  ,  2.082
11_Nov_2016  ,  2.027
10_Nov_2016  ,  1.903
9_Nov_2016  ,  1.759
8_Nov_2016  ,  1.723
7_Nov_2016  ,  1.709
4_Nov_2016  ,  1.75
3_Nov_2016  ,  1.698
2_Nov_2016  ,  1.667
1_Nov_2016  ,  1.762
31_Oct_2016  ,  1.676
28_Oct_2016  ,  1.657
27_Oct_2016  ,  1.605
26_Oct_2016  ,  1.536
25_Oct_2016  ,  1.45
24_Oct_2016  ,  1.457
21_Oct_2016  ,  1.444
20_Oct_2016  ,  1.435
19_Oct_2016  ,  1.452
18_Oct_2016  ,  1.306
17_Oct_2016  ,  1.403
15_Oct_2016  ,  1.381
14_Oct_2016  ,  1.381
13_Oct_2016  ,  1.38
12_Oct_2016  ,  1.419
11_Oct_2016  ,  1.376
10_Oct_2016  ,  1.397
8_Oct_2016  ,  1.397
7_Oct_2016  ,  1.385
6_Oct_2016  ,  1.349
5_Oct_2016  ,  1.362
4_Oct_2016  ,  1.263
3_Oct_2016  ,  1.248
1_Oct_2016  ,  1.248
30_Sep_2016  ,  1.189
29_Sep_2016  ,  1.213
28_Sep_2016  ,  1.184
27_Sep_2016  ,  1.208
26_Sep_2016  ,  1.189
25_Sep_2016  ,  1.203
24_Sep_2016  ,  1.203
23_Sep_2016  ,  1.214
22_Sep_2016  ,  1.187
21_Sep_2016  ,  1.285
20_Sep_2016  ,  1.254
19_Sep_2016  ,  1.314
17_Sep_2016  ,  1.347
16_Sep_2016  ,  1.344
15_Sep_2016  ,  1.335
14_Sep_2016  ,  1.294
13_Sep_2016  ,  1.309
12_Sep_2016  ,  1.277
11_Sep_2016  ,  1.277
10_Sep_2016  ,  1.277
9_Sep_2016  ,  1.253
8_Sep_2016  ,  1.159
7_Sep_2016  ,  1.081
6_Sep_2016  ,  1.095
5_Sep_2016  ,  1.159
3_Sep_2016  ,  1.159
2_Sep_2016  ,  1.171
1_Sep_2016  ,  1.182
31_Aug_2016  ,  1.15
30_Aug_2016  ,  1.108
29_Aug_2016  ,  1.137
28_Aug_2016  ,  1.137
27_Aug_2016  ,  1.137
26_Aug_2016  ,  1.119
25_Aug_2016  ,  1.133
24_Aug_2016  ,  1.126
23_Aug_2016  ,  1.128
22_Aug_2016  ,  1.111
19_Aug_2016  ,  1.136
18_Aug_2016  ,  1.077
17_Aug_2016  ,  1.116
16_Aug_2016  ,  1.122
15_Aug_2016  ,  1.061
14_Aug_2016  ,  1.058
13_Aug_2016  ,  1.058
12_Aug_2016  ,  1.046
11_Aug_2016  ,  1.062
10_Aug_2016  ,  1.077
9_Aug_2016  ,  1.119
8_Aug_2016  ,  1.128
6_Aug_2016  ,  1.141
5_Aug_2016  ,  1.141
4_Aug_2016  ,  1.145
3_Aug_2016  ,  1.218
2_Aug_2016  ,  1.217
1_Aug_2016  ,  1.181
29_Jul_2016  ,  1.168
28_Jul_2016  ,  1.202
27_Jul_2016  ,  1.214
26_Jul_2016  ,  1.251
25_Jul_2016  ,  1.237
22_Jul_2016  ,  1.235
21_Jul_2016  ,  1.248
20_Jul_2016  ,  1.245
19_Jul_2016  ,  1.237
18_Jul_2016  ,  1.256
15_Jul_2016  ,  1.258
14_Jul_2016  ,  1.224
13_Jul_2016  ,  1.206
12_Jul_2016  ,  1.229
11_Jul_2016  ,  1.222
10_Jul_2016  ,  1.222
8_Jul_2016  ,  1.187
7_Jul_2016  ,  1.243
6_Jul_2016  ,  1.236
5_Jul_2016  ,  1.245
4_Jul_2016  ,  1.248
3_Jul_2016  ,  1.248
1_Jul_2016  ,  1.235
30_Jun_2016  ,  1.273
29_Jun_2016  ,  1.31
28_Jun_2016  ,  1.336
27_Jun_2016  ,  1.432
24_Jun_2016  ,  1.489
23_Jun_2016  ,  1.331
22_Jun_2016  ,  1.368
21_Jun_2016  ,  1.378
20_Jun_2016  ,  1.374
17_Jun_2016  ,  1.448
16_Jun_2016  ,  1.49
15_Jun_2016  ,  1.418
14_Jun_2016  ,  1.446
13_Jun_2016  ,  1.382
10_Jun_2016  ,  1.312
9_Jun_2016  ,  1.297
8_Jun_2016  ,  1.326
7_Jun_2016  ,  1.355
6_Jun_2016  ,  1.404
5_Jun_2016  ,  1.404
4_Jun_2016  ,  1.404
3_Jun_2016  ,  1.339
2_Jun_2016  ,  1.398
1_Jun_2016  ,  1.395
31_May_2016  ,  1.368
30_May_2016  ,  1.372
28_May_2016  ,  1.354
27_May_2016  ,  1.367
26_May_2016  ,  1.378
25_May_2016  ,  1.356
24_May_2016  ,  1.436
23_May_2016  ,  1.5
21_May_2016  ,  1.5
20_May_2016  ,  1.489
19_May_2016  ,  1.511
18_May_2016  ,  1.492
17_May_2016  ,  1.457
16_May_2016  ,  1.492
14_May_2016  ,  1.492
13_May_2016  ,  1.484
12_May_2016  ,  1.51
11_May_2016  ,  1.463
10_May_2016  ,  1.461
9_May_2016  ,  1.486
7_May_2016  ,  1.501
6_May_2016  ,  1.479
5_May_2016  ,  1.514
4_May_2016  ,  1.49
3_May_2016  ,  1.47
2_May_2016  ,  1.476
30_Apr_2016  ,  1.476
29_Apr_2016  ,  1.504
28_Apr_2016  ,  1.468
27_Apr_2016  ,  1.506
26_Apr_2016  ,  1.535
25_Apr_2016  ,  1.541
23_Apr_2016  ,  1.473
22_Apr_2016  ,  1.474
21_Apr_2016  ,  1.449
20_Apr_2016  ,  1.391
19_Apr_2016  ,  1.4
18_Apr_2016  ,  1.35
16_Apr_2016  ,  1.344
15_Apr_2016  ,  1.344
14_Apr_2016  ,  1.359
13_Apr_2016  ,  1.319
12_Apr_2016  ,  1.379
11_Apr_2016  ,  1.344
9_Apr_2016  ,  1.344
8_Apr_2016  ,  1.319
7_Apr_2016  ,  1.417
6_Apr_2016  ,  1.291
5_Apr_2016  ,  1.286
4_Apr_2016  ,  1.255
2_Apr_2016  ,  1.231
1_Apr_2016  ,  1.216
31_Mar_2016  ,  1.226
30_Mar_2016  ,  1.227
29_Mar_2016  ,  1.244
28_Mar_2016  ,  1.244
26_Mar_2016  ,  1.244
25_Mar_2016  ,  1.244
24_Mar_2016  ,  1.3
23_Mar_2016  ,  1.309
22_Mar_2016  ,  1.258
21_Mar_2016  ,  1.251
19_Mar_2016  ,  1.251
18_Mar_2016  ,  1.271
17_Mar_2016  ,  1.27
16_Mar_2016  ,  1.324
15_Mar_2016  ,  1.366
14_Mar_2016  ,  1.291
12_Mar_2016  ,  1.332
11_Mar_2016  ,  1.325
10_Mar_2016  ,  1.454
9_Mar_2016  ,  1.413
8_Mar_2016  ,  1.412
7_Mar_2016  ,  1.454
4_Mar_2016  ,  1.455
3_Mar_2016  ,  1.433
2_Mar_2016  ,  1.443
1_Mar_2016  ,  1.405
29_Feb_2016  ,  1.407
27_Feb_2016  ,  1.487
26_Feb_2016  ,  1.498
25_Feb_2016  ,  1.528
24_Feb_2016  ,  1.533
23_Feb_2016  ,  1.544
22_Feb_2016  ,  1.528
20_Feb_2016  ,  1.568
19_Feb_2016  ,  1.58
18_Feb_2016  ,  1.56
17_Feb_2016  ,  1.613
16_Feb_2016  ,  1.646
15_Feb_2016  ,  1.599
14_Feb_2016  ,  1.651
13_Feb_2016  ,  1.651
12_Feb_2016  ,  1.653
11_Feb_2016  ,  1.713
10_Feb_2016  ,  1.638
9_Feb_2016  ,  1.733
8_Feb_2016  ,  1.691
6_Feb_2016  ,  1.559
5_Feb_2016  ,  1.559
4_Feb_2016  ,  1.521
3_Feb_2016  ,  1.468
2_Feb_2016  ,  1.503
1_Feb_2016  ,  1.475
30_Jan_2016  ,  1.401
29_Jan_2016  ,  1.434
28_Jan_2016  ,  1.499
27_Jan_2016  ,  1.508
26_Jan_2016  ,  1.52
25_Jan_2016  ,  1.578
23_Jan_2016  ,  1.573
22_Jan_2016  ,  1.575
21_Jan_2016  ,  1.557
20_Jan_2016  ,  1.665
19_Jan_2016  ,  1.567
18_Jan_2016  ,  1.568
16_Jan_2016  ,  1.566
15_Jan_2016  ,  1.532
14_Jan_2016  ,  1.568
13_Jan_2016  ,  1.568
12_Jan_2016  ,  1.611
11_Jan_2016  ,  1.585
10_Jan_2016  ,  1.539
9_Jan_2016  ,  1.539
8_Jan_2016  ,  1.531
7_Jan_2016  ,  1.571
6_Jan_2016  ,  1.478
5_Jan_2016  ,  1.51
4_Jan_2016  ,  1.548
2_Jan_2016  ,  1.605
1_Jan_2016  ,  1.605
31_Dec_2015  ,  1.605
30_Dec_2015  ,  1.601
29_Dec_2015  ,  1.634
28_Dec_2015  ,  1.607
26_Dec_2015  ,  1.662
25_Dec_2015  ,  1.662
24_Dec_2015  ,  1.662
23_Dec_2015  ,  1.67
22_Dec_2015  ,  1.645
21_Dec_2015  ,  1.598
19_Dec_2015  ,  1.58
18_Dec_2015  ,  1.571
17_Dec_2015  ,  1.633
16_Dec_2015  ,  1.695
15_Dec_2015  ,  1.693
14_Dec_2015  ,  1.62
12_Dec_2015  ,  1.55
11_Dec_2015  ,  1.533
10_Dec_2015  ,  1.555
9_Dec_2015  ,  1.572
8_Dec_2015  ,  1.552
7_Dec_2015  ,  1.587
6_Dec_2015  ,  1.653
5_Dec_2015  ,  1.653
4_Dec_2015  ,  1.662
3_Dec_2015  ,  1.6
2_Dec_2015  ,  1.392
1_Dec_2015  ,  1.402
30_Nov_2015  ,  1.427
28_Nov_2015  ,  1.402
27_Nov_2015  ,  1.392
26_Nov_2015  ,  1.443
25_Nov_2015  ,  1.442
24_Nov_2015  ,  1.502
23_Nov_2015  ,  1.533
22_Nov_2015  ,  1.497
21_Nov_2015  ,  1.497
20_Nov_2015  ,  1.489
19_Nov_2015  ,  1.505
18_Nov_2015  ,  1.528
17_Nov_2015  ,  1.569
16_Nov_2015  ,  1.585
14_Nov_2015  ,  1.568
13_Nov_2015  ,  1.581
12_Nov_2015  ,  1.607
11_Nov_2015  ,  1.623
10_Nov_2015  ,  1.695
9_Nov_2015  ,  1.778
7_Nov_2015  ,  1.788
6_Nov_2015  ,  1.769
5_Nov_2015  ,  1.594
4_Nov_2015  ,  1.559
3_Nov_2015  ,  1.557
2_Nov_2015  ,  1.553
31_Oct_2015  ,  1.485
30_Oct_2015  ,  1.5
29_Oct_2015  ,  1.491
28_Oct_2015  ,  1.407
27_Oct_2015  ,  1.444
26_Oct_2015  ,  1.496
24_Oct_2015  ,  1.502
23_Oct_2015  ,  1.499
22_Oct_2015  ,  1.485
21_Oct_2015  ,  1.608
20_Oct_2015  ,  1.663
19_Oct_2015  ,  1.599
18_Oct_2015  ,  1.606
17_Oct_2015  ,  1.611
16_Oct_2015  ,  1.605
15_Oct_2015  ,  1.642
14_Oct_2015  ,  1.63
13_Oct_2015  ,  1.672
12_Oct_2015  ,  1.678
11_Oct_2015  ,  1.694
10_Oct_2015  ,  1.695
9_Oct_2015  ,  1.69
8_Oct_2015  ,  1.683
7_Oct_2015  ,  1.713
6_Oct_2015  ,  1.688
5_Oct_2015  ,  1.659
3_Oct_2015  ,  1.634
2_Oct_2015  ,  1.636
1_Oct_2015  ,  1.692
30_Sep_2015  ,  1.728
29_Sep_2015  ,  1.733
28_Sep_2015  ,  1.771
27_Sep_2015  ,  1.809
26_Sep_2015  ,  1.809
25_Sep_2015  ,  1.786
24_Sep_2015  ,  1.727
23_Sep_2015  ,  1.735
22_Sep_2015  ,  1.754
21_Sep_2015  ,  1.804
19_Sep_2015  ,  1.759
18_Sep_2015  ,  1.775
17_Sep_2015  ,  1.905
16_Sep_2015  ,  1.918
15_Sep_2015  ,  1.889
14_Sep_2015  ,  1.847
12_Sep_2015  ,  1.842
11_Sep_2015  ,  1.835
10_Sep_2015  ,  1.846
9_Sep_2015  ,  1.842
8_Sep_2015  ,  1.832
7_Sep_2015  ,  1.883
6_Sep_2015  ,  1.879
5_Sep_2015  ,  1.879
4_Sep_2015  ,  1.883
3_Sep_2015  ,  1.934
2_Sep_2015  ,  1.999
1_Sep_2015  ,  1.989
31_Aug_2015  ,  1.936
29_Aug_2015  ,  1.925
28_Aug_2015  ,  1.908
27_Aug_2015  ,  1.921
26_Aug_2015  ,  1.961
25_Aug_2015  ,  1.969
24_Aug_2015  ,  1.908
22_Aug_2015  ,  1.854
21_Aug_2015  ,  1.866
20_Aug_2015  ,  1.794
19_Aug_2015  ,  1.819
18_Aug_2015  ,  1.797
17_Aug_2015  ,  1.761
15_Aug_2015  ,  1.818
14_Aug_2015  ,  1.806
13_Aug_2015  ,  1.791
12_Aug_2015  ,  1.779
11_Aug_2015  ,  1.759
10_Aug_2015  ,  1.825
8_Aug_2015  ,  1.839
7_Aug_2015  ,  1.835
6_Aug_2015  ,  1.87
5_Aug_2015  ,  1.892
4_Aug_2015  ,  1.777
3_Aug_2015  ,  1.776
2_Aug_2015  ,  1.775
1_Aug_2015  ,  1.775
31_Jul_2015  ,  1.783
30_Jul_2015  ,  1.837
29_Jul_2015  ,  1.911
28_Jul_2015  ,  1.885
27_Jul_2015  ,  1.895
25_Jul_2015  ,  1.875
24_Jul_2015  ,  1.874
23_Jul_2015  ,  1.908
22_Jul_2015  ,  1.948
21_Jul_2015  ,  1.99
20_Jul_2015  ,  1.905
18_Jul_2015  ,  1.922
17_Jul_2015  ,  1.945
16_Jul_2015  ,  1.993
15_Jul_2015  ,  2.018
14_Jul_2015  ,  2.074
13_Jul_2015  ,  2.11
11_Jul_2015  ,  2.15
10_Jul_2015  ,  2.161
9_Jul_2015  ,  2.173
8_Jul_2015  ,  2.197
7_Jul_2015  ,  2.299
6_Jul_2015  ,  2.345
4_Jul_2015  ,  2.267
3_Jul_2015  ,  2.278
2_Jul_2015  ,  2.326
1_Jul_2015  ,  2.246
30_Jun_2015  ,  2.303
29_Jun_2015  ,  2.353
27_Jun_2015  ,  2.151
26_Jun_2015  ,  2.154
25_Jun_2015  ,  2.126
24_Jun_2015  ,  2.133
23_Jun_2015  ,  2.124
22_Jun_2015  ,  2.135
21_Jun_2015  ,  2.287
20_Jun_2015  ,  2.291
19_Jun_2015  ,  2.295
18_Jun_2015  ,  2.265
17_Jun_2015  ,  2.285
16_Jun_2015  ,  2.298
15_Jun_2015  ,  2.34
13_Jun_2015  ,  2.24
12_Jun_2015  ,  2.261
11_Jun_2015  ,  2.14
10_Jun_2015  ,  2.327
9_Jun_2015  ,  2.291
8_Jun_2015  ,  2.251
7_Jun_2015  ,  2.243
6_Jun_2015  ,  2.243
5_Jun_2015  ,  2.236
4_Jun_2015  ,  2.118
3_Jun_2015  ,  2.119
2_Jun_2015  ,  2.084
1_Jun_2015  ,  1.922
30_May_2015  ,  1.845
29_May_2015  ,  1.853
28_May_2015  ,  1.873
27_May_2015  ,  1.841
26_May_2015  ,  1.942
25_May_2015  ,  1.989
23_May_2015  ,  1.989
22_May_2015  ,  1.845
21_May_2015  ,  1.87
20_May_2015  ,  1.846
19_May_2015  ,  1.833
18_May_2015  ,  1.908
16_May_2015  ,  1.787
15_May_2015  ,  1.79
14_May_2015  ,  1.856
13_May_2015  ,  1.869
12_May_2015  ,  1.865
11_May_2015  ,  1.752
9_May_2015  ,  1.688
8_May_2015  ,  1.668
7_May_2015  ,  1.76
6_May_2015  ,  1.925
5_May_2015  ,  1.814
4_May_2015  ,  1.509
2_May_2015  ,  1.509
1_May_2015  ,  1.475
30_Apr_2015  ,  1.522
29_Apr_2015  ,  1.484
28_Apr_2015  ,  1.38
27_Apr_2015  ,  1.386
25_Apr_2015  ,  1.444
24_Apr_2015  ,  1.446
23_Apr_2015  ,  1.409
22_Apr_2015  ,  1.405
21_Apr_2015  ,  1.487
20_Apr_2015  ,  1.45
18_Apr_2015  ,  1.49
17_Apr_2015  ,  1.456
16_Apr_2015  ,  1.375
15_Apr_2015  ,  1.247
14_Apr_2015  ,  1.289
13_Apr_2015  ,  1.25
11_Apr_2015  ,  1.236
10_Apr_2015  ,  1.223
9_Apr_2015  ,  1.25
8_Apr_2015  ,  1.213
7_Apr_2015  ,  1.203
6_Apr_2015  ,  1.203
4_Apr_2015  ,  1.267
3_Apr_2015  ,  1.267
2_Apr_2015  ,  1.264
1_Apr_2015  ,  1.234
31_Mar_2015  ,  1.253
30_Mar_2015  ,  1.313
28_Mar_2015  ,  1.35
27_Mar_2015  ,  1.343
26_Mar_2015  ,  1.336
25_Mar_2015  ,  1.329
24_Mar_2015  ,  1.33
23_Mar_2015  ,  1.303
21_Mar_2015  ,  1.219
20_Mar_2015  ,  1.206
19_Mar_2015  ,  1.263
18_Mar_2015  ,  1.364
17_Mar_2015  ,  1.246
16_Mar_2015  ,  1.162
14_Mar_2015  ,  1.168
13_Mar_2015  ,  1.161
12_Mar_2015  ,  1.136
11_Mar_2015  ,  1.126
10_Mar_2015  ,  1.237
9_Mar_2015  ,  1.308
8_Mar_2015  ,  1.351
7_Mar_2015  ,  1.339
6_Mar_2015  ,  1.32
5_Mar_2015  ,  1.352
4_Mar_2015  ,  1.422
3_Mar_2015  ,  1.399
2_Mar_2015  ,  1.354
28_Feb_2015  ,  1.36
27_Feb_2015  ,  1.342
26_Feb_2015  ,  1.365
25_Feb_2015  ,  1.474
24_Feb_2015  ,  1.495
23_Feb_2015  ,  1.52
21_Feb_2015  ,  1.616
20_Feb_2015  ,  1.597
19_Feb_2015  ,  1.634
18_Feb_2015  ,  1.672
17_Feb_2015  ,  1.673
16_Feb_2015  ,  1.66
14_Feb_2015  ,  1.64
13_Feb_2015  ,  1.645
12_Feb_2015  ,  1.677
11_Feb_2015  ,  1.683
10_Feb_2015  ,  1.697
9_Feb_2015  ,  1.687
7_Feb_2015  ,  1.619
6_Feb_2015  ,  1.61
5_Feb_2015  ,  1.589
4_Feb_2015  ,  1.577
3_Feb_2015  ,  1.637
2_Feb_2015  ,  1.667
1_Feb_2015  ,  1.647
31_Jan_2015  ,  1.648
30_Jan_2015  ,  1.674
29_Jan_2015  ,  1.649
28_Jan_2015  ,  1.651
27_Jan_2015  ,  1.581
26_Jan_2015  ,  1.523
24_Jan_2015  ,  1.593
23_Jan_2015  ,  1.57
22_Jan_2015  ,  1.633
21_Jan_2015  ,  1.759
20_Jan_2015  ,  1.748
19_Jan_2015  ,  1.743
17_Jan_2015  ,  1.736
16_Jan_2015  ,  1.737
15_Jan_2015  ,  1.741
14_Jan_2015  ,  1.74
13_Jan_2015  ,  1.789
12_Jan_2015  ,  1.801
10_Jan_2015  ,  1.882
9_Jan_2015  ,  1.885
8_Jan_2015  ,  1.851
7_Jan_2015  ,  1.929
6_Jan_2015  ,  1.829
5_Jan_2015  ,  1.807
3_Jan_2015  ,  1.744
2_Jan_2015  ,  1.759
31_Dec_2014  ,  1.881
30_Dec_2014  ,  1.879
29_Dec_2014  ,  1.981
28_Dec_2014  ,  1.938
24_Dec_2014  ,  1.948
23_Dec_2014  ,  1.933
22_Dec_2014  ,  1.939
21_Dec_2014  ,  1.939
20_Dec_2014  ,  1.939
19_Dec_2014  ,  1.956
18_Dec_2014  ,  1.976
17_Dec_2014  ,  1.974
16_Dec_2014  ,  2.016
15_Dec_2014  ,  1.995
14_Dec_2014  ,  2.068
13_Dec_2014  ,  2.068
12_Dec_2014  ,  2.061
11_Dec_2014  ,  2.062
10_Dec_2014  ,  2.028
9_Dec_2014  ,  2.024
8_Dec_2014  ,  1.958
6_Dec_2014  ,  1.958
5_Dec_2014  ,  1.951
4_Dec_2014  ,  2.023
3_Dec_2014  ,  1.99
2_Dec_2014  ,  2.014
1_Dec_2014  ,  2.015
30_Nov_2014  ,  2.035
29_Nov_2014  ,  2.035
28_Nov_2014  ,  2.046
27_Nov_2014  ,  2.067
26_Nov_2014  ,  2.159
25_Nov_2014  ,  2.143
24_Nov_2014  ,  2.18
22_Nov_2014  ,  2.214
21_Nov_2014  ,  2.215
20_Nov_2014  ,  2.289
19_Nov_2014  ,  2.323
18_Nov_2014  ,  2.309
17_Nov_2014  ,  2.294
16_Nov_2014  ,  2.341
15_Nov_2014  ,  2.341
14_Nov_2014  ,  2.346
13_Nov_2014  ,  2.353
12_Nov_2014  ,  2.345
11_Nov_2014  ,  2.322
10_Nov_2014  ,  2.343
8_Nov_2014  ,  2.374
7_Nov_2014  ,  2.382
6_Nov_2014  ,  2.36
5_Nov_2014  ,  2.425
4_Nov_2014  ,  2.424
3_Nov_2014  ,  2.415
1_Nov_2014  ,  2.359
31_Oct_2014  ,  2.378
30_Oct_2014  ,  2.467
29_Oct_2014  ,  2.504
28_Oct_2014  ,  2.529
27_Oct_2014  ,  2.548
25_Oct_2014  ,  2.548
24_Oct_2014  ,  2.51
23_Oct_2014  ,  2.509
22_Oct_2014  ,  2.498
21_Oct_2014  ,  2.521
20_Oct_2014  ,  2.58
18_Oct_2014  ,  2.49
17_Oct_2014  ,  2.486
16_Oct_2014  ,  2.569
15_Oct_2014  ,  2.398
14_Oct_2014  ,  2.309
13_Oct_2014  ,  2.328
11_Oct_2014  ,  2.325
10_Oct_2014  ,  2.319
9_Oct_2014  ,  2.294
8_Oct_2014  ,  2.344
7_Oct_2014  ,  2.345
6_Oct_2014  ,  2.335
4_Oct_2014  ,  2.311
3_Oct_2014  ,  2.336
2_Oct_2014  ,  2.343
1_Oct_2014  ,  2.289
30_Sep_2014  ,  2.365
29_Sep_2014  ,  2.414
27_Sep_2014  ,  2.386
26_Sep_2014  ,  2.381
25_Sep_2014  ,  2.353
24_Sep_2014  ,  2.371
23_Sep_2014  ,  2.401
22_Sep_2014  ,  2.375
20_Sep_2014  ,  2.369
19_Sep_2014  ,  2.376
18_Sep_2014  ,  2.448
17_Sep_2014  ,  2.419
16_Sep_2014  ,  2.478
15_Sep_2014  ,  2.459
13_Sep_2014  ,  2.465
12_Sep_2014  ,  2.474
11_Sep_2014  ,  2.458
10_Sep_2014  ,  2.414
9_Sep_2014  ,  2.37
8_Sep_2014  ,  2.289
6_Sep_2014  ,  2.255
5_Sep_2014  ,  2.273
4_Sep_2014  ,  2.372
3_Sep_2014  ,  2.464
2_Sep_2014  ,  2.462
1_Sep_2014  ,  2.424
31_Aug_2014  ,  2.442
30_Aug_2014  ,  2.437
29_Aug_2014  ,  2.435
28_Aug_2014  ,  2.439
27_Aug_2014  ,  2.382
26_Aug_2014  ,  2.431
25_Aug_2014  ,  2.468
23_Aug_2014  ,  2.573
22_Aug_2014  ,  2.585
21_Aug_2014  ,  2.57
20_Aug_2014  ,  2.591
19_Aug_2014  ,  2.597
18_Aug_2014  ,  2.639
17_Aug_2014  ,  2.604
16_Aug_2014  ,  2.607
15_Aug_2014  ,  2.607
14_Aug_2014  ,  2.671
13_Aug_2014  ,  2.737
12_Aug_2014  ,  2.736
11_Aug_2014  ,  2.791
10_Aug_2014  ,  2.828
9_Aug_2014  ,  2.828
8_Aug_2014  ,  2.838
7_Aug_2014  ,  2.856
6_Aug_2014  ,  2.809
5_Aug_2014  ,  2.752
4_Aug_2014  ,  2.7
2_Aug_2014  ,  2.762
1_Aug_2014  ,  2.731
31_Jul_2014  ,  2.697
30_Jul_2014  ,  2.669
29_Jul_2014  ,  2.647
28_Jul_2014  ,  2.673
27_Jul_2014  ,  2.722
26_Jul_2014  ,  2.722
25_Jul_2014  ,  2.716
24_Jul_2014  ,  2.734
23_Jul_2014  ,  2.727
22_Jul_2014  ,  2.774
21_Jul_2014  ,  2.769
20_Jul_2014  ,  2.782
19_Jul_2014  ,  2.782
18_Jul_2014  ,  2.803
17_Jul_2014  ,  2.78
16_Jul_2014  ,  2.809
15_Jul_2014  ,  2.853
14_Jul_2014  ,  2.881
12_Jul_2014  ,  2.895
11_Jul_2014  ,  2.893
10_Jul_2014  ,  2.936
9_Jul_2014  ,  2.871
8_Jul_2014  ,  2.844
7_Jul_2014  ,  2.815
5_Jul_2014  ,  2.826
4_Jul_2014  ,  2.815
3_Jul_2014  ,  2.858
2_Jul_2014  ,  2.887
1_Jul_2014  ,  2.724
30_Jun_2014  ,  2.739
28_Jun_2014  ,  2.724
27_Jun_2014  ,  2.716
26_Jun_2014  ,  2.72
25_Jun_2014  ,  2.734
24_Jun_2014  ,  2.759
23_Jun_2014  ,  2.79
22_Jun_2014  ,  2.831
21_Jun_2014  ,  2.83
20_Jun_2014  ,  2.843
19_Jun_2014  ,  2.789
18_Jun_2014  ,  2.846
17_Jun_2014  ,  2.823
16_Jun_2014  ,  2.77
14_Jun_2014  ,  2.781
13_Jun_2014  ,  2.778
12_Jun_2014  ,  2.82
11_Jun_2014  ,  2.791
10_Jun_2014  ,  2.781
9_Jun_2014  ,  2.715
7_Jun_2014  ,  2.759
6_Jun_2014  ,  2.769
5_Jun_2014  ,  2.936
4_Jun_2014  ,  3.014
3_Jun_2014  ,  2.993
2_Jun_2014  ,  2.963
31_May_2014  ,  2.964
30_May_2014  ,  2.965
29_May_2014  ,  2.954
28_May_2014  ,  2.927
27_May_2014  ,  2.982
26_May_2014  ,  2.99
25_May_2014  ,  3.15
24_May_2014  ,  3.152
23_May_2014  ,  3.151
22_May_2014  ,  3.231
21_May_2014  ,  3.193
20_May_2014  ,  3.256
19_May_2014  ,  3.166
17_May_2014  ,  3.072
16_May_2014  ,  3.069
15_May_2014  ,  3.092
14_May_2014  ,  2.916
13_May_2014  ,  2.943
12_May_2014  ,  2.971
10_May_2014  ,  2.958
9_May_2014  ,  2.952
8_May_2014  ,  2.927
7_May_2014  ,  3.019
6_May_2014  ,  3.002
5_May_2014  ,  3.038
3_May_2014  ,  3.051
2_May_2014  ,  3.046
1_May_2014  ,  3.074
30_Apr_2014  ,  3.079
29_Apr_2014  ,  3.127
28_Apr_2014  ,  3.142
27_Apr_2014  ,  3.112
26_Apr_2014  ,  3.111
25_Apr_2014  ,  3.114
24_Apr_2014  ,  3.122
23_Apr_2014  ,  3.089
22_Apr_2014  ,  3.089
21_Apr_2014  ,  3.089
19_Apr_2014  ,  3.124
18_Apr_2014  ,  3.124
17_Apr_2014  ,  3.12
16_Apr_2014  ,  3.099
15_Apr_2014  ,  3.116
14_Apr_2014  ,  3.175
12_Apr_2014  ,  3.216
11_Apr_2014  ,  3.21
10_Apr_2014  ,  3.16
9_Apr_2014  ,  3.197
8_Apr_2014  ,  3.224
7_Apr_2014  ,  3.194
5_Apr_2014  ,  3.173
4_Apr_2014  ,  3.18
3_Apr_2014  ,  3.261
2_Apr_2014  ,  3.313
1_Apr_2014  ,  3.293
31_Mar_2014  ,  3.301
29_Mar_2014  ,  3.309
28_Mar_2014  ,  3.303
27_Mar_2014  ,  3.292
26_Mar_2014  ,  3.342
25_Mar_2014  ,  3.398
24_Mar_2014  ,  3.416
22_Mar_2014  ,  3.413
21_Mar_2014  ,  3.406
20_Mar_2014  ,  3.439
19_Mar_2014  ,  3.385
18_Mar_2014  ,  3.366
17_Mar_2014  ,  3.379
15_Mar_2014  ,  3.41
14_Mar_2014  ,  3.413
13_Mar_2014  ,  3.397
12_Mar_2014  ,  3.417
11_Mar_2014  ,  3.4
10_Mar_2014  ,  3.371
9_Mar_2014  ,  3.425
8_Mar_2014  ,  3.425
7_Mar_2014  ,  3.417
6_Mar_2014  ,  3.449
5_Mar_2014  ,  3.373
4_Mar_2014  ,  3.415
3_Mar_2014  ,  3.457
1_Mar_2014  ,  3.48
28_Feb_2014  ,  3.479
27_Feb_2014  ,  3.477
26_Feb_2014  ,  3.544
25_Feb_2014  ,  3.588
24_Feb_2014  ,  3.617
22_Feb_2014  ,  3.617
21_Feb_2014  ,  3.607
20_Feb_2014  ,  3.651
19_Feb_2014  ,  3.59
18_Feb_2014  ,  3.565
17_Feb_2014  ,  3.62
15_Feb_2014  ,  3.698
14_Feb_2014  ,  3.683
13_Feb_2014  ,  3.72
12_Feb_2014  ,  3.731
11_Feb_2014  ,  3.697
10_Feb_2014  ,  3.69
8_Feb_2014  ,  3.694
7_Feb_2014  ,  3.689
6_Feb_2014  ,  3.762
5_Feb_2014  ,  3.763
4_Feb_2014  ,  3.788
3_Feb_2014  ,  3.76
1_Feb_2014  ,  3.78
31_Jan_2014  ,  3.784
30_Jan_2014  ,  3.839
29_Jan_2014  ,  3.867
28_Jan_2014  ,  3.859
27_Jan_2014  ,  3.907
25_Jan_2014  ,  3.925
24_Jan_2014  ,  3.893
23_Jan_2014  ,  3.863
22_Jan_2014  ,  3.822
21_Jan_2014  ,  3.827
20_Jan_2014  ,  3.794
18_Jan_2014  ,  3.82
17_Jan_2014  ,  3.816
16_Jan_2014  ,  3.846
15_Jan_2014  ,  3.869
14_Jan_2014  ,  3.885
13_Jan_2014  ,  3.899
11_Jan_2014  ,  3.934
10_Jan_2014  ,  3.914
9_Jan_2014  ,  3.883
8_Jan_2014  ,  3.888
7_Jan_2014  ,  3.878
6_Jan_2014  ,  3.929
4_Jan_2014  ,  3.935
3_Jan_2014  ,  3.94
2_Jan_2014  ,  3.972
1_Jan_2014  ,  3.972
31_Dec_2013  ,  4.089
30_Dec_2013  ,  4.086
28_Dec_2013  ,  4.086
27_Dec_2013  ,  4.217
26_Dec_2013  ,  4.188
25_Dec_2013  ,  4.187
24_Dec_2013  ,  4.187
23_Dec_2013  ,  4.183
21_Dec_2013  ,  4.131
20_Dec_2013  ,  4.119
19_Dec_2013  ,  4.076
18_Dec_2013  ,  4.074
17_Dec_2013  ,  4.051
16_Dec_2013  ,  4.046
14_Dec_2013  ,  4.097
13_Dec_2013  ,  4.092
12_Dec_2013  ,  4.102
11_Dec_2013  ,  4.056
10_Dec_2013  ,  4.065
9_Dec_2013  ,  4.143
7_Dec_2013  ,  4.19
6_Dec_2013  ,  4.197
5_Dec_2013  ,  4.245
4_Dec_2013  ,  4.146
3_Dec_2013  ,  4.079
2_Dec_2013  ,  4.08
30_Nov_2013  ,  4.067
29_Nov_2013  ,  4.051
28_Nov_2013  ,  4.042
27_Nov_2013  ,  4.062
26_Nov_2013  ,  4.063
25_Nov_2013  ,  4.087
23_Nov_2013  ,  4.083
22_Nov_2013  ,  4.086
21_Nov_2013  ,  4.095
20_Nov_2013  ,  4.074
19_Nov_2013  ,  4.074
18_Nov_2013  ,  4.067
17_Nov_2013  ,  4.094
16_Nov_2013  ,  4.104
15_Nov_2013  ,  4.098
14_Nov_2013  ,  4.067
13_Nov_2013  ,  4.119
12_Nov_2013  ,  4.144
11_Nov_2013  ,  4.121
9_Nov_2013  ,  4.177
8_Nov_2013  ,  4.149
7_Nov_2013  ,  4.101
6_Nov_2013  ,  4.188
5_Nov_2013  ,  4.174
4_Nov_2013  ,  4.11
3_Nov_2013  ,  4.117
2_Nov_2013  ,  4.117
1_Nov_2013  ,  4.117
31_Oct_2013  ,  4.142
30_Oct_2013  ,  4.181
29_Oct_2013  ,  4.139
28_Oct_2013  ,  4.204
27_Oct_2013  ,  4.23
26_Oct_2013  ,  4.23
25_Oct_2013  ,  4.207
24_Oct_2013  ,  4.144
23_Oct_2013  ,  4.113
22_Oct_2013  ,  4.127
21_Oct_2013  ,  4.186
19_Oct_2013  ,  4.18
18_Oct_2013  ,  4.176
17_Oct_2013  ,  4.201
16_Oct_2013  ,  4.241
15_Oct_2013  ,  4.244
14_Oct_2013  ,  4.26
12_Oct_2013  ,  4.26
11_Oct_2013  ,  4.286
10_Oct_2013  ,  4.33
9_Oct_2013  ,  4.363
8_Oct_2013  ,  4.343
7_Oct_2013  ,  4.285
6_Oct_2013  ,  4.303
5_Oct_2013  ,  4.305
4_Oct_2013  ,  4.315
3_Oct_2013  ,  4.371
2_Oct_2013  ,  4.368
1_Oct_2013  ,  4.473
30_Sep_2013  ,  4.592
29_Sep_2013  ,  4.58
28_Sep_2013  ,  4.58
27_Sep_2013  ,  4.565
26_Sep_2013  ,  4.477
25_Sep_2013  ,  4.367
24_Sep_2013  ,  4.365
23_Sep_2013  ,  4.393
22_Sep_2013  ,  4.437
21_Sep_2013  ,  4.437
20_Sep_2013  ,  4.417
19_Sep_2013  ,  4.414
18_Sep_2013  ,  4.516
17_Sep_2013  ,  4.531
16_Sep_2013  ,  4.463
15_Sep_2013  ,  4.638
14_Sep_2013  ,  4.638
13_Sep_2013  ,  4.56
12_Sep_2013  ,  4.518
11_Sep_2013  ,  4.522
10_Sep_2013  ,  4.534
9_Sep_2013  ,  4.522
8_Sep_2013  ,  4.505
7_Sep_2013  ,  4.505
6_Sep_2013  ,  4.503
5_Sep_2013  ,  4.528
4_Sep_2013  ,  4.42
3_Sep_2013  ,  4.342
2_Sep_2013  ,  4.355
1_Sep_2013  ,  4.405
31_Aug_2013  ,  4.405
30_Aug_2013  ,  4.384
29_Aug_2013  ,  4.377
28_Aug_2013  ,  4.4
27_Aug_2013  ,  4.449
26_Aug_2013  ,  4.388
24_Aug_2013  ,  4.315
23_Aug_2013  ,  4.322
22_Aug_2013  ,  4.306
21_Aug_2013  ,  4.36
20_Aug_2013  ,  4.32
19_Aug_2013  ,  4.275
17_Aug_2013  ,  4.19
16_Aug_2013  ,  4.19
15_Aug_2013  ,  4.244
14_Aug_2013  ,  4.174
13_Aug_2013  ,  4.206
12_Aug_2013  ,  4.162
11_Aug_2013  ,  4.183
10_Aug_2013  ,  4.183
9_Aug_2013  ,  4.185
8_Aug_2013  ,  4.204
7_Aug_2013  ,  4.26
6_Aug_2013  ,  4.256
5_Aug_2013  ,  4.291
3_Aug_2013  ,  4.256
2_Aug_2013  ,  4.277
1_Aug_2013  ,  4.371
31_Jul_2013  ,  4.413
30_Jul_2013  ,  4.407
29_Jul_2013  ,  4.457
27_Jul_2013  ,  4.457
26_Jul_2013  ,  4.404
25_Jul_2013  ,  4.398
24_Jul_2013  ,  4.374
23_Jul_2013  ,  4.356
22_Jul_2013  ,  4.334
20_Jul_2013  ,  4.413
19_Jul_2013  ,  4.41
18_Jul_2013  ,  4.412
17_Jul_2013  ,  4.485
16_Jul_2013  ,  4.471
15_Jul_2013  ,  4.468
13_Jul_2013  ,  4.501
12_Jul_2013  ,  4.488
11_Jul_2013  ,  4.494
10_Jul_2013  ,  4.449
9_Jul_2013  ,  4.401
8_Jul_2013  ,  4.374
6_Jul_2013  ,  4.433
5_Jul_2013  ,  4.431
4_Jul_2013  ,  4.421
3_Jul_2013  ,  4.516
2_Jul_2013  ,  4.397
1_Jul_2013  ,  4.452
29_Jun_2013  ,  4.559
28_Jun_2013  ,  4.54
27_Jun_2013  ,  4.569
26_Jun_2013  ,  4.707
25_Jun_2013  ,  4.877
24_Jun_2013  ,  4.804
23_Jun_2013  ,  4.608
22_Jun_2013  ,  4.608
21_Jun_2013  ,  4.585
20_Jun_2013  ,  4.561
19_Jun_2013  ,  4.257
18_Jun_2013  ,  4.291
17_Jun_2013  ,  4.263
16_Jun_2013  ,  4.24
15_Jun_2013  ,  4.24
14_Jun_2013  ,  4.283
13_Jun_2013  ,  4.355
12_Jun_2013  ,  4.364
11_Jun_2013  ,  4.35
10_Jun_2013  ,  4.28
8_Jun_2013  ,  4.197
7_Jun_2013  ,  4.205
6_Jun_2013  ,  4.324
5_Jun_2013  ,  4.125
4_Jun_2013  ,  4.103
3_Jun_2013  ,  4.151
1_Jun_2013  ,  4.162
31_May_2013  ,  4.145
30_May_2013  ,  4.097
29_May_2013  ,  4.175
28_May_2013  ,  4.018
27_May_2013  ,  4.05
25_May_2013  ,  4.138
24_May_2013  ,  4.171
23_May_2013  ,  4.035
22_May_2013  ,  3.918
21_May_2013  ,  3.935
20_May_2013  ,  3.9
18_May_2013  ,  3.897
17_May_2013  ,  3.903
16_May_2013  ,  3.973
15_May_2013  ,  4.038
14_May_2013  ,  4.001
13_May_2013  ,  3.971
11_May_2013  ,  3.895
10_May_2013  ,  3.903
9_May_2013  ,  3.877
8_May_2013  ,  3.795
7_May_2013  ,  3.822
6_May_2013  ,  3.876
4_May_2013  ,  3.806
3_May_2013  ,  3.81
2_May_2013  ,  3.787
1_May_2013  ,  3.787
30_Apr_2013  ,  3.889
29_Apr_2013  ,  3.914
27_Apr_2013  ,  3.914
26_Apr_2013  ,  4.069
25_Apr_2013  ,  4.057
24_Apr_2013  ,  3.999
23_Apr_2013  ,  3.962
22_Apr_2013  ,  4.084
20_Apr_2013  ,  4.084
19_Apr_2013  ,  4.22
18_Apr_2013  ,  4.247
17_Apr_2013  ,  4.255
16_Apr_2013  ,  4.312
15_Apr_2013  ,  4.343
13_Apr_2013  ,  4.343
12_Apr_2013  ,  4.336
11_Apr_2013  ,  4.331
10_Apr_2013  ,  4.312
9_Apr_2013  ,  4.362
8_Apr_2013  ,  4.333
6_Apr_2013  ,  4.333
5_Apr_2013  ,  4.422
4_Apr_2013  ,  4.567
3_Apr_2013  ,  4.6
2_Apr_2013  ,  4.644
30_Mar_2013  ,  4.644
29_Mar_2013  ,  4.644
28_Mar_2013  ,  4.738
27_Mar_2013  ,  4.753
26_Mar_2013  ,  4.581
25_Mar_2013  ,  4.557
23_Mar_2013  ,  4.557
22_Mar_2013  ,  4.525
21_Mar_2013  ,  4.584
20_Mar_2013  ,  4.64
19_Mar_2013  ,  4.714
18_Mar_2013  ,  4.644
17_Mar_2013  ,  4.644
16_Mar_2013  ,  4.644
15_Mar_2013  ,  4.595
14_Mar_2013  ,  4.637
13_Mar_2013  ,  4.674
12_Mar_2013  ,  4.594
11_Mar_2013  ,  4.639
9_Mar_2013  ,  4.639
8_Mar_2013  ,  4.601
7_Mar_2013  ,  4.595
6_Mar_2013  ,  4.67
5_Mar_2013  ,  4.74
4_Mar_2013  ,  4.852
2_Mar_2013  ,  4.852
1_Mar_2013  ,  4.774
28_Feb_2013  ,  4.766
27_Feb_2013  ,  4.814
26_Feb_2013  ,  4.866
25_Feb_2013  ,  4.373
23_Feb_2013  ,  4.373
22_Feb_2013  ,  4.447
21_Feb_2013  ,  4.48
20_Feb_2013  ,  4.412
19_Feb_2013  ,  4.398
18_Feb_2013  ,  4.407
17_Feb_2013  ,  4.407
16_Feb_2013  ,  4.407
15_Feb_2013  ,  4.368
14_Feb_2013  ,  4.381
13_Feb_2013  ,  4.386
12_Feb_2013  ,  4.496
11_Feb_2013  ,  4.61
10_Feb_2013  ,  4.61
9_Feb_2013  ,  4.61
8_Feb_2013  ,  4.561
7_Feb_2013  ,  4.57
6_Feb_2013  ,  4.549
5_Feb_2013  ,  4.462
4_Feb_2013  ,  4.479
2_Feb_2013  ,  4.479
1_Feb_2013  ,  4.322
31_Jan_2013  ,  4.303
30_Jan_2013  ,  4.284
29_Jan_2013  ,  4.165
28_Jan_2013  ,  4.196
26_Jan_2013  ,  4.196
25_Jan_2013  ,  4.128
24_Jan_2013  ,  4.151
23_Jan_2013  ,  4.192
22_Jan_2013  ,  4.198
21_Jan_2013  ,  4.219
19_Jan_2013  ,  4.219
18_Jan_2013  ,  4.162
17_Jan_2013  ,  4.177
16_Jan_2013  ,  4.193
15_Jan_2013  ,  4.204
14_Jan_2013  ,  4.188
13_Jan_2013  ,  4.188
12_Jan_2013  ,  4.188
11_Jan_2013  ,  4.117
10_Jan_2013  ,  4.172
9_Jan_2013  ,  4.274
8_Jan_2013  ,  4.288
7_Jan_2013  ,  4.347
5_Jan_2013  ,  4.347
4_Jan_2013  ,  4.267
3_Jan_2013  ,  4.249
2_Jan_2013  ,  4.276
1_Jan_2013  ,  4.276
31_Dec_2012  ,  4.53
30_Dec_2012  ,  4.53
29_Dec_2012  ,  4.53
28_Dec_2012  ,  4.508
27_Dec_2012  ,  4.532
26_Dec_2012  ,  4.532
25_Dec_2012  ,  4.532
24_Dec_2012  ,  4.532
23_Dec_2012  ,  4.532
22_Dec_2012  ,  4.532
21_Dec_2012  ,  4.47
20_Dec_2012  ,  4.417
19_Dec_2012  ,  4.39
18_Dec_2012  ,  4.449
17_Dec_2012  ,  4.567
15_Dec_2012  ,  4.567
14_Dec_2012  ,  4.578
13_Dec_2012  ,  4.638
12_Dec_2012  ,  4.668
11_Dec_2012  ,  4.74
10_Dec_2012  ,  4.822
8_Dec_2012  ,  4.822
7_Dec_2012  ,  4.545
6_Dec_2012  ,  4.538
5_Dec_2012  ,  4.475
4_Dec_2012  ,  4.41
3_Dec_2012  ,  4.446
1_Dec_2012  ,  4.446
30_Nov_2012  ,  4.509
29_Nov_2012  ,  4.574
28_Nov_2012  ,  4.6
27_Nov_2012  ,  4.744
26_Nov_2012  ,  4.756
24_Nov_2012  ,  4.756
23_Nov_2012  ,  4.759
22_Nov_2012  ,  4.791
21_Nov_2012  ,  4.84
20_Nov_2012  ,  4.876
19_Nov_2012  ,  4.885
17_Nov_2012  ,  4.885
16_Nov_2012  ,  4.879
15_Nov_2012  ,  4.896
14_Nov_2012  ,  4.964
13_Nov_2012  ,  4.955
12_Nov_2012  ,  5.019
10_Nov_2012  ,  5.019
9_Nov_2012  ,  4.987
8_Nov_2012  ,  5.024
7_Nov_2012  ,  4.927
6_Nov_2012  ,  4.904
5_Nov_2012  ,  5.007
3_Nov_2012  ,  5.007
2_Nov_2012  ,  4.94
1_Nov_2012  ,  4.926
31_Oct_2012  ,  4.961
30_Oct_2012  ,  4.992
29_Oct_2012  ,  5.003
27_Oct_2012  ,  5.003
26_Oct_2012  ,  4.897
25_Oct_2012  ,  4.852
24_Oct_2012  ,  4.843
23_Oct_2012  ,  4.872
22_Oct_2012  ,  4.751
19_Oct_2012  ,  4.77
18_Oct_2012  ,  4.77
17_Oct_2012  ,  4.767
16_Oct_2012  ,  4.934
15_Oct_2012  ,  4.983
13_Oct_2012  ,  4.983
12_Oct_2012  ,  4.974
11_Oct_2012  ,  5.019
10_Oct_2012  ,  5.101
9_Oct_2012  ,  5.104
8_Oct_2012  ,  5.072
6_Oct_2012  ,  5.072
5_Oct_2012  ,  5.042
4_Oct_2012  ,  5.131
3_Oct_2012  ,  5.1
2_Oct_2012  ,  5.082
1_Oct_2012  ,  5.149
29_Sep_2012  ,  5.149
28_Sep_2012  ,  5.164
27_Sep_2012  ,  5.187
26_Sep_2012  ,  5.275
25_Sep_2012  ,  5.166
24_Sep_2012  ,  5.114
23_Sep_2012  ,  5.114
22_Sep_2012  ,  5.114
21_Sep_2012  ,  5.11
20_Sep_2012  ,  5.046
19_Sep_2012  ,  4.996
18_Sep_2012  ,  5.118
17_Sep_2012  ,  5.16
15_Sep_2012  ,  5.16
14_Sep_2012  ,  5.025
13_Sep_2012  ,  5.016
12_Sep_2012  ,  5.019
11_Sep_2012  ,  5.088
10_Sep_2012  ,  5.168
8_Sep_2012  ,  5.168
7_Sep_2012  ,  5.077
6_Sep_2012  ,  5.327
5_Sep_2012  ,  5.53
4_Sep_2012  ,  5.668
3_Sep_2012  ,  5.789
1_Sep_2012  ,  5.789
31_Aug_2012  ,  5.842
30_Aug_2012  ,  5.786
29_Aug_2012  ,  5.756
28_Aug_2012  ,  5.8
27_Aug_2012  ,  5.697
25_Aug_2012  ,  5.697
24_Aug_2012  ,  5.772
23_Aug_2012  ,  5.675
22_Aug_2012  ,  5.635
21_Aug_2012  ,  5.66
20_Aug_2012  ,  5.773
18_Aug_2012  ,  5.773
17_Aug_2012  ,  5.805
16_Aug_2012  ,  5.786
15_Aug_2012  ,  5.786
14_Aug_2012  ,  5.838
13_Aug_2012  ,  5.898
11_Aug_2012  ,  5.898
10_Aug_2012  ,  5.897
9_Aug_2012  ,  5.819
8_Aug_2012  ,  5.887
7_Aug_2012  ,  5.95
6_Aug_2012  ,  5.982
5_Aug_2012  ,  5.982
4_Aug_2012  ,  5.982
3_Aug_2012  ,  6.058
2_Aug_2012  ,  6.217
1_Aug_2012  ,  5.923
31_Jul_2012  ,  6.085
30_Jul_2012  ,  6.003
28_Jul_2012  ,  6.003
27_Jul_2012  ,  5.949
26_Jul_2012  ,  6.079
25_Jul_2012  ,  6.472
24_Jul_2012  ,  6.551
23_Jul_2012  ,  6.32
21_Jul_2012  ,  6.32
20_Jul_2012  ,  6.146
19_Jul_2012  ,  5.995
18_Jul_2012  ,  6.076
17_Jul_2012  ,  6.069
16_Jul_2012  ,  6.135
14_Jul_2012  ,  6.135
13_Jul_2012  ,  6.001
12_Jul_2012  ,  5.898
11_Jul_2012  ,  5.819
10_Jul_2012  ,  5.944
9_Jul_2012  ,  6.13
8_Jul_2012  ,  6.13
7_Jul_2012  ,  6.13
6_Jul_2012  ,  6.028
5_Jul_2012  ,  5.967
4_Jul_2012  ,  5.76
3_Jul_2012  ,  5.647
2_Jul_2012  ,  5.743
1_Jul_2012  ,  5.743
30_Jun_2012  ,  5.743
29_Jun_2012  ,  5.785
28_Jun_2012  ,  6.209
27_Jun_2012  ,  6.185
26_Jun_2012  ,  6.18
25_Jun_2012  ,  5.997
24_Jun_2012  ,  5.997
22_Jun_2012  ,  5.767
21_Jun_2012  ,  5.716
20_Jun_2012  ,  5.783
19_Jun_2012  ,  5.925
18_Jun_2012  ,  6.053
17_Jun_2012  ,  6.053
16_Jun_2012  ,  6.053
15_Jun_2012  ,  5.97
14_Jun_2012  ,  6.164
13_Jun_2012  ,  6.202
12_Jun_2012  ,  6.14
11_Jun_2012  ,  6.031
10_Jun_2012  ,  6.031
8_Jun_2012  ,  5.775
7_Jun_2012  ,  5.669
6_Jun_2012  ,  5.652
5_Jun_2012  ,  5.644
4_Jun_2012  ,  5.656
3_Jun_2012  ,  5.656
1_Jun_2012  ,  5.87
31_May_2012  ,  6.032
30_May_2012  ,  6.081
29_May_2012  ,  5.899
28_May_2012  ,  5.873
27_May_2012  ,  5.873
26_May_2012  ,  5.873
25_May_2012  ,  5.788
24_May_2012  ,  5.705
23_May_2012  ,  5.818
22_May_2012  ,  5.764
21_May_2012  ,  5.927
20_May_2012  ,  5.927
19_May_2012  ,  5.927
18_May_2012  ,  5.929
17_May_2012  ,  5.992
16_May_2012  ,  5.972
15_May_2012  ,  5.995
14_May_2012  ,  5.838
13_May_2012  ,  5.838
11_May_2012  ,  5.664
10_May_2012  ,  5.67
9_May_2012  ,  5.799
8_May_2012  ,  5.408
7_May_2012  ,  5.405
6_May_2012  ,  5.405
5_May_2012  ,  5.405
4_May_2012  ,  5.46
3_May_2012  ,  5.51
2_May_2012  ,  5.541
1_May_2012  ,  5.541
30_Apr_2012  ,  5.514
29_Apr_2012  ,  5.514
27_Apr_2012  ,  5.646
26_Apr_2012  ,  5.628
25_Apr_2012  ,  5.641
24_Apr_2012  ,  5.68
23_Apr_2012  ,  5.735
22_Apr_2012  ,  5.735
21_Apr_2012  ,  5.735
20_Apr_2012  ,  5.656
19_Apr_2012  ,  5.575
18_Apr_2012  ,  5.501
17_Apr_2012  ,  5.468
16_Apr_2012  ,  5.58
15_Apr_2012  ,  5.58
14_Apr_2012  ,  5.58
13_Apr_2012  ,  5.506
12_Apr_2012  ,  5.392
11_Apr_2012  ,  5.516
10_Apr_2012  ,  5.669
9_Apr_2012  ,  5.669
8_Apr_2012  ,  5.669
7_Apr_2012  ,  5.669
6_Apr_2012  ,  5.669
5_Apr_2012  ,  5.425
4_Apr_2012  ,  5.358
3_Apr_2012  ,  5.141
2_Apr_2012  ,  5.086
1_Apr_2012  ,  5.086
31_Mar_2012  ,  5.086
30_Mar_2012  ,  5.12
29_Mar_2012  ,  5.231
28_Mar_2012  ,  5.096
27_Mar_2012  ,  5.126
26_Mar_2012  ,  5.019
25_Mar_2012  ,  5.019
24_Mar_2012  ,  5.019
23_Mar_2012  ,  5.053
22_Mar_2012  ,  5.088
21_Mar_2012  ,  5.008
20_Mar_2012  ,  4.897
19_Mar_2012  ,  4.83
18_Mar_2012  ,  4.83
17_Mar_2012  ,  4.83
16_Mar_2012  ,  4.856
15_Mar_2012  ,  4.864
14_Mar_2012  ,  4.846
13_Mar_2012  ,  4.893
12_Mar_2012  ,  4.909
11_Mar_2012  ,  4.909
10_Mar_2012  ,  4.909
9_Mar_2012  ,  4.821
8_Mar_2012  ,  4.806
7_Mar_2012  ,  4.944
6_Mar_2012  ,  5.06
5_Mar_2012  ,  4.93
4_Mar_2012  ,  4.93
3_Mar_2012  ,  4.93
2_Mar_2012  ,  4.901
1_Mar_2012  ,  4.949
29_Feb_2012  ,  5.192
28_Feb_2012  ,  5.359
27_Feb_2012  ,  5.435
25_Feb_2012  ,  5.435
24_Feb_2012  ,  5.481
23_Feb_2012  ,  5.525
22_Feb_2012  ,  5.499
21_Feb_2012  ,  5.434
20_Feb_2012  ,  5.478
19_Feb_2012  ,  5.478
18_Feb_2012  ,  5.478
17_Feb_2012  ,  5.58
16_Feb_2012  ,  5.682
15_Feb_2012  ,  5.693
14_Feb_2012  ,  5.556
13_Feb_2012  ,  5.566
10_Feb_2012  ,  5.576
9_Feb_2012  ,  5.473
8_Feb_2012  ,  5.558
7_Feb_2012  ,  5.61
6_Feb_2012  ,  5.626
3_Feb_2012  ,  5.687
2_Feb_2012  ,  5.599
1_Feb_2012  ,  5.655
31_Jan_2012  ,  5.968
30_Jan_2012  ,  6.071
27_Jan_2012  ,  5.891
26_Jan_2012  ,  6.05
25_Jan_2012  ,  6.216
24_Jan_2012  ,  6.166
23_Jan_2012  ,  6.113
20_Jan_2012  ,  6.274
19_Jan_2012  ,  6.39
18_Jan_2012  ,  6.42
17_Jan_2012  ,  6.507
16_Jan_2012  ,  6.614
13_Jan_2012  ,  6.662
12_Jan_2012  ,  6.638
11_Jan_2012  ,  6.999
10_Jan_2012  ,  7.126
9_Jan_2012  ,  7.146
6_Jan_2012  ,  7.136
5_Jan_2012  ,  7.053
4_Jan_2012  ,  6.929
3_Jan_2012  ,  6.929
2_Jan_2012  ,  6.9
30_Dec_2011  ,  7.035
29_Dec_2011  ,  7.009
28_Dec_2011  ,  6.998
27_Dec_2011  ,  6.96
23_Dec_2011  ,  6.989
22_Dec_2011  ,  6.846
21_Dec_2011  ,  6.791
20_Dec_2011  ,  6.588
19_Dec_2011  ,  6.845
16_Dec_2011  ,  6.96
15_Dec_2011  ,  7.0
14_Dec_2011  ,  7.189
13_Dec_2011  ,  7.084
12_Dec_2011  ,  6.975
9_Dec_2011  ,  6.814
8_Dec_2011  ,  6.918
7_Dec_2011  ,  6.512
6_Dec_2011  ,  6.272
5_Dec_2011  ,  5.987
2_Dec_2011  ,  6.69
1_Dec_2011  ,  6.693
30_Nov_2011  ,  7.079
29_Nov_2011  ,  7.26
28_Nov_2011  ,  7.234
25_Nov_2011  ,  7.287
24_Nov_2011  ,  7.13
23_Nov_2011  ,  7.003
22_Nov_2011  ,  6.839
21_Nov_2011  ,  6.666
18_Nov_2011  ,  6.664
17_Nov_2011  ,  6.859
16_Nov_2011  ,  7.017
15_Nov_2011  ,  7.039
14_Nov_2011  ,  6.685
11_Nov_2011  ,  6.486
10_Nov_2011  ,  6.93
9_Nov_2011  ,  7.269
8_Nov_2011  ,  6.721
7_Nov_2011  ,  6.588
4_Nov_2011  ,  6.354
3_Nov_2011  ,  6.196
2_Nov_2011  ,  6.17
1_Nov_2011  ,  6.208
31_Oct_2011  ,  6.113
28_Oct_2011  ,  5.999
27_Oct_2011  ,  5.882
26_Oct_2011  ,  5.92
25_Oct_2011  ,  5.934
24_Oct_2011  ,  5.95
21_Oct_2011  ,  5.896
20_Oct_2011  ,  5.986
19_Oct_2011  ,  5.909
18_Oct_2011  ,  5.863
17_Oct_2011  ,  5.8
14_Oct_2011  ,  5.79
13_Oct_2011  ,  5.815
12_Oct_2011  ,  5.72
11_Oct_2011  ,  5.622
10_Oct_2011  ,  5.567
7_Oct_2011  ,  5.513
6_Oct_2011  ,  5.448
5_Oct_2011  ,  5.527
4_Oct_2011  ,  5.497
3_Oct_2011  ,  5.521
30_Sep_2011  ,  5.545
29_Sep_2011  ,  5.603
28_Sep_2011  ,  5.639
27_Sep_2011  ,  5.594
26_Sep_2011  ,  5.641
23_Sep_2011  ,  5.635
22_Sep_2011  ,  5.648
21_Sep_2011  ,  5.741
20_Sep_2011  ,  5.678
19_Sep_2011  ,  5.605
16_Sep_2011  ,  5.501
15_Sep_2011  ,  5.59
14_Sep_2011  ,  5.618
13_Sep_2011  ,  5.67
12_Sep_2011  ,  5.56
9_Sep_2011  ,  5.374
8_Sep_2011  ,  5.273
7_Sep_2011  ,  5.254
6_Sep_2011  ,  5.484
5_Sep_2011  ,  5.553
2_Sep_2011  ,  5.264
1_Sep_2011  ,  5.148
31_Aug_2011  ,  5.129
30_Aug_2011  ,  5.109
29_Aug_2011  ,  5.082
26_Aug_2011  ,  5.058
25_Aug_2011  ,  5.046
24_Aug_2011  ,  5.039
23_Aug_2011  ,  4.989
22_Aug_2011  ,  4.973
19_Aug_2011  ,  4.947
18_Aug_2011  ,  4.959
17_Aug_2011  ,  4.938
16_Aug_2011  ,  5.001
15_Aug_2011  ,  5.001
12_Aug_2011  ,  5.029
11_Aug_2011  ,  5.035
10_Aug_2011  ,  5.112
9_Aug_2011  ,  5.185
8_Aug_2011  ,  5.291
5_Aug_2011  ,  6.132
4_Aug_2011  ,  6.224
3_Aug_2011  ,  6.094
2_Aug_2011  ,  6.128
1_Aug_2011  ,  5.991
29_Jul_2011  ,  5.914
28_Jul_2011  ,  5.84
27_Jul_2011  ,  5.765
26_Jul_2011  ,  5.636
25_Jul_2011  ,  5.676
22_Jul_2011  ,  5.393
21_Jul_2011  ,  5.357
20_Jul_2011  ,  5.613
19_Jul_2011  ,  5.743
18_Jul_2011  ,  5.983
15_Jul_2011  ,  5.774
14_Jul_2011  ,  5.654
13_Jul_2011  ,  5.571
12_Jul_2011  ,  5.563
11_Jul_2011  ,  5.702
8_Jul_2011  ,  5.253
7_Jul_2011  ,  5.146
6_Jul_2011  ,  5.112
5_Jul_2011  ,  4.991
4_Jul_2011  ,  4.914
1_Jul_2011  ,  4.871
30_Jun_2011  ,  4.89
29_Jun_2011  ,  4.953
28_Jun_2011  ,  4.978
27_Jun_2011  ,  4.983
24_Jun_2011  ,  4.984
23_Jun_2011  ,  4.93
22_Jun_2011  ,  4.883
21_Jun_2011  ,  4.826
20_Jun_2011  ,  4.847
17_Jun_2011  ,  4.817
16_Jun_2011  ,  4.853
15_Jun_2011  ,  4.831
14_Jun_2011  ,  4.765
13_Jun_2011  ,  4.787
10_Jun_2011  ,  4.798
9_Jun_2011  ,  4.806
8_Jun_2011  ,  4.761
7_Jun_2011  ,  4.711
6_Jun_2011  ,  4.651
3_Jun_2011  ,  4.622
2_Jun_2011  ,  4.688
1_Jun_2011  ,  4.736
31_May_2011  ,  4.78
30_May_2011  ,  4.815
27_May_2011  ,  4.751
26_May_2011  ,  4.714
25_May_2011  ,  4.73
24_May_2011  ,  4.782
23_May_2011  ,  4.811
20_May_2011  ,  4.772
19_May_2011  ,  4.762
18_May_2011  ,  4.738
17_May_2011  ,  4.716
16_May_2011  ,  4.702
13_May_2011  ,  4.718
12_May_2011  ,  4.694
11_May_2011  ,  4.743
10_May_2011  ,  4.739
9_May_2011  ,  4.769
6_May_2011  ,  4.659
5_May_2011  ,  4.677
4_May_2011  ,  4.689
3_May_2011  ,  4.699
2_May_2011  ,  4.708
29_Apr_2011  ,  4.733
28_Apr_2011  ,  4.763
27_Apr_2011  ,  4.819
26_Apr_2011  ,  4.8
21_Apr_2011  ,  4.753
20_Apr_2011  ,  4.738
19_Apr_2011  ,  4.747
18_Apr_2011  ,  4.769
15_Apr_2011  ,  4.743
14_Apr_2011  ,  4.724
13_Apr_2011  ,  4.686
12_Apr_2011  ,  4.652
11_Apr_2011  ,  4.712
8_Apr_2011  ,  4.749
7_Apr_2011  ,  4.741
6_Apr_2011  ,  4.737
5_Apr_2011  ,  4.761
4_Apr_2011  ,  4.754
1_Apr_2011  ,  4.81
31_Mar_2011  ,  4.824
30_Mar_2011  ,  4.774
29_Mar_2011  ,  4.792
28_Mar_2011  ,  4.775
25_Mar_2011  ,  4.748
24_Mar_2011  ,  4.762
23_Mar_2011  ,  4.763
22_Mar_2011  ,  4.772
21_Mar_2011  ,  4.719
18_Mar_2011  ,  4.676
17_Mar_2011  ,  4.724
16_Mar_2011  ,  4.703
15_Mar_2011  ,  4.717
14_Mar_2011  ,  4.784
11_Mar_2011  ,  4.862
10_Mar_2011  ,  4.974
9_Mar_2011  ,  4.987
8_Mar_2011  ,  4.95
7_Mar_2011  ,  4.894
4_Mar_2011  ,  4.892
3_Mar_2011  ,  4.879
2_Mar_2011  ,  4.799
1_Mar_2011  ,  4.811
28_Feb_2011  ,  4.839
25_Feb_2011  ,  4.846
24_Feb_2011  ,  4.833
23_Feb_2011  ,  4.821
22_Feb_2011  ,  4.805
21_Feb_2011  ,  4.775
18_Feb_2011  ,  4.79
17_Feb_2011  ,  4.736
16_Feb_2011  ,  4.732
15_Feb_2011  ,  4.806
14_Feb_2011  ,  4.824
11_Feb_2011  ,  4.767
10_Feb_2011  ,  4.766
9_Feb_2011  ,  4.755
8_Feb_2011  ,  4.743
7_Feb_2011  ,  4.68
4_Feb_2011  ,  4.611
3_Feb_2011  ,  4.599
2_Feb_2011  ,  4.528
1_Feb_2011  ,  4.651
31_Jan_2011  ,  4.723
28_Jan_2011  ,  4.775
27_Jan_2011  ,  4.813
26_Jan_2011  ,  4.789
25_Jan_2011  ,  4.717
24_Jan_2011  ,  4.67
21_Jan_2011  ,  4.694
20_Jan_2011  ,  4.758
19_Jan_2011  ,  4.717
18_Jan_2011  ,  4.786
17_Jan_2011  ,  4.724
14_Jan_2011  ,  4.666
13_Jan_2011  ,  4.703
12_Jan_2011  ,  4.778
11_Jan_2011  ,  4.804
10_Jan_2011  ,  4.839
7_Jan_2011  ,  4.784
6_Jan_2011  ,  4.773
5_Jan_2011  ,  4.632
4_Jan_2011  ,  4.632
3_Jan_2011  ,  4.764
31_Dec_2010  ,  4.84
30_Dec_2010  ,  4.84
29_Dec_2010  ,  4.848
28_Dec_2010  ,  4.761
27_Dec_2010  ,  4.736
24_Dec_2010  ,  4.71
23_Dec_2010  ,  4.707
22_Dec_2010  ,  4.674
21_Dec_2010  ,  4.662
20_Dec_2010  ,  4.631
17_Dec_2010  ,  4.643
16_Dec_2010  ,  4.627
15_Dec_2010  ,  4.562
14_Dec_2010  ,  4.621
13_Dec_2010  ,  4.596
10_Dec_2010  ,  4.557
9_Dec_2010  ,  4.534
8_Dec_2010  ,  4.546
7_Dec_2010  ,  4.516
6_Dec_2010  ,  4.494
3_Dec_2010  ,  4.436
2_Dec_2010  ,  4.408
1_Dec_2010  ,  4.514
30_Nov_2010  ,  4.682
29_Nov_2010  ,  4.636
26_Nov_2010  ,  4.41
25_Nov_2010  ,  4.334
24_Nov_2010  ,  4.276
23_Nov_2010  ,  4.202
22_Nov_2010  ,  4.156
19_Nov_2010  ,  4.207
18_Nov_2010  ,  4.251
17_Nov_2010  ,  4.157
16_Nov_2010  ,  4.145
15_Nov_2010  ,  4.083
12_Nov_2010  ,  4.098
11_Nov_2010  ,  4.174
10_Nov_2010  ,  4.037
9_Nov_2010  ,  3.984
8_Nov_2010  ,  3.987
5_Nov_2010  ,  3.923
4_Nov_2010  ,  3.907
3_Nov_2010  ,  3.903
2_Nov_2010  ,  3.909
1_Nov_2010  ,  3.888
29_Oct_2010  ,  3.896
28_Oct_2010  ,  3.892
27_Oct_2010  ,  3.892
26_Oct_2010  ,  3.785
25_Oct_2010  ,  3.768
22_Oct_2010  ,  3.823
21_Oct_2010  ,  3.822
20_Oct_2010  ,  3.755
19_Oct_2010  ,  3.762
18_Oct_2010  ,  3.716
15_Oct_2010  ,  3.718
14_Oct_2010  ,  3.704
13_Oct_2010  ,  3.726
12_Oct_2010  ,  3.697
11_Oct_2010  ,  3.712
8_Oct_2010  ,  3.711
7_Oct_2010  ,  3.79
6_Oct_2010  ,  3.766
5_Oct_2010  ,  3.821
4_Oct_2010  ,  3.792
1_Oct_2010  ,  3.835
30_Sep_2010  ,  3.863
29_Sep_2010  ,  3.91
28_Sep_2010  ,  3.932
27_Sep_2010  ,  3.888
24_Sep_2010  ,  3.922
23_Sep_2010  ,  3.898
22_Sep_2010  ,  3.898
21_Sep_2010  ,  3.925
20_Sep_2010  ,  3.967
17_Sep_2010  ,  3.913
16_Sep_2010  ,  3.89
15_Sep_2010  ,  3.852
14_Sep_2010  ,  3.84
13_Sep_2010  ,  3.856
10_Sep_2010  ,  3.82
9_Sep_2010  ,  3.753
8_Sep_2010  ,  3.762
7_Sep_2010  ,  3.747
6_Sep_2010  ,  3.783
3_Sep_2010  ,  3.775
2_Sep_2010  ,  3.762
1_Sep_2010  ,  3.752
31_Aug_2010  ,  3.771
30_Aug_2010  ,  3.782
27_Aug_2010  ,  3.797
26_Aug_2010  ,  3.763
25_Aug_2010  ,  3.753
24_Aug_2010  ,  3.753
23_Aug_2010  ,  3.775
20_Aug_2010  ,  3.788
19_Aug_2010  ,  3.774
18_Aug_2010  ,  3.748
17_Aug_2010  ,  3.822
16_Aug_2010  ,  3.865
13_Aug_2010  ,  3.87
12_Aug_2010  ,  3.846
11_Aug_2010  ,  3.806
10_Aug_2010  ,  3.858
9_Aug_2010  ,  3.779
6_Aug_2010  ,  3.787
5_Aug_2010  ,  3.832
4_Aug_2010  ,  3.86
3_Aug_2010  ,  3.87
2_Aug_2010  ,  3.921
30_Jul_2010  ,  3.966
29_Jul_2010  ,  3.958
28_Jul_2010  ,  3.994
27_Jul_2010  ,  3.984
26_Jul_2010  ,  3.988
23_Jul_2010  ,  4.047
22_Jul_2010  ,  4.086
21_Jul_2010  ,  4.014
20_Jul_2010  ,  4.01
19_Jul_2010  ,  4.065
16_Jul_2010  ,  4.094
15_Jul_2010  ,  4.143
14_Jul_2010  ,  4.134
13_Jul_2010  ,  4.086
12_Jul_2010  ,  4.052
9_Jul_2010  ,  4.046
8_Jul_2010  ,  4.065
7_Jul_2010  ,  4.092
6_Jul_2010  ,  4.076
5_Jul_2010  ,  4.022
2_Jul_2010  ,  4.019
1_Jul_2010  ,  4.105
30_Jun_2010  ,  4.102
29_Jun_2010  ,  4.138
28_Jun_2010  ,  4.132
25_Jun_2010  ,  4.103
24_Jun_2010  ,  4.073
23_Jun_2010  ,  4.062
22_Jun_2010  ,  4.035
21_Jun_2010  ,  3.97
18_Jun_2010  ,  3.998
17_Jun_2010  ,  4.039
16_Jun_2010  ,  4.063
15_Jun_2010  ,  4.062
14_Jun_2010  ,  4.077
11_Jun_2010  ,  4.042
10_Jun_2010  ,  4.041
9_Jun_2010  ,  4.142
8_Jun_2010  ,  4.306
7_Jun_2010  ,  4.361
4_Jun_2010  ,  4.239
3_Jun_2010  ,  4.272
2_Jun_2010  ,  4.271
1_Jun_2010  ,  4.193
31_May_2010  ,  4.169
28_May_2010  ,  4.153
27_May_2010  ,  4.121
26_May_2010  ,  4.035
25_May_2010  ,  3.985
24_May_2010  ,  3.932
21_May_2010  ,  3.964
20_May_2010  ,  3.952
19_May_2010  ,  4.036
18_May_2010  ,  3.87
17_May_2010  ,  3.932
14_May_2010  ,  3.895
13_May_2010  ,  3.895
12_May_2010  ,  3.939
11_May_2010  ,  3.981
10_May_2010  ,  4.062
7_May_2010  ,  4.268
6_May_2010  ,  4.183
5_May_2010  ,  4.025
4_May_2010  ,  4.044
3_May_2010  ,  4.004
30_Apr_2010  ,  4.043
29_Apr_2010  ,  4.025
28_Apr_2010  ,  4.061
27_Apr_2010  ,  3.964
26_Apr_2010  ,  3.968
