26_Jun_2018  ,  1.05
25_Jun_2018  ,  1.05
23_Jun_2018  ,  1.05
22_Jun_2018  ,  1.05
21_Jun_2018  ,  1.05
20_Jun_2018  ,  1.05
19_Jun_2018  ,  1.05
18_Jun_2018  ,  1.05
17_Jun_2018  ,  1.05
16_Jun_2018  ,  1.05
15_Jun_2018  ,  1.05
14_Jun_2018  ,  1.05
13_Jun_2018  ,  1.05
12_Jun_2018  ,  1.15
11_Jun_2018  ,  1.15
9_Jun_2018  ,  1.15
8_Jun_2018  ,  1.15
7_Jun_2018  ,  1.15
6_Jun_2018  ,  1.15
5_Jun_2018  ,  1.15
4_Jun_2018  ,  1.15
3_Jun_2018  ,  1.15
1_Jun_2018  ,  1.15
31_May_2018  ,  1.15
30_May_2018  ,  1.15
29_May_2018  ,  1.15
28_May_2018  ,  1.15
27_May_2018  ,  1.15
25_May_2018  ,  1.15
24_May_2018  ,  1.15
23_May_2018  ,  1.2
22_May_2018  ,  1.2
21_May_2018  ,  1.2
20_May_2018  ,  1.15
18_May_2018  ,  1.15
17_May_2018  ,  1.15
16_May_2018  ,  1.15
15_May_2018  ,  1.15
14_May_2018  ,  1.15
13_May_2018  ,  1.15
11_May_2018  ,  1.15
10_May_2018  ,  1.15
9_May_2018  ,  1.15
8_May_2018  ,  1.15
7_May_2018  ,  1.15
4_May_2018  ,  1.15
3_May_2018  ,  1.15
2_May_2018  ,  1.15
1_May_2018  ,  1.15
30_Apr_2018  ,  1.15
27_Apr_2018  ,  1.15
26_Apr_2018  ,  1.1
25_Apr_2018  ,  1.1
24_Apr_2018  ,  1.1
23_Apr_2018  ,  1.1
20_Apr_2018  ,  1.1
19_Apr_2018  ,  1.1
18_Apr_2018  ,  1.1
17_Apr_2018  ,  1.1
16_Apr_2018  ,  1.1
14_Apr_2018  ,  1.1
13_Apr_2018  ,  1.1
12_Apr_2018  ,  1.1
11_Apr_2018  ,  1.1
10_Apr_2018  ,  1.1
9_Apr_2018  ,  1.1
6_Apr_2018  ,  1.1
5_Apr_2018  ,  1.1
4_Apr_2018  ,  1.1
3_Apr_2018  ,  1.15
30_Mar_2018  ,  1.15
29_Mar_2018  ,  1.15
28_Mar_2018  ,  1.15
27_Mar_2018  ,  1.15
26_Mar_2018  ,  1.2
24_Mar_2018  ,  1.2
23_Mar_2018  ,  1.2
22_Mar_2018  ,  1.2
21_Mar_2018  ,  1.2
20_Mar_2018  ,  1.2
19_Mar_2018  ,  1.2
16_Mar_2018  ,  1.2
15_Mar_2018  ,  1.2
14_Mar_2018  ,  1.2
13_Mar_2018  ,  1.2
12_Mar_2018  ,  1.2
9_Mar_2018  ,  1.2
8_Mar_2018  ,  1.2
7_Mar_2018  ,  1.2
6_Mar_2018  ,  1.2
5_Mar_2018  ,  1.2
2_Mar_2018  ,  1.25
1_Mar_2018  ,  1.25
28_Feb_2018  ,  1.25
27_Feb_2018  ,  1.25
26_Feb_2018  ,  1.25
23_Feb_2018  ,  1.25
22_Feb_2018  ,  1.25
21_Feb_2018  ,  1.25
20_Feb_2018  ,  1.25
19_Feb_2018  ,  1.25
18_Feb_2018  ,  1.25
16_Feb_2018  ,  1.25
15_Feb_2018  ,  1.25
14_Feb_2018  ,  1.25
13_Feb_2018  ,  1.25
12_Feb_2018  ,  1.25
9_Feb_2018  ,  1.25
8_Feb_2018  ,  1.25
7_Feb_2018  ,  1.25
6_Feb_2018  ,  1.25
5_Feb_2018  ,  1.25
2_Feb_2018  ,  1.2
1_Feb_2018  ,  1.2
31_Jan_2018  ,  1.2
30_Jan_2018  ,  1.2
29_Jan_2018  ,  1.15
26_Jan_2018  ,  1.15
25_Jan_2018  ,  1.15
24_Jan_2018  ,  1.15
23_Jan_2018  ,  1.15
22_Jan_2018  ,  1.15
19_Jan_2018  ,  1.15
18_Jan_2018  ,  1.15
17_Jan_2018  ,  1.15
16_Jan_2018  ,  1.15
15_Jan_2018  ,  1.15
12_Jan_2018  ,  1.15
11_Jan_2018  ,  1.15
10_Jan_2018  ,  1.15
9_Jan_2018  ,  1.15
8_Jan_2018  ,  1.1
7_Jan_2018  ,  1.1
5_Jan_2018  ,  1.1
4_Jan_2018  ,  1.1
3_Jan_2018  ,  1.1
2_Jan_2018  ,  1.1
1_Jan_2018  ,  1.1
29_Dec_2017  ,  1.1
28_Dec_2017  ,  1.1
27_Dec_2017  ,  1.1
26_Dec_2017  ,  1.1
25_Dec_2017  ,  1.1
22_Dec_2017  ,  1.1
21_Dec_2017  ,  1.1
20_Dec_2017  ,  1.1
19_Dec_2017  ,  1.1
18_Dec_2017  ,  1.1
16_Dec_2017  ,  1.1
15_Dec_2017  ,  1.1
14_Dec_2017  ,  1.1
13_Dec_2017  ,  0.7
12_Dec_2017  ,  0.7
11_Dec_2017  ,  0.7
8_Dec_2017  ,  0.7
7_Dec_2017  ,  0.7
6_Dec_2017  ,  0.7
5_Dec_2017  ,  0.7
4_Dec_2017  ,  0.7
2_Dec_2017  ,  0.7
1_Dec_2017  ,  0.7
30_Nov_2017  ,  0.7
29_Nov_2017  ,  0.7
28_Nov_2017  ,  0.7
27_Nov_2017  ,  0.7
24_Nov_2017  ,  0.7
23_Nov_2017  ,  0.7
22_Nov_2017  ,  0.7
21_Nov_2017  ,  0.75
20_Nov_2017  ,  0.75
17_Nov_2017  ,  0.75
16_Nov_2017  ,  0.75
15_Nov_2017  ,  0.75
14_Nov_2017  ,  0.75
13_Nov_2017  ,  0.75
10_Nov_2017  ,  0.75
9_Nov_2017  ,  0.75
8_Nov_2017  ,  0.75
7_Nov_2017  ,  0.75
6_Nov_2017  ,  0.75
3_Nov_2017  ,  0.75
2_Nov_2017  ,  0.75
1_Nov_2017  ,  0.75
31_Oct_2017  ,  0.75
30_Oct_2017  ,  0.8
29_Oct_2017  ,  0.8
27_Oct_2017  ,  0.8
26_Oct_2017  ,  0.8
25_Oct_2017  ,  0.8
24_Oct_2017  ,  0.8
23_Oct_2017  ,  0.8
22_Oct_2017  ,  0.8
20_Oct_2017  ,  0.8
19_Oct_2017  ,  0.8
18_Oct_2017  ,  0.8
17_Oct_2017  ,  0.8
16_Oct_2017  ,  0.8
13_Oct_2017  ,  0.8
12_Oct_2017  ,  0.8
11_Oct_2017  ,  0.8
10_Oct_2017  ,  0.8
9_Oct_2017  ,  0.8
6_Oct_2017  ,  0.8
5_Oct_2017  ,  0.8
4_Oct_2017  ,  0.8
3_Oct_2017  ,  0.8
2_Oct_2017  ,  0.8
29_Sep_2017  ,  0.8
28_Sep_2017  ,  0.75
27_Sep_2017  ,  0.75
26_Sep_2017  ,  0.75
25_Sep_2017  ,  0.75
22_Sep_2017  ,  0.75
21_Sep_2017  ,  0.75
20_Sep_2017  ,  0.75
19_Sep_2017  ,  0.75
18_Sep_2017  ,  0.75
15_Sep_2017  ,  0.75
14_Sep_2017  ,  0.75
13_Sep_2017  ,  0.75
12_Sep_2017  ,  0.75
11_Sep_2017  ,  0.8
8_Sep_2017  ,  0.8
7_Sep_2017  ,  0.8
6_Sep_2017  ,  0.8
5_Sep_2017  ,  0.8
4_Sep_2017  ,  0.8
1_Sep_2017  ,  0.8
31_Aug_2017  ,  0.8
30_Aug_2017  ,  0.8
29_Aug_2017  ,  0.8
28_Aug_2017  ,  0.8
25_Aug_2017  ,  0.8
24_Aug_2017  ,  0.8
23_Aug_2017  ,  0.8
22_Aug_2017  ,  0.8
21_Aug_2017  ,  0.85
18_Aug_2017  ,  0.85
17_Aug_2017  ,  0.85
16_Aug_2017  ,  0.85
15_Aug_2017  ,  0.85
14_Aug_2017  ,  0.85
11_Aug_2017  ,  0.85
10_Aug_2017  ,  0.85
9_Aug_2017  ,  0.85
8_Aug_2017  ,  0.85
7_Aug_2017  ,  0.85
6_Aug_2017  ,  0.85
4_Aug_2017  ,  0.85
3_Aug_2017  ,  0.85
2_Aug_2017  ,  0.85
1_Aug_2017  ,  0.85
31_Jul_2017  ,  0.85
28_Jul_2017  ,  0.85
27_Jul_2017  ,  0.85
26_Jul_2017  ,  0.85
25_Jul_2017  ,  0.85
24_Jul_2017  ,  0.85
21_Jul_2017  ,  0.85
20_Jul_2017  ,  0.85
19_Jul_2017  ,  0.85
18_Jul_2017  ,  0.85
17_Jul_2017  ,  0.85
16_Jul_2017  ,  0.85
14_Jul_2017  ,  0.85
13_Jul_2017  ,  0.85
12_Jul_2017  ,  0.85
11_Jul_2017  ,  0.85
10_Jul_2017  ,  0.85
7_Jul_2017  ,  0.8
6_Jul_2017  ,  0.8
5_Jul_2017  ,  0.8
4_Jul_2017  ,  0.8
3_Jul_2017  ,  0.8
2_Jul_2017  ,  0.8
1_Jul_2017  ,  0.8
30_Jun_2017  ,  0.8
29_Jun_2017  ,  0.75
28_Jun_2017  ,  0.75
27_Jun_2017  ,  0.75
26_Jun_2017  ,  0.75
25_Jun_2017  ,  0.75
23_Jun_2017  ,  0.75
22_Jun_2017  ,  0.75
21_Jun_2017  ,  0.75
20_Jun_2017  ,  0.75
19_Jun_2017  ,  0.75
16_Jun_2017  ,  0.75
15_Jun_2017  ,  0.75
14_Jun_2017  ,  0.75
13_Jun_2017  ,  0.75
12_Jun_2017  ,  0.75
9_Jun_2017  ,  0.75
8_Jun_2017  ,  0.75
7_Jun_2017  ,  0.75
6_Jun_2017  ,  0.75
5_Jun_2017  ,  0.75
2_Jun_2017  ,  0.75
1_Jun_2017  ,  0.75
31_May_2017  ,  0.75
30_May_2017  ,  0.75
29_May_2017  ,  0.75
26_May_2017  ,  0.75
25_May_2017  ,  0.75
24_May_2017  ,  0.75
23_May_2017  ,  0.75
22_May_2017  ,  0.75
19_May_2017  ,  0.75
18_May_2017  ,  0.75
17_May_2017  ,  0.75
16_May_2017  ,  0.75
15_May_2017  ,  0.75
12_May_2017  ,  0.75
11_May_2017  ,  0.75
10_May_2017  ,  0.75
9_May_2017  ,  0.75
8_May_2017  ,  0.75
7_May_2017  ,  0.75
5_May_2017  ,  0.75
4_May_2017  ,  0.75
3_May_2017  ,  0.75
2_May_2017  ,  0.75
28_Apr_2017  ,  0.75
27_Apr_2017  ,  0.75
26_Apr_2017  ,  0.75
25_Apr_2017  ,  0.75
24_Apr_2017  ,  0.75
22_Apr_2017  ,  0.75
21_Apr_2017  ,  0.75
20_Apr_2017  ,  0.75
19_Apr_2017  ,  0.75
18_Apr_2017  ,  0.75
17_Apr_2017  ,  0.75
13_Apr_2017  ,  0.75
12_Apr_2017  ,  0.75
11_Apr_2017  ,  0.75
10_Apr_2017  ,  0.75
7_Apr_2017  ,  0.75
6_Apr_2017  ,  0.8
5_Apr_2017  ,  0.8
4_Apr_2017  ,  0.8
3_Apr_2017  ,  0.8
31_Mar_2017  ,  0.8
30_Mar_2017  ,  0.85
29_Mar_2017  ,  0.85
28_Mar_2017  ,  0.85
27_Mar_2017  ,  0.85
26_Mar_2017  ,  0.85
24_Mar_2017  ,  0.85
23_Mar_2017  ,  0.8
22_Mar_2017  ,  0.8
21_Mar_2017  ,  0.8
20_Mar_2017  ,  0.75
18_Mar_2017  ,  0.75
17_Mar_2017  ,  0.75
16_Mar_2017  ,  0.75
15_Mar_2017  ,  0.75
14_Mar_2017  ,  0.75
13_Mar_2017  ,  0.75
10_Mar_2017  ,  0.75
9_Mar_2017  ,  0.75
8_Mar_2017  ,  0.75
7_Mar_2017  ,  0.75
6_Mar_2017  ,  0.75
3_Mar_2017  ,  0.8
2_Mar_2017  ,  0.8
1_Mar_2017  ,  0.8
28_Feb_2017  ,  0.8
27_Feb_2017  ,  0.8
24_Feb_2017  ,  0.8
23_Feb_2017  ,  0.85
22_Feb_2017  ,  0.85
21_Feb_2017  ,  0.85
20_Feb_2017  ,  0.85
17_Feb_2017  ,  0.8
16_Feb_2017  ,  0.8
15_Feb_2017  ,  0.8
14_Feb_2017  ,  0.8
13_Feb_2017  ,  0.8
10_Feb_2017  ,  0.8
9_Feb_2017  ,  0.8
8_Feb_2017  ,  0.8
7_Feb_2017  ,  0.8
6_Feb_2017  ,  0.8
3_Feb_2017  ,  0.8
2_Feb_2017  ,  0.8
1_Feb_2017  ,  0.8
31_Jan_2017  ,  0.8
30_Jan_2017  ,  0.8
27_Jan_2017  ,  0.8
26_Jan_2017  ,  0.8
25_Jan_2017  ,  0.8
24_Jan_2017  ,  0.8
23_Jan_2017  ,  0.8
20_Jan_2017  ,  0.8
19_Jan_2017  ,  0.8
18_Jan_2017  ,  0.8
17_Jan_2017  ,  0.8
16_Jan_2017  ,  0.8
13_Jan_2017  ,  0.8
12_Jan_2017  ,  0.8
11_Jan_2017  ,  0.8
10_Jan_2017  ,  0.8
9_Jan_2017  ,  0.8
6_Jan_2017  ,  0.8
5_Jan_2017  ,  0.8
4_Jan_2017  ,  0.8
3_Jan_2017  ,  0.8
2_Jan_2017  ,  0.8
30_Dec_2016  ,  0.8
29_Dec_2016  ,  0.85
28_Dec_2016  ,  0.85
27_Dec_2016  ,  0.85
23_Dec_2016  ,  0.85
22_Dec_2016  ,  0.85
21_Dec_2016  ,  0.85
20_Dec_2016  ,  0.85
19_Dec_2016  ,  0.85
16_Dec_2016  ,  0.85
15_Dec_2016  ,  0.85
14_Dec_2016  ,  0.85
13_Dec_2016  ,  0.85
12_Dec_2016  ,  0.85
9_Dec_2016  ,  0.85
8_Dec_2016  ,  0.85
7_Dec_2016  ,  0.85
6_Dec_2016  ,  0.85
5_Dec_2016  ,  0.85
2_Dec_2016  ,  0.85
1_Dec_2016  ,  0.85
30_Nov_2016  ,  0.85
29_Nov_2016  ,  0.85
28_Nov_2016  ,  0.85
25_Nov_2016  ,  0.85
24_Nov_2016  ,  0.85
23_Nov_2016  ,  0.85
22_Nov_2016  ,  0.85
21_Nov_2016  ,  0.85
18_Nov_2016  ,  0.45
17_Nov_2016  ,  0.45
16_Nov_2016  ,  0.45
15_Nov_2016  ,  0.45
14_Nov_2016  ,  0.45
11_Nov_2016  ,  0.45
10_Nov_2016  ,  0.45
9_Nov_2016  ,  0.45
8_Nov_2016  ,  0.45
7_Nov_2016  ,  0.45
4_Nov_2016  ,  0.45
3_Nov_2016  ,  0.45
2_Nov_2016  ,  0.45
1_Nov_2016  ,  0.45
31_Oct_2016  ,  0.45
28_Oct_2016  ,  0.4
27_Oct_2016  ,  0.4
26_Oct_2016  ,  0.4
25_Oct_2016  ,  0.4
24_Oct_2016  ,  0.4
21_Oct_2016  ,  0.4
20_Oct_2016  ,  0.4
19_Oct_2016  ,  0.4
18_Oct_2016  ,  0.4
17_Oct_2016  ,  0.4
15_Oct_2016  ,  0.4
14_Oct_2016  ,  0.4
13_Oct_2016  ,  0.4
12_Oct_2016  ,  0.4
11_Oct_2016  ,  0.4
10_Oct_2016  ,  0.4
8_Oct_2016  ,  0.4
7_Oct_2016  ,  0.4
6_Oct_2016  ,  0.4
5_Oct_2016  ,  0.4
4_Oct_2016  ,  0.4
3_Oct_2016  ,  0.4
1_Oct_2016  ,  0.4
30_Sep_2016  ,  0.4
29_Sep_2016  ,  0.4
28_Sep_2016  ,  0.4
27_Sep_2016  ,  0.4
26_Sep_2016  ,  0.4
25_Sep_2016  ,  0.4
24_Sep_2016  ,  0.4
23_Sep_2016  ,  0.4
22_Sep_2016  ,  0.4
21_Sep_2016  ,  0.4
20_Sep_2016  ,  0.4
19_Sep_2016  ,  0.4
17_Sep_2016  ,  0.4
16_Sep_2016  ,  0.4
15_Sep_2016  ,  0.4
14_Sep_2016  ,  0.4
13_Sep_2016  ,  0.45
12_Sep_2016  ,  0.45
11_Sep_2016  ,  0.45
10_Sep_2016  ,  0.45
9_Sep_2016  ,  0.45
8_Sep_2016  ,  0.45
7_Sep_2016  ,  0.45
6_Sep_2016  ,  0.45
5_Sep_2016  ,  0.45
3_Sep_2016  ,  0.45
2_Sep_2016  ,  0.45
1_Sep_2016  ,  0.45
31_Aug_2016  ,  0.45
30_Aug_2016  ,  0.45
29_Aug_2016  ,  0.45
28_Aug_2016  ,  0.45
27_Aug_2016  ,  0.5
26_Aug_2016  ,  0.45
25_Aug_2016  ,  0.5
24_Aug_2016  ,  0.5
23_Aug_2016  ,  0.5
22_Aug_2016  ,  0.55
19_Aug_2016  ,  0.55
18_Aug_2016  ,  0.55
17_Aug_2016  ,  0.55
16_Aug_2016  ,  0.65
15_Aug_2016  ,  0.65
14_Aug_2016  ,  0.65
13_Aug_2016  ,  0.65
12_Aug_2016  ,  0.65
11_Aug_2016  ,  0.65
10_Aug_2016  ,  0.65
9_Aug_2016  ,  0.65
8_Aug_2016  ,  0.65
6_Aug_2016  ,  0.65
5_Aug_2016  ,  0.65
4_Aug_2016  ,  0.65
3_Aug_2016  ,  0.65
2_Aug_2016  ,  0.65
1_Aug_2016  ,  0.65
29_Jul_2016  ,  0.65
28_Jul_2016  ,  0.65
27_Jul_2016  ,  0.65
26_Jul_2016  ,  0.65
25_Jul_2016  ,  0.65
22_Jul_2016  ,  0.65
21_Jul_2016  ,  0.65
20_Jul_2016  ,  0.65
19_Jul_2016  ,  0.65
18_Jul_2016  ,  0.7
15_Jul_2016  ,  0.7
14_Jul_2016  ,  0.75
13_Jul_2016  ,  0.75
12_Jul_2016  ,  0.75
11_Jul_2016  ,  0.75
10_Jul_2016  ,  0.8
8_Jul_2016  ,  0.8
7_Jul_2016  ,  0.8
6_Jul_2016  ,  0.8
5_Jul_2016  ,  0.85
4_Jul_2016  ,  0.85
3_Jul_2016  ,  0.85
1_Jul_2016  ,  0.85
30_Jun_2016  ,  0.85
29_Jun_2016  ,  0.85
28_Jun_2016  ,  0.85
27_Jun_2016  ,  0.85
24_Jun_2016  ,  0.85
23_Jun_2016  ,  0.85
22_Jun_2016  ,  0.85
21_Jun_2016  ,  0.85
20_Jun_2016  ,  0.85
17_Jun_2016  ,  0.85
16_Jun_2016  ,  0.85
15_Jun_2016  ,  0.85
14_Jun_2016  ,  0.95
13_Jun_2016  ,  0.95
10_Jun_2016  ,  0.95
9_Jun_2016  ,  0.95
8_Jun_2016  ,  0.95
7_Jun_2016  ,  0.95
6_Jun_2016  ,  0.84
5_Jun_2016  ,  0.95
4_Jun_2016  ,  0.95
3_Jun_2016  ,  0.95
2_Jun_2016  ,  0.95
1_Jun_2016  ,  0.95
31_May_2016  ,  0.95
30_May_2016  ,  0.95
28_May_2016  ,  0.95
27_May_2016  ,  0.95
26_May_2016  ,  1.0
25_May_2016  ,  1.0
24_May_2016  ,  1.0
23_May_2016  ,  1.0
21_May_2016  ,  1.0
20_May_2016  ,  1.0
19_May_2016  ,  1.0
18_May_2016  ,  1.0
17_May_2016  ,  1.0
16_May_2016  ,  1.0
14_May_2016  ,  1.0
13_May_2016  ,  1.0
12_May_2016  ,  1.0
11_May_2016  ,  1.0
10_May_2016  ,  1.0
9_May_2016  ,  1.0
7_May_2016  ,  0.94
6_May_2016  ,  0.94
5_May_2016  ,  0.94
4_May_2016  ,  1.0
3_May_2016  ,  1.0
2_May_2016  ,  1.0
30_Apr_2016  ,  1.0
29_Apr_2016  ,  1.0
28_Apr_2016  ,  1.0
27_Apr_2016  ,  1.0
26_Apr_2016  ,  1.0
25_Apr_2016  ,  1.0
23_Apr_2016  ,  1.0
22_Apr_2016  ,  1.0
21_Apr_2016  ,  1.0
20_Apr_2016  ,  1.0
19_Apr_2016  ,  1.0
18_Apr_2016  ,  1.0
16_Apr_2016  ,  1.0
15_Apr_2016  ,  1.0
14_Apr_2016  ,  1.0
13_Apr_2016  ,  1.0
12_Apr_2016  ,  1.0
11_Apr_2016  ,  1.0
9_Apr_2016  ,  1.0
8_Apr_2016  ,  1.0
7_Apr_2016  ,  1.0
6_Apr_2016  ,  1.0
5_Apr_2016  ,  1.0
4_Apr_2016  ,  1.05
2_Apr_2016  ,  1.05
1_Apr_2016  ,  1.05
31_Mar_2016  ,  0.99
30_Mar_2016  ,  1.1
29_Mar_2016  ,  1.1
28_Mar_2016  ,  1.1
26_Mar_2016  ,  1.1
25_Mar_2016  ,  1.1
24_Mar_2016  ,  1.1
23_Mar_2016  ,  1.1
22_Mar_2016  ,  1.1
21_Mar_2016  ,  1.1
19_Mar_2016  ,  1.1
18_Mar_2016  ,  1.1
17_Mar_2016  ,  1.1
16_Mar_2016  ,  1.04
15_Mar_2016  ,  1.15
14_Mar_2016  ,  1.15
12_Mar_2016  ,  1.15
11_Mar_2016  ,  1.15
10_Mar_2016  ,  1.15
9_Mar_2016  ,  1.15
8_Mar_2016  ,  1.24
7_Mar_2016  ,  1.24
4_Mar_2016  ,  1.15
3_Mar_2016  ,  1.29
2_Mar_2016  ,  1.35
1_Mar_2016  ,  1.35
29_Feb_2016  ,  1.35
27_Feb_2016  ,  1.35
26_Feb_2016  ,  1.35
25_Feb_2016  ,  1.35
24_Feb_2016  ,  1.29
23_Feb_2016  ,  1.35
22_Feb_2016  ,  1.35
20_Feb_2016  ,  1.29
19_Feb_2016  ,  1.29
18_Feb_2016  ,  1.29
17_Feb_2016  ,  1.35
16_Feb_2016  ,  1.35
15_Feb_2016  ,  1.35
14_Feb_2016  ,  1.35
13_Feb_2016  ,  1.35
12_Feb_2016  ,  1.35
11_Feb_2016  ,  1.35
10_Feb_2016  ,  1.35
9_Feb_2016  ,  1.45
8_Feb_2016  ,  1.45
6_Feb_2016  ,  1.45
5_Feb_2016  ,  1.45
4_Feb_2016  ,  1.45
3_Feb_2016  ,  1.45
2_Feb_2016  ,  1.45
1_Feb_2016  ,  1.45
30_Jan_2016  ,  1.45
29_Jan_2016  ,  1.45
28_Jan_2016  ,  1.45
27_Jan_2016  ,  1.45
26_Jan_2016  ,  1.45
25_Jan_2016  ,  1.45
23_Jan_2016  ,  1.45
22_Jan_2016  ,  1.45
21_Jan_2016  ,  1.45
20_Jan_2016  ,  1.45
19_Jan_2016  ,  1.45
18_Jan_2016  ,  1.45
16_Jan_2016  ,  1.45
15_Jan_2016  ,  1.45
14_Jan_2016  ,  1.45
13_Jan_2016  ,  1.45
12_Jan_2016  ,  1.45
11_Jan_2016  ,  1.45
10_Jan_2016  ,  1.45
9_Jan_2016  ,  1.45
8_Jan_2016  ,  1.45
7_Jan_2016  ,  1.45
6_Jan_2016  ,  1.45
5_Jan_2016  ,  1.45
4_Jan_2016  ,  1.45
2_Jan_2016  ,  1.59
1_Jan_2016  ,  1.59
31_Dec_2015  ,  1.59
30_Dec_2015  ,  1.59
29_Dec_2015  ,  1.45
28_Dec_2015  ,  1.45
26_Dec_2015  ,  1.45
25_Dec_2015  ,  1.45
24_Dec_2015  ,  1.45
23_Dec_2015  ,  1.45
22_Dec_2015  ,  1.45
21_Dec_2015  ,  1.45
19_Dec_2015  ,  1.45
18_Dec_2015  ,  1.45
17_Dec_2015  ,  1.45
16_Dec_2015  ,  1.45
15_Dec_2015  ,  1.45
14_Dec_2015  ,  1.45
12_Dec_2015  ,  1.45
11_Dec_2015  ,  1.45
10_Dec_2015  ,  1.45
9_Dec_2015  ,  1.45
8_Dec_2015  ,  1.45
7_Dec_2015  ,  1.45
6_Dec_2015  ,  1.45
5_Dec_2015  ,  1.5
4_Dec_2015  ,  1.45
3_Dec_2015  ,  1.5
2_Dec_2015  ,  1.5
1_Dec_2015  ,  1.5
30_Nov_2015  ,  1.44
28_Nov_2015  ,  1.44
27_Nov_2015  ,  1.44
26_Nov_2015  ,  1.55
25_Nov_2015  ,  1.55
24_Nov_2015  ,  1.55
23_Nov_2015  ,  1.55
22_Nov_2015  ,  1.55
21_Nov_2015  ,  1.55
20_Nov_2015  ,  1.55
19_Nov_2015  ,  1.55
18_Nov_2015  ,  1.55
17_Nov_2015  ,  1.55
16_Nov_2015  ,  1.5
14_Nov_2015  ,  1.5
13_Nov_2015  ,  1.5
12_Nov_2015  ,  1.54
11_Nov_2015  ,  1.5
10_Nov_2015  ,  1.5
9_Nov_2015  ,  1.5
7_Nov_2015  ,  1.5
6_Nov_2015  ,  1.5
5_Nov_2015  ,  1.5
4_Nov_2015  ,  1.5
3_Nov_2015  ,  1.5
2_Nov_2015  ,  1.5
31_Oct_2015  ,  1.5
30_Oct_2015  ,  1.5
29_Oct_2015  ,  1.5
28_Oct_2015  ,  1.5
27_Oct_2015  ,  1.55
26_Oct_2015  ,  1.55
24_Oct_2015  ,  1.55
23_Oct_2015  ,  1.55
22_Oct_2015  ,  1.55
21_Oct_2015  ,  1.55
20_Oct_2015  ,  1.55
19_Oct_2015  ,  1.55
18_Oct_2015  ,  1.6
17_Oct_2015  ,  1.6
16_Oct_2015  ,  1.6
15_Oct_2015  ,  1.6
14_Oct_2015  ,  1.6
13_Oct_2015  ,  1.6
12_Oct_2015  ,  1.6
11_Oct_2015  ,  1.6
10_Oct_2015  ,  1.6
9_Oct_2015  ,  1.6
8_Oct_2015  ,  1.6
7_Oct_2015  ,  1.6
6_Oct_2015  ,  1.6
5_Oct_2015  ,  1.6
3_Oct_2015  ,  1.6
2_Oct_2015  ,  1.6
1_Oct_2015  ,  1.6
30_Sep_2015  ,  1.6
29_Sep_2015  ,  1.6
28_Sep_2015  ,  1.6
27_Sep_2015  ,  1.49
26_Sep_2015  ,  1.49
25_Sep_2015  ,  1.49
24_Sep_2015  ,  1.6
23_Sep_2015  ,  1.6
22_Sep_2015  ,  1.49
21_Sep_2015  ,  1.6
19_Sep_2015  ,  1.65
18_Sep_2015  ,  1.65
17_Sep_2015  ,  1.65
16_Sep_2015  ,  1.65
15_Sep_2015  ,  1.65
14_Sep_2015  ,  1.65
12_Sep_2015  ,  1.65
11_Sep_2015  ,  1.65
10_Sep_2015  ,  1.49
9_Sep_2015  ,  1.65
8_Sep_2015  ,  1.489
7_Sep_2015  ,  1.489
6_Sep_2015  ,  1.65
5_Sep_2015  ,  1.65
4_Sep_2015  ,  1.65
3_Sep_2015  ,  1.65
2_Sep_2015  ,  1.65
1_Sep_2015  ,  1.65
31_Aug_2015  ,  1.65
29_Aug_2015  ,  1.65
28_Aug_2015  ,  1.65
27_Aug_2015  ,  1.65
26_Aug_2015  ,  1.65
25_Aug_2015  ,  1.75
24_Aug_2015  ,  1.75
22_Aug_2015  ,  1.75
21_Aug_2015  ,  1.75
20_Aug_2015  ,  1.75
19_Aug_2015  ,  1.75
18_Aug_2015  ,  1.75
17_Aug_2015  ,  1.75
15_Aug_2015  ,  1.786
14_Aug_2015  ,  1.786
13_Aug_2015  ,  1.787
12_Aug_2015  ,  1.8
11_Aug_2015  ,  1.8
10_Aug_2015  ,  1.8
8_Aug_2015  ,  1.8
7_Aug_2015  ,  1.8
6_Aug_2015  ,  1.8
5_Aug_2015  ,  1.8
4_Aug_2015  ,  1.8
3_Aug_2015  ,  1.8
2_Aug_2015  ,  1.8
1_Aug_2015  ,  1.8
31_Jul_2015  ,  1.8
30_Jul_2015  ,  1.8
29_Jul_2015  ,  1.8
28_Jul_2015  ,  1.8
27_Jul_2015  ,  1.8
25_Jul_2015  ,  1.8
24_Jul_2015  ,  1.8
23_Jul_2015  ,  1.8
22_Jul_2015  ,  1.8
21_Jul_2015  ,  1.8
20_Jul_2015  ,  1.8
18_Jul_2015  ,  1.8
17_Jul_2015  ,  1.8
16_Jul_2015  ,  1.8
15_Jul_2015  ,  1.8
14_Jul_2015  ,  1.8
13_Jul_2015  ,  1.8
11_Jul_2015  ,  1.8
10_Jul_2015  ,  1.8
9_Jul_2015  ,  1.8
8_Jul_2015  ,  1.8
7_Jul_2015  ,  1.8
6_Jul_2015  ,  1.8
4_Jul_2015  ,  1.8
3_Jul_2015  ,  1.8
2_Jul_2015  ,  1.8
1_Jul_2015  ,  1.8
30_Jun_2015  ,  1.8
29_Jun_2015  ,  1.6
27_Jun_2015  ,  1.6
26_Jun_2015  ,  1.6
25_Jun_2015  ,  1.6
24_Jun_2015  ,  1.6
23_Jun_2015  ,  1.6
22_Jun_2015  ,  1.6
21_Jun_2015  ,  1.6
20_Jun_2015  ,  1.6
19_Jun_2015  ,  1.6
18_Jun_2015  ,  1.6
17_Jun_2015  ,  1.6
16_Jun_2015  ,  1.6
15_Jun_2015  ,  1.6
13_Jun_2015  ,  1.6
12_Jun_2015  ,  1.6
11_Jun_2015  ,  1.6
10_Jun_2015  ,  1.45
9_Jun_2015  ,  1.45
8_Jun_2015  ,  1.25
7_Jun_2015  ,  1.25
6_Jun_2015  ,  1.25
5_Jun_2015  ,  1.25
4_Jun_2015  ,  1.249
3_Jun_2015  ,  1.25
2_Jun_2015  ,  1.25
1_Jun_2015  ,  1.25
30_May_2015  ,  1.25
29_May_2015  ,  1.25
28_May_2015  ,  1.249
27_May_2015  ,  1.25
26_May_2015  ,  0.95
25_May_2015  ,  0.9
23_May_2015  ,  0.9
22_May_2015  ,  0.9
21_May_2015  ,  0.9
20_May_2015  ,  0.9
19_May_2015  ,  0.9
18_May_2015  ,  0.9
16_May_2015  ,  0.9
15_May_2015  ,  0.9
14_May_2015  ,  0.899
13_May_2015  ,  0.9
12_May_2015  ,  0.9
11_May_2015  ,  0.9
9_May_2015  ,  0.9
8_May_2015  ,  0.9
7_May_2015  ,  0.899
6_May_2015  ,  0.9
5_May_2015  ,  0.9
4_May_2015  ,  0.9
2_May_2015  ,  0.899
1_May_2015  ,  0.899
30_Apr_2015  ,  0.899
29_Apr_2015  ,  0.899
28_Apr_2015  ,  0.9
27_Apr_2015  ,  0.9
25_Apr_2015  ,  0.9
24_Apr_2015  ,  0.9
23_Apr_2015  ,  0.899
22_Apr_2015  ,  0.8
21_Apr_2015  ,  0.8
20_Apr_2015  ,  0.8
18_Apr_2015  ,  0.799
17_Apr_2015  ,  0.799
16_Apr_2015  ,  0.799
15_Apr_2015  ,  0.8
14_Apr_2015  ,  0.8
13_Apr_2015  ,  0.8
11_Apr_2015  ,  0.8
10_Apr_2015  ,  0.8
9_Apr_2015  ,  0.849
8_Apr_2015  ,  0.85
7_Apr_2015  ,  0.85
6_Apr_2015  ,  0.748
4_Apr_2015  ,  0.748
3_Apr_2015  ,  0.599
2_Apr_2015  ,  0.748
1_Apr_2015  ,  0.748
31_Mar_2015  ,  0.599
30_Mar_2015  ,  0.599
28_Mar_2015  ,  0.599
27_Mar_2015  ,  0.599
26_Mar_2015  ,  0.597
25_Mar_2015  ,  0.599
24_Mar_2015  ,  0.599
23_Mar_2015  ,  0.599
21_Mar_2015  ,  0.599
20_Mar_2015  ,  0.599
19_Mar_2015  ,  0.597
18_Mar_2015  ,  1.058
17_Mar_2015  ,  1.058
16_Mar_2015  ,  0.749
14_Mar_2015  ,  0.749
13_Mar_2015  ,  0.749
12_Mar_2015  ,  0.747
11_Mar_2015  ,  0.749
10_Mar_2015  ,  0.748
9_Mar_2015  ,  0.748
8_Mar_2015  ,  0.799
7_Mar_2015  ,  0.799
6_Mar_2015  ,  0.799
5_Mar_2015  ,  0.799
4_Mar_2015  ,  0.799
3_Mar_2015  ,  0.799
2_Mar_2015  ,  0.799
28_Feb_2015  ,  0.799
27_Feb_2015  ,  0.799
26_Feb_2015  ,  0.897
25_Feb_2015  ,  1.077
24_Feb_2015  ,  1.077
23_Feb_2015  ,  0.899
21_Feb_2015  ,  1.079
20_Feb_2015  ,  1.079
19_Feb_2015  ,  0.897
18_Feb_2015  ,  0.949
17_Feb_2015  ,  0.899
16_Feb_2015  ,  1.049
14_Feb_2015  ,  1.048
13_Feb_2015  ,  1.048
12_Feb_2015  ,  1.084
11_Feb_2015  ,  1.049
10_Feb_2015  ,  1.089
9_Feb_2015  ,  1.049
7_Feb_2015  ,  1.299
6_Feb_2015  ,  1.299
5_Feb_2015  ,  1.299
4_Feb_2015  ,  1.299
3_Feb_2015  ,  1.299
2_Feb_2015  ,  1.299
1_Feb_2015  ,  1.299
31_Jan_2015  ,  1.299
30_Jan_2015  ,  1.299
29_Jan_2015  ,  1.298
28_Jan_2015  ,  1.299
27_Jan_2015  ,  1.299
26_Jan_2015  ,  1.299
24_Jan_2015  ,  1.299
23_Jan_2015  ,  1.299
22_Jan_2015  ,  1.338
21_Jan_2015  ,  1.299
20_Jan_2015  ,  1.75
19_Jan_2015  ,  1.75
17_Jan_2015  ,  1.498
16_Jan_2015  ,  1.498
15_Jan_2015  ,  1.499
14_Jan_2015  ,  1.499
13_Jan_2015  ,  1.599
12_Jan_2015  ,  1.649
10_Jan_2015  ,  1.75
9_Jan_2015  ,  1.75
8_Jan_2015  ,  1.698
7_Jan_2015  ,  1.799
6_Jan_2015  ,  1.799
5_Jan_2015  ,  1.849
3_Jan_2015  ,  2.05
2_Jan_2015  ,  2.05
31_Dec_2014  ,  1.998
30_Dec_2014  ,  1.849
29_Dec_2014  ,  1.995
28_Dec_2014  ,  1.996
24_Dec_2014  ,  1.996
23_Dec_2014  ,  1.996
22_Dec_2014  ,  1.846
21_Dec_2014  ,  2.0
20_Dec_2014  ,  1.998
19_Dec_2014  ,  2.0
18_Dec_2014  ,  1.998
17_Dec_2014  ,  1.849
16_Dec_2014  ,  1.849
15_Dec_2014  ,  1.849
14_Dec_2014  ,  1.849
13_Dec_2014  ,  1.849
12_Dec_2014  ,  1.849
11_Dec_2014  ,  1.898
10_Dec_2014  ,  1.899
9_Dec_2014  ,  1.999
8_Dec_2014  ,  1.999
6_Dec_2014  ,  1.999
5_Dec_2014  ,  1.999
4_Dec_2014  ,  1.998
3_Dec_2014  ,  1.999
2_Dec_2014  ,  1.999
1_Dec_2014  ,  1.999
30_Nov_2014  ,  1.999
29_Nov_2014  ,  1.999
28_Nov_2014  ,  1.999
27_Nov_2014  ,  1.998
26_Nov_2014  ,  1.999
25_Nov_2014  ,  1.999
24_Nov_2014  ,  1.999
22_Nov_2014  ,  2.099
21_Nov_2014  ,  2.099
20_Nov_2014  ,  2.098
19_Nov_2014  ,  2.099
18_Nov_2014  ,  2.05
17_Nov_2014  ,  2.2
16_Nov_2014  ,  2.099
15_Nov_2014  ,  2.099
14_Nov_2014  ,  2.099
13_Nov_2014  ,  2.098
12_Nov_2014  ,  2.2
11_Nov_2014  ,  2.2
10_Nov_2014  ,  2.2
8_Nov_2014  ,  2.2
7_Nov_2014  ,  2.2
6_Nov_2014  ,  2.198
5_Nov_2014  ,  2.2
4_Nov_2014  ,  2.2
3_Nov_2014  ,  2.399
1_Nov_2014  ,  2.399
31_Oct_2014  ,  2.399
30_Oct_2014  ,  2.399
29_Oct_2014  ,  2.399
28_Oct_2014  ,  2.399
27_Oct_2014  ,  2.399
25_Oct_2014  ,  2.399
24_Oct_2014  ,  2.399
23_Oct_2014  ,  2.399
22_Oct_2014  ,  2.399
21_Oct_2014  ,  2.399
20_Oct_2014  ,  2.5
18_Oct_2014  ,  2.5
17_Oct_2014  ,  2.5
16_Oct_2014  ,  2.499
15_Oct_2014  ,  2.399
14_Oct_2014  ,  2.5
13_Oct_2014  ,  2.5
11_Oct_2014  ,  2.5
10_Oct_2014  ,  2.5
9_Oct_2014  ,  2.499
8_Oct_2014  ,  2.399
7_Oct_2014  ,  2.5
6_Oct_2014  ,  2.5
4_Oct_2014  ,  2.499
3_Oct_2014  ,  2.499
2_Oct_2014  ,  2.498
1_Oct_2014  ,  2.498
30_Sep_2014  ,  2.499
29_Sep_2014  ,  2.499
27_Sep_2014  ,  2.399
26_Sep_2014  ,  2.399
25_Sep_2014  ,  2.498
24_Sep_2014  ,  2.498
23_Sep_2014  ,  2.499
22_Sep_2014  ,  2.499
20_Sep_2014  ,  2.499
19_Sep_2014  ,  2.499
18_Sep_2014  ,  2.498
17_Sep_2014  ,  2.498
16_Sep_2014  ,  2.499
15_Sep_2014  ,  2.4
13_Sep_2014  ,  2.499
12_Sep_2014  ,  2.499
11_Sep_2014  ,  2.498
10_Sep_2014  ,  2.498
9_Sep_2014  ,  2.499
8_Sep_2014  ,  2.499
6_Sep_2014  ,  2.499
5_Sep_2014  ,  2.499
4_Sep_2014  ,  2.598
3_Sep_2014  ,  2.598
2_Sep_2014  ,  2.599
1_Sep_2014  ,  2.599
31_Aug_2014  ,  2.599
30_Aug_2014  ,  2.599
29_Aug_2014  ,  2.599
28_Aug_2014  ,  2.598
27_Aug_2014  ,  2.5
26_Aug_2014  ,  2.599
25_Aug_2014  ,  2.599
23_Aug_2014  ,  2.598
22_Aug_2014  ,  2.598
21_Aug_2014  ,  2.598
20_Aug_2014  ,  2.539
19_Aug_2014  ,  2.6
18_Aug_2014  ,  2.6
17_Aug_2014  ,  2.598
16_Aug_2014  ,  2.598
15_Aug_2014  ,  2.598
14_Aug_2014  ,  2.598
13_Aug_2014  ,  2.598
12_Aug_2014  ,  2.598
11_Aug_2014  ,  2.599
10_Aug_2014  ,  2.599
9_Aug_2014  ,  2.599
8_Aug_2014  ,  2.599
7_Aug_2014  ,  2.598
6_Aug_2014  ,  2.598
5_Aug_2014  ,  2.6
4_Aug_2014  ,  2.6
2_Aug_2014  ,  2.599
1_Aug_2014  ,  2.599
31_Jul_2014  ,  2.598
30_Jul_2014  ,  2.598
29_Jul_2014  ,  2.599
28_Jul_2014  ,  2.54
27_Jul_2014  ,  2.599
26_Jul_2014  ,  2.539
25_Jul_2014  ,  2.539
24_Jul_2014  ,  2.598
23_Jul_2014  ,  2.599
22_Jul_2014  ,  2.6
21_Jul_2014  ,  2.6
20_Jul_2014  ,  2.599
19_Jul_2014  ,  2.6
18_Jul_2014  ,  2.6
17_Jul_2014  ,  2.6
16_Jul_2014  ,  2.598
15_Jul_2014  ,  2.799
14_Jul_2014  ,  2.799
12_Jul_2014  ,  2.799
11_Jul_2014  ,  2.799
10_Jul_2014  ,  2.799
9_Jul_2014  ,  2.799
8_Jul_2014  ,  2.799
7_Jul_2014  ,  2.799
5_Jul_2014  ,  2.7
4_Jul_2014  ,  2.7
3_Jul_2014  ,  2.7
2_Jul_2014  ,  2.799
1_Jul_2014  ,  2.639
30_Jun_2014  ,  2.799
28_Jun_2014  ,  2.7
27_Jun_2014  ,  2.7
26_Jun_2014  ,  2.799
25_Jun_2014  ,  2.7
24_Jun_2014  ,  2.7
23_Jun_2014  ,  2.7
22_Jun_2014  ,  2.7
21_Jun_2014  ,  2.8
20_Jun_2014  ,  2.7
19_Jun_2014  ,  2.8
18_Jun_2014  ,  2.8
17_Jun_2014  ,  2.899
16_Jun_2014  ,  2.899
14_Jun_2014  ,  2.899
13_Jun_2014  ,  2.899
12_Jun_2014  ,  2.999
11_Jun_2014  ,  2.999
10_Jun_2014  ,  3.1
9_Jun_2014  ,  3.2
7_Jun_2014  ,  3.2
6_Jun_2014  ,  3.2
5_Jun_2014  ,  3.199
4_Jun_2014  ,  3.199
3_Jun_2014  ,  3.2
2_Jun_2014  ,  3.2
31_May_2014  ,  3.2
30_May_2014  ,  3.2
29_May_2014  ,  3.2
28_May_2014  ,  3.2
27_May_2014  ,  3.2
26_May_2014  ,  3.2
25_May_2014  ,  3.2
24_May_2014  ,  3.2
23_May_2014  ,  3.2
22_May_2014  ,  3.199
21_May_2014  ,  3.199
20_May_2014  ,  3.2
19_May_2014  ,  3.2
17_May_2014  ,  3.2
16_May_2014  ,  3.2
15_May_2014  ,  3.2
14_May_2014  ,  3.199
13_May_2014  ,  3.2
12_May_2014  ,  3.2
10_May_2014  ,  3.2
9_May_2014  ,  3.2
8_May_2014  ,  3.2
7_May_2014  ,  3.299
6_May_2014  ,  3.2
5_May_2014  ,  3.2
3_May_2014  ,  3.2
2_May_2014  ,  3.2
1_May_2014  ,  3.2
30_Apr_2014  ,  3.2
29_Apr_2014  ,  3.2
28_Apr_2014  ,  3.2
27_Apr_2014  ,  3.15
26_Apr_2014  ,  3.2
25_Apr_2014  ,  3.15
24_Apr_2014  ,  3.2
23_Apr_2014  ,  3.299
22_Apr_2014  ,  3.15
21_Apr_2014  ,  3.299
19_Apr_2014  ,  3.299
18_Apr_2014  ,  3.139
17_Apr_2014  ,  3.299
16_Apr_2014  ,  3.299
15_Apr_2014  ,  3.139
14_Apr_2014  ,  3.3
12_Apr_2014  ,  3.2
11_Apr_2014  ,  3.2
10_Apr_2014  ,  3.299
9_Apr_2014  ,  3.299
8_Apr_2014  ,  3.299
7_Apr_2014  ,  3.199
5_Apr_2014  ,  3.3
4_Apr_2014  ,  3.3
3_Apr_2014  ,  3.299
2_Apr_2014  ,  3.299
1_Apr_2014  ,  3.3
31_Mar_2014  ,  3.299
29_Mar_2014  ,  3.2
28_Mar_2014  ,  3.2
27_Mar_2014  ,  3.19
26_Mar_2014  ,  3.299
25_Mar_2014  ,  3.3
24_Mar_2014  ,  3.2
22_Mar_2014  ,  3.3
21_Mar_2014  ,  3.3
20_Mar_2014  ,  3.299
19_Mar_2014  ,  3.3
18_Mar_2014  ,  3.2
17_Mar_2014  ,  3.3
15_Mar_2014  ,  3.3
14_Mar_2014  ,  3.3
13_Mar_2014  ,  3.2
12_Mar_2014  ,  3.199
11_Mar_2014  ,  3.299
10_Mar_2014  ,  3.299
9_Mar_2014  ,  3.2
8_Mar_2014  ,  3.2
7_Mar_2014  ,  3.2
6_Mar_2014  ,  3.299
5_Mar_2014  ,  3.299
4_Mar_2014  ,  3.2
3_Mar_2014  ,  3.4
1_Mar_2014  ,  3.299
28_Feb_2014  ,  3.299
27_Feb_2014  ,  3.299
26_Feb_2014  ,  3.299
25_Feb_2014  ,  3.4
24_Feb_2014  ,  3.3
22_Feb_2014  ,  3.3
21_Feb_2014  ,  3.3
20_Feb_2014  ,  3.299
19_Feb_2014  ,  3.299
18_Feb_2014  ,  3.4
17_Feb_2014  ,  3.3
15_Feb_2014  ,  3.4
14_Feb_2014  ,  3.4
13_Feb_2014  ,  3.499
12_Feb_2014  ,  3.499
11_Feb_2014  ,  3.4
10_Feb_2014  ,  3.5
8_Feb_2014  ,  3.449
7_Feb_2014  ,  3.449
6_Feb_2014  ,  3.5
5_Feb_2014  ,  3.5
4_Feb_2014  ,  3.5
3_Feb_2014  ,  3.598
1_Feb_2014  ,  3.5
31_Jan_2014  ,  3.5
30_Jan_2014  ,  3.5
29_Jan_2014  ,  3.739
28_Jan_2014  ,  3.6
27_Jan_2014  ,  3.6
25_Jan_2014  ,  3.5
24_Jan_2014  ,  3.5
23_Jan_2014  ,  3.6
22_Jan_2014  ,  3.6
21_Jan_2014  ,  3.599
20_Jan_2014  ,  3.6
18_Jan_2014  ,  3.599
17_Jan_2014  ,  3.599
16_Jan_2014  ,  3.6
15_Jan_2014  ,  3.7
14_Jan_2014  ,  3.7
13_Jan_2014  ,  3.6
11_Jan_2014  ,  3.7
10_Jan_2014  ,  3.7
9_Jan_2014  ,  3.7
8_Jan_2014  ,  3.74
7_Jan_2014  ,  3.89
6_Jan_2014  ,  3.7
4_Jan_2014  ,  3.8
3_Jan_2014  ,  3.8
2_Jan_2014  ,  3.7
1_Jan_2014  ,  3.85
31_Dec_2013  ,  3.7
30_Dec_2013  ,  3.85
28_Dec_2013  ,  3.7
27_Dec_2013  ,  3.7
26_Dec_2013  ,  3.8
25_Dec_2013  ,  3.899
24_Dec_2013  ,  3.7
23_Dec_2013  ,  3.8
21_Dec_2013  ,  3.899
20_Dec_2013  ,  3.899
19_Dec_2013  ,  3.7
18_Dec_2013  ,  3.7
17_Dec_2013  ,  3.8
16_Dec_2013  ,  3.8
14_Dec_2013  ,  3.8
13_Dec_2013  ,  3.8
12_Dec_2013  ,  3.8
11_Dec_2013  ,  3.8
10_Dec_2013  ,  3.8
9_Dec_2013  ,  3.9
7_Dec_2013  ,  3.9
6_Dec_2013  ,  3.9
5_Dec_2013  ,  3.9
4_Dec_2013  ,  3.9
3_Dec_2013  ,  3.9
2_Dec_2013  ,  3.9
30_Nov_2013  ,  3.9
29_Nov_2013  ,  3.9
28_Nov_2013  ,  3.9
27_Nov_2013  ,  3.9
26_Nov_2013  ,  3.9
25_Nov_2013  ,  4.0
23_Nov_2013  ,  4.0
22_Nov_2013  ,  4.0
21_Nov_2013  ,  4.0
20_Nov_2013  ,  4.051
19_Nov_2013  ,  4.0
18_Nov_2013  ,  4.051
17_Nov_2013  ,  4.051
16_Nov_2013  ,  4.051
15_Nov_2013  ,  4.051
14_Nov_2013  ,  3.9
13_Nov_2013  ,  4.0
12_Nov_2013  ,  4.0
11_Nov_2013  ,  4.0
9_Nov_2013  ,  4.0
8_Nov_2013  ,  4.0
7_Nov_2013  ,  4.0
6_Nov_2013  ,  4.0
5_Nov_2013  ,  4.051
4_Nov_2013  ,  4.0
3_Nov_2013  ,  4.1
2_Nov_2013  ,  4.1
1_Nov_2013  ,  4.2
31_Oct_2013  ,  4.1
30_Oct_2013  ,  4.2
29_Oct_2013  ,  4.2
28_Oct_2013  ,  4.2
27_Oct_2013  ,  4.1
26_Oct_2013  ,  4.1
25_Oct_2013  ,  4.1
24_Oct_2013  ,  4.1
23_Oct_2013  ,  4.1
22_Oct_2013  ,  4.1
21_Oct_2013  ,  4.1
19_Oct_2013  ,  4.1
18_Oct_2013  ,  4.1
17_Oct_2013  ,  4.15
16_Oct_2013  ,  4.15
15_Oct_2013  ,  4.1
14_Oct_2013  ,  4.1
12_Oct_2013  ,  4.2
11_Oct_2013  ,  4.2
10_Oct_2013  ,  4.1
9_Oct_2013  ,  4.1
8_Oct_2013  ,  4.1
7_Oct_2013  ,  4.1
6_Oct_2013  ,  4.1
5_Oct_2013  ,  4.1
4_Oct_2013  ,  4.1
3_Oct_2013  ,  4.1
2_Oct_2013  ,  4.1
1_Oct_2013  ,  4.2
30_Sep_2013  ,  4.15
29_Sep_2013  ,  4.1
28_Sep_2013  ,  4.1
27_Sep_2013  ,  4.1
26_Sep_2013  ,  4.1
25_Sep_2013  ,  4.1
24_Sep_2013  ,  4.199
23_Sep_2013  ,  4.1
22_Sep_2013  ,  4.1
21_Sep_2013  ,  4.15
20_Sep_2013  ,  4.1
19_Sep_2013  ,  4.15
18_Sep_2013  ,  4.1
17_Sep_2013  ,  4.1
16_Sep_2013  ,  4.1
15_Sep_2013  ,  4.1
14_Sep_2013  ,  4.1
13_Sep_2013  ,  4.1
12_Sep_2013  ,  4.1
11_Sep_2013  ,  4.1
10_Sep_2013  ,  4.1
9_Sep_2013  ,  4.151
8_Sep_2013  ,  4.1
7_Sep_2013  ,  4.1
6_Sep_2013  ,  4.1
5_Sep_2013  ,  4.1
4_Sep_2013  ,  4.2
3_Sep_2013  ,  4.1
2_Sep_2013  ,  4.151
1_Sep_2013  ,  4.1
31_Aug_2013  ,  4.05
30_Aug_2013  ,  4.1
29_Aug_2013  ,  4.05
28_Aug_2013  ,  4.151
27_Aug_2013  ,  4.05
26_Aug_2013  ,  4.05
24_Aug_2013  ,  4.05
23_Aug_2013  ,  4.05
22_Aug_2013  ,  4.05
21_Aug_2013  ,  4.1
20_Aug_2013  ,  4.1
19_Aug_2013  ,  4.1
17_Aug_2013  ,  4.1
16_Aug_2013  ,  4.1
15_Aug_2013  ,  4.1
14_Aug_2013  ,  4.1
13_Aug_2013  ,  4.1
12_Aug_2013  ,  4.05
11_Aug_2013  ,  4.1
10_Aug_2013  ,  4.1
9_Aug_2013  ,  4.1
8_Aug_2013  ,  4.1
7_Aug_2013  ,  4.1
6_Aug_2013  ,  4.1
5_Aug_2013  ,  4.1
3_Aug_2013  ,  4.1
2_Aug_2013  ,  4.1
1_Aug_2013  ,  4.1
31_Jul_2013  ,  4.1
30_Jul_2013  ,  4.1
29_Jul_2013  ,  3.949
27_Jul_2013  ,  3.949
26_Jul_2013  ,  3.949
25_Jul_2013  ,  3.948
24_Jul_2013  ,  3.948
23_Jul_2013  ,  3.899
22_Jul_2013  ,  3.949
20_Jul_2013  ,  3.949
19_Jul_2013  ,  3.949
18_Jul_2013  ,  3.899
17_Jul_2013  ,  3.999
16_Jul_2013  ,  4.001
15_Jul_2013  ,  3.9
13_Jul_2013  ,  4.0
12_Jul_2013  ,  4.0
11_Jul_2013  ,  4.0
10_Jul_2013  ,  4.0
9_Jul_2013  ,  4.001
8_Jul_2013  ,  3.899
6_Jul_2013  ,  4.0
5_Jul_2013  ,  4.0
4_Jul_2013  ,  3.898
3_Jul_2013  ,  4.0
2_Jul_2013  ,  4.001
1_Jul_2013  ,  4.0
29_Jun_2013  ,  3.9
28_Jun_2013  ,  3.9
27_Jun_2013  ,  3.9
26_Jun_2013  ,  3.8
25_Jun_2013  ,  3.801
24_Jun_2013  ,  3.799
23_Jun_2013  ,  3.697
22_Jun_2013  ,  3.8
21_Jun_2013  ,  3.799
20_Jun_2013  ,  3.697
19_Jun_2013  ,  3.8
18_Jun_2013  ,  3.799
17_Jun_2013  ,  3.799
16_Jun_2013  ,  3.8
15_Jun_2013  ,  3.8
14_Jun_2013  ,  3.8
13_Jun_2013  ,  3.8
12_Jun_2013  ,  3.7
11_Jun_2013  ,  3.701
10_Jun_2013  ,  3.701
8_Jun_2013  ,  3.7
7_Jun_2013  ,  3.7
6_Jun_2013  ,  3.7
5_Jun_2013  ,  3.699
4_Jun_2013  ,  3.699
3_Jun_2013  ,  3.699
1_Jun_2013  ,  3.7
31_May_2013  ,  3.7
30_May_2013  ,  3.694
29_May_2013  ,  3.698
28_May_2013  ,  3.701
27_May_2013  ,  3.701
25_May_2013  ,  3.7
24_May_2013  ,  3.7
23_May_2013  ,  3.698
22_May_2013  ,  3.7
21_May_2013  ,  3.699
20_May_2013  ,  3.8
18_May_2013  ,  3.8
17_May_2013  ,  3.8
16_May_2013  ,  3.8
15_May_2013  ,  3.8
14_May_2013  ,  3.801
13_May_2013  ,  3.849
11_May_2013  ,  3.8
10_May_2013  ,  3.8
9_May_2013  ,  3.949
8_May_2013  ,  3.949
7_May_2013  ,  3.949
6_May_2013  ,  3.949
4_May_2013  ,  3.949
3_May_2013  ,  3.949
2_May_2013  ,  3.899
1_May_2013  ,  3.898
30_Apr_2013  ,  3.898
29_Apr_2013  ,  3.899
27_Apr_2013  ,  3.899
26_Apr_2013  ,  3.899
25_Apr_2013  ,  3.899
24_Apr_2013  ,  3.899
23_Apr_2013  ,  4.0
22_Apr_2013  ,  3.999
20_Apr_2013  ,  3.999
19_Apr_2013  ,  3.999
18_Apr_2013  ,  3.999
17_Apr_2013  ,  3.999
16_Apr_2013  ,  4.049
15_Apr_2013  ,  4.05
13_Apr_2013  ,  4.049
12_Apr_2013  ,  4.049
11_Apr_2013  ,  3.999
10_Apr_2013  ,  4.049
9_Apr_2013  ,  4.049
8_Apr_2013  ,  4.1
6_Apr_2013  ,  4.149
5_Apr_2013  ,  4.149
4_Apr_2013  ,  4.199
3_Apr_2013  ,  4.199
2_Apr_2013  ,  4.2
30_Mar_2013  ,  4.198
29_Mar_2013  ,  4.198
28_Mar_2013  ,  4.198
27_Mar_2013  ,  4.198
26_Mar_2013  ,  4.248
25_Mar_2013  ,  4.249
23_Mar_2013  ,  4.149
22_Mar_2013  ,  4.149
21_Mar_2013  ,  4.083
20_Mar_2013  ,  4.249
19_Mar_2013  ,  4.199
18_Mar_2013  ,  4.249
17_Mar_2013  ,  4.299
16_Mar_2013  ,  4.299
15_Mar_2013  ,  4.299
14_Mar_2013  ,  4.299
13_Mar_2013  ,  4.198
12_Mar_2013  ,  4.299
11_Mar_2013  ,  4.299
9_Mar_2013  ,  4.249
8_Mar_2013  ,  4.299
7_Mar_2013  ,  4.249
6_Mar_2013  ,  4.299
5_Mar_2013  ,  4.299
4_Mar_2013  ,  4.249
2_Mar_2013  ,  4.099
1_Mar_2013  ,  4.099
28_Feb_2013  ,  4.099
27_Feb_2013  ,  4.09
26_Feb_2013  ,  4.25
25_Feb_2013  ,  4.25
23_Feb_2013  ,  4.249
22_Feb_2013  ,  4.249
21_Feb_2013  ,  4.299
20_Feb_2013  ,  4.299
19_Feb_2013  ,  4.093
18_Feb_2013  ,  4.199
17_Feb_2013  ,  4.249
16_Feb_2013  ,  4.399
15_Feb_2013  ,  4.249
14_Feb_2013  ,  4.399
13_Feb_2013  ,  4.399
12_Feb_2013  ,  4.199
11_Feb_2013  ,  4.199
10_Feb_2013  ,  4.199
9_Feb_2013  ,  4.098
8_Feb_2013  ,  4.199
7_Feb_2013  ,  4.098
6_Feb_2013  ,  4.048
5_Feb_2013  ,  4.099
4_Feb_2013  ,  4.049
2_Feb_2013  ,  4.149
1_Feb_2013  ,  4.149
31_Jan_2013  ,  4.149
30_Jan_2013  ,  4.098
29_Jan_2013  ,  4.05
28_Jan_2013  ,  4.149
26_Jan_2013  ,  4.149
25_Jan_2013  ,  4.149
24_Jan_2013  ,  4.098
23_Jan_2013  ,  4.149
22_Jan_2013  ,  4.149
21_Jan_2013  ,  4.05
19_Jan_2013  ,  4.149
18_Jan_2013  ,  4.149
17_Jan_2013  ,  4.049
16_Jan_2013  ,  4.149
15_Jan_2013  ,  4.049
14_Jan_2013  ,  4.149
13_Jan_2013  ,  4.049
12_Jan_2013  ,  4.149
11_Jan_2013  ,  4.049
10_Jan_2013  ,  4.149
9_Jan_2013  ,  4.149
8_Jan_2013  ,  4.149
7_Jan_2013  ,  4.149
5_Jan_2013  ,  4.149
4_Jan_2013  ,  4.149
3_Jan_2013  ,  4.149
2_Jan_2013  ,  4.049
1_Jan_2013  ,  4.093
31_Dec_2012  ,  4.093
30_Dec_2012  ,  4.149
29_Dec_2012  ,  4.148
28_Dec_2012  ,  4.149
27_Dec_2012  ,  4.148
26_Dec_2012  ,  4.151
25_Dec_2012  ,  4.148
24_Dec_2012  ,  4.048
23_Dec_2012  ,  4.097
22_Dec_2012  ,  4.149
21_Dec_2012  ,  4.151
20_Dec_2012  ,  4.148
19_Dec_2012  ,  4.048
18_Dec_2012  ,  4.097
17_Dec_2012  ,  4.149
15_Dec_2012  ,  4.149
14_Dec_2012  ,  4.149
13_Dec_2012  ,  4.048
12_Dec_2012  ,  4.098
11_Dec_2012  ,  4.249
10_Dec_2012  ,  4.049
8_Dec_2012  ,  4.249
7_Dec_2012  ,  4.249
6_Dec_2012  ,  4.249
5_Dec_2012  ,  4.249
4_Dec_2012  ,  4.249
3_Dec_2012  ,  4.249
1_Dec_2012  ,  4.249
30_Nov_2012  ,  4.249
29_Nov_2012  ,  4.249
28_Nov_2012  ,  4.099
27_Nov_2012  ,  4.249
26_Nov_2012  ,  4.249
24_Nov_2012  ,  4.249
23_Nov_2012  ,  4.249
22_Nov_2012  ,  4.148
21_Nov_2012  ,  4.199
20_Nov_2012  ,  4.2
19_Nov_2012  ,  4.15
17_Nov_2012  ,  4.249
16_Nov_2012  ,  4.249
15_Nov_2012  ,  4.149
14_Nov_2012  ,  4.148
13_Nov_2012  ,  4.299
12_Nov_2012  ,  4.299
10_Nov_2012  ,  4.299
9_Nov_2012  ,  4.299
8_Nov_2012  ,  4.299
7_Nov_2012  ,  4.349
6_Nov_2012  ,  4.35
5_Nov_2012  ,  4.35
3_Nov_2012  ,  4.35
2_Nov_2012  ,  4.35
1_Nov_2012  ,  4.399
31_Oct_2012  ,  4.399
30_Oct_2012  ,  4.499
29_Oct_2012  ,  4.599
27_Oct_2012  ,  4.6
26_Oct_2012  ,  4.6
25_Oct_2012  ,  4.599
24_Oct_2012  ,  4.599
23_Oct_2012  ,  4.6
22_Oct_2012  ,  4.7
19_Oct_2012  ,  4.7
18_Oct_2012  ,  4.699
17_Oct_2012  ,  4.699
16_Oct_2012  ,  4.7
15_Oct_2012  ,  4.7
13_Oct_2012  ,  4.7
12_Oct_2012  ,  4.7
11_Oct_2012  ,  4.699
10_Oct_2012  ,  4.699
9_Oct_2012  ,  4.7
8_Oct_2012  ,  4.7
6_Oct_2012  ,  4.7
5_Oct_2012  ,  4.7
4_Oct_2012  ,  4.8
3_Oct_2012  ,  4.8
2_Oct_2012  ,  4.8
1_Oct_2012  ,  4.8
29_Sep_2012  ,  4.8
28_Sep_2012  ,  4.8
27_Sep_2012  ,  4.8
26_Sep_2012  ,  4.9
25_Sep_2012  ,  5.0
24_Sep_2012  ,  5.0
23_Sep_2012  ,  5.0
22_Sep_2012  ,  4.899
21_Sep_2012  ,  5.0
20_Sep_2012  ,  4.899
19_Sep_2012  ,  5.0
18_Sep_2012  ,  5.0
17_Sep_2012  ,  4.999
15_Sep_2012  ,  5.0
14_Sep_2012  ,  5.0
13_Sep_2012  ,  5.05
12_Sep_2012  ,  5.049
11_Sep_2012  ,  5.05
10_Sep_2012  ,  4.999
8_Sep_2012  ,  4.999
7_Sep_2012  ,  4.999
6_Sep_2012  ,  5.0
5_Sep_2012  ,  5.0
4_Sep_2012  ,  5.0
3_Sep_2012  ,  5.0
1_Sep_2012  ,  5.0
31_Aug_2012  ,  5.0
30_Aug_2012  ,  5.0
29_Aug_2012  ,  5.05
28_Aug_2012  ,  5.05
27_Aug_2012  ,  5.05
25_Aug_2012  ,  5.05
24_Aug_2012  ,  5.05
23_Aug_2012  ,  5.05
22_Aug_2012  ,  5.05
21_Aug_2012  ,  5.05
20_Aug_2012  ,  5.0
18_Aug_2012  ,  5.05
17_Aug_2012  ,  5.05
16_Aug_2012  ,  5.049
15_Aug_2012  ,  5.0
14_Aug_2012  ,  5.0
13_Aug_2012  ,  5.1
11_Aug_2012  ,  5.25
10_Aug_2012  ,  5.25
9_Aug_2012  ,  5.1
8_Aug_2012  ,  5.25
7_Aug_2012  ,  5.1
6_Aug_2012  ,  5.2
5_Aug_2012  ,  5.4
4_Aug_2012  ,  5.3
3_Aug_2012  ,  5.4
2_Aug_2012  ,  5.3
1_Aug_2012  ,  5.4
31_Jul_2012  ,  5.4
30_Jul_2012  ,  5.4
28_Jul_2012  ,  5.4
27_Jul_2012  ,  5.4
26_Jul_2012  ,  5.4
25_Jul_2012  ,  5.4
24_Jul_2012  ,  5.4
23_Jul_2012  ,  5.4
21_Jul_2012  ,  5.4
20_Jul_2012  ,  5.4
19_Jul_2012  ,  5.5
18_Jul_2012  ,  5.4
17_Jul_2012  ,  5.4
16_Jul_2012  ,  5.5
14_Jul_2012  ,  5.5
13_Jul_2012  ,  5.5
12_Jul_2012  ,  5.5
11_Jul_2012  ,  5.6
10_Jul_2012  ,  5.6
9_Jul_2012  ,  5.6
8_Jul_2012  ,  5.6
7_Jul_2012  ,  5.6
6_Jul_2012  ,  5.6
5_Jul_2012  ,  5.6
4_Jul_2012  ,  5.6
3_Jul_2012  ,  5.6
2_Jul_2012  ,  5.6
1_Jul_2012  ,  5.6
30_Jun_2012  ,  5.6
29_Jun_2012  ,  5.6
28_Jun_2012  ,  5.6
27_Jun_2012  ,  5.6
26_Jun_2012  ,  5.6
25_Jun_2012  ,  5.6
24_Jun_2012  ,  5.65
22_Jun_2012  ,  5.65
21_Jun_2012  ,  5.6
20_Jun_2012  ,  5.6
19_Jun_2012  ,  5.6
18_Jun_2012  ,  5.65
17_Jun_2012  ,  5.6
16_Jun_2012  ,  5.6
15_Jun_2012  ,  5.6
14_Jun_2012  ,  5.6
13_Jun_2012  ,  5.6
12_Jun_2012  ,  5.6
11_Jun_2012  ,  5.601
10_Jun_2012  ,  5.6
8_Jun_2012  ,  5.6
7_Jun_2012  ,  5.6
6_Jun_2012  ,  5.6
5_Jun_2012  ,  5.6
4_Jun_2012  ,  5.6
3_Jun_2012  ,  5.599
1_Jun_2012  ,  5.6
31_May_2012  ,  5.6
30_May_2012  ,  5.599
29_May_2012  ,  5.6
28_May_2012  ,  5.6
27_May_2012  ,  5.6
26_May_2012  ,  5.65
25_May_2012  ,  5.6
24_May_2012  ,  5.65
23_May_2012  ,  5.65
22_May_2012  ,  5.2
21_May_2012  ,  5.35
20_May_2012  ,  5.15
19_May_2012  ,  5.2
18_May_2012  ,  5.15
17_May_2012  ,  5.2
16_May_2012  ,  5.2
15_May_2012  ,  5.15
14_May_2012  ,  5.15
13_May_2012  ,  5.05
11_May_2012  ,  5.05
10_May_2012  ,  5.15
9_May_2012  ,  5.1
8_May_2012  ,  5.1
7_May_2012  ,  5.101
6_May_2012  ,  5.099
5_May_2012  ,  5.2
4_May_2012  ,  5.101
3_May_2012  ,  5.099
2_May_2012  ,  5.2
1_May_2012  ,  5.099
30_Apr_2012  ,  5.099
29_Apr_2012  ,  5.25
27_Apr_2012  ,  5.25
26_Apr_2012  ,  5.2
25_Apr_2012  ,  5.2
24_Apr_2012  ,  5.2
23_Apr_2012  ,  5.3
22_Apr_2012  ,  5.3
21_Apr_2012  ,  5.3
20_Apr_2012  ,  5.3
19_Apr_2012  ,  5.3
18_Apr_2012  ,  5.4
17_Apr_2012  ,  5.301
16_Apr_2012  ,  5.4
15_Apr_2012  ,  5.4
14_Apr_2012  ,  5.4
13_Apr_2012  ,  5.4
12_Apr_2012  ,  5.4
11_Apr_2012  ,  5.4
10_Apr_2012  ,  5.4
9_Apr_2012  ,  5.4
8_Apr_2012  ,  5.4
7_Apr_2012  ,  5.45
6_Apr_2012  ,  5.45
5_Apr_2012  ,  5.4
4_Apr_2012  ,  5.4
3_Apr_2012  ,  5.45
2_Apr_2012  ,  5.45
1_Apr_2012  ,  5.45
31_Mar_2012  ,  5.4
30_Mar_2012  ,  5.45
29_Mar_2012  ,  5.4
28_Mar_2012  ,  5.4
27_Mar_2012  ,  5.45
26_Mar_2012  ,  5.45
25_Mar_2012  ,  5.4
24_Mar_2012  ,  5.45
23_Mar_2012  ,  5.4
22_Mar_2012  ,  5.45
21_Mar_2012  ,  5.45
20_Mar_2012  ,  5.45
19_Mar_2012  ,  5.5
18_Mar_2012  ,  5.45
17_Mar_2012  ,  5.45
16_Mar_2012  ,  5.45
15_Mar_2012  ,  5.45
14_Mar_2012  ,  5.45
13_Mar_2012  ,  5.5
12_Mar_2012  ,  5.45
11_Mar_2012  ,  5.5
10_Mar_2012  ,  5.45
9_Mar_2012  ,  5.5
8_Mar_2012  ,  5.45
7_Mar_2012  ,  5.501
6_Mar_2012  ,  5.5
5_Mar_2012  ,  5.6
4_Mar_2012  ,  5.6
3_Mar_2012  ,  5.6
2_Mar_2012  ,  5.6
1_Mar_2012  ,  5.6
29_Feb_2012  ,  5.601
28_Feb_2012  ,  5.6
27_Feb_2012  ,  5.6
25_Feb_2012  ,  5.6
24_Feb_2012  ,  5.6
23_Feb_2012  ,  5.601
22_Feb_2012  ,  5.601
21_Feb_2012  ,  5.601
20_Feb_2012  ,  5.6
19_Feb_2012  ,  5.6
18_Feb_2012  ,  5.601
17_Feb_2012  ,  5.6
16_Feb_2012  ,  5.601
15_Feb_2012  ,  5.601
14_Feb_2012  ,  5.601
13_Feb_2012  ,  5.601
10_Feb_2012  ,  5.7
9_Feb_2012  ,  5.7
8_Feb_2012  ,  5.7
7_Feb_2012  ,  5.7
6_Feb_2012  ,  5.7
3_Feb_2012  ,  5.8
2_Feb_2012  ,  5.9
1_Feb_2012  ,  5.902
31_Jan_2012  ,  5.95
30_Jan_2012  ,  5.95
27_Jan_2012  ,  5.95
26_Jan_2012  ,  5.95
25_Jan_2012  ,  5.95
24_Jan_2012  ,  5.951
23_Jan_2012  ,  5.95
20_Jan_2012  ,  5.95
19_Jan_2012  ,  5.801
18_Jan_2012  ,  5.951
17_Jan_2012  ,  5.95
16_Jan_2012  ,  5.95
13_Jan_2012  ,  5.95
12_Jan_2012  ,  6.102
11_Jan_2012  ,  6.102
10_Jan_2012  ,  6.0
9_Jan_2012  ,  6.251
6_Jan_2012  ,  6.0
5_Jan_2012  ,  6.0
4_Jan_2012  ,  6.35
3_Jan_2012  ,  6.501
2_Jan_2012  ,  6.4
30_Dec_2011  ,  6.4
29_Dec_2011  ,  6.4
28_Dec_2011  ,  6.4
27_Dec_2011  ,  6.5
23_Dec_2011  ,  6.5
22_Dec_2011  ,  6.5
21_Dec_2011  ,  6.65
20_Dec_2011  ,  6.65
19_Dec_2011  ,  6.502
16_Dec_2011  ,  6.65
15_Dec_2011  ,  6.752
14_Dec_2011  ,  6.65
13_Dec_2011  ,  6.65
12_Dec_2011  ,  6.65
9_Dec_2011  ,  6.751
8_Dec_2011  ,  6.65
7_Dec_2011  ,  6.65
6_Dec_2011  ,  6.751
5_Dec_2011  ,  6.751
2_Dec_2011  ,  6.65
1_Dec_2011  ,  6.85
30_Nov_2011  ,  6.85
29_Nov_2011  ,  6.751
28_Nov_2011  ,  6.751
25_Nov_2011  ,  6.55
24_Nov_2011  ,  6.55
23_Nov_2011  ,  6.502
22_Nov_2011  ,  6.3
21_Nov_2011  ,  6.3
18_Nov_2011  ,  5.75
17_Nov_2011  ,  5.75
16_Nov_2011  ,  5.45
15_Nov_2011  ,  5.45
14_Nov_2011  ,  5.45
11_Nov_2011  ,  5.604
10_Nov_2011  ,  5.45
9_Nov_2011  ,  5.45
8_Nov_2011  ,  5.603
7_Nov_2011  ,  5.45
4_Nov_2011  ,  5.45
3_Nov_2011  ,  5.5
2_Nov_2011  ,  5.45
1_Nov_2011  ,  5.45
31_Oct_2011  ,  5.45
28_Oct_2011  ,  5.45
27_Oct_2011  ,  5.25
26_Oct_2011  ,  5.25
25_Oct_2011  ,  5.5
24_Oct_2011  ,  5.25
21_Oct_2011  ,  5.25
20_Oct_2011  ,  5.25
19_Oct_2011  ,  5.25
18_Oct_2011  ,  5.25
17_Oct_2011  ,  5.25
14_Oct_2011  ,  5.25
13_Oct_2011  ,  5.601
12_Oct_2011  ,  5.25
11_Oct_2011  ,  5.25
10_Oct_2011  ,  5.25
7_Oct_2011  ,  5.601
6_Oct_2011  ,  5.601
5_Oct_2011  ,  5.25
4_Oct_2011  ,  5.7
3_Oct_2011  ,  5.6
30_Sep_2011  ,  5.25
29_Sep_2011  ,  5.25
28_Sep_2011  ,  5.25
27_Sep_2011  ,  5.25
26_Sep_2011  ,  5.501
23_Sep_2011  ,  5.25
22_Sep_2011  ,  5.25
21_Sep_2011  ,  5.601
20_Sep_2011  ,  5.601
19_Sep_2011  ,  5.3
16_Sep_2011  ,  5.4
15_Sep_2011  ,  5.601
14_Sep_2011  ,  5.601
13_Sep_2011  ,  5.601
12_Sep_2011  ,  5.601
9_Sep_2011  ,  5.601
8_Sep_2011  ,  5.601
7_Sep_2011  ,  5.601
6_Sep_2011  ,  5.601
5_Sep_2011  ,  5.601
2_Sep_2011  ,  5.601
1_Sep_2011  ,  5.601
31_Aug_2011  ,  5.601
30_Aug_2011  ,  5.601
29_Aug_2011  ,  5.6
26_Aug_2011  ,  5.6
25_Aug_2011  ,  5.601
24_Aug_2011  ,  5.601
23_Aug_2011  ,  5.601
22_Aug_2011  ,  5.6
19_Aug_2011  ,  5.601
18_Aug_2011  ,  5.601
17_Aug_2011  ,  5.4
16_Aug_2011  ,  5.4
15_Aug_2011  ,  5.601
12_Aug_2011  ,  5.601
11_Aug_2011  ,  5.5
10_Aug_2011  ,  5.5
9_Aug_2011  ,  5.651
8_Aug_2011  ,  5.65
5_Aug_2011  ,  5.65
4_Aug_2011  ,  5.4
3_Aug_2011  ,  5.4
2_Aug_2011  ,  5.651
1_Aug_2011  ,  5.65
29_Jul_2011  ,  5.401
28_Jul_2011  ,  5.401
27_Jul_2011  ,  5.401
26_Jul_2011  ,  5.651
25_Jul_2011  ,  5.65
22_Jul_2011  ,  5.65
21_Jul_2011  ,  5.651
20_Jul_2011  ,  5.651
19_Jul_2011  ,  5.651
18_Jul_2011  ,  5.651
15_Jul_2011  ,  5.651
14_Jul_2011  ,  5.651
13_Jul_2011  ,  5.651
12_Jul_2011  ,  5.4
11_Jul_2011  ,  5.4
8_Jul_2011  ,  5.4
7_Jul_2011  ,  5.4
6_Jul_2011  ,  5.4
5_Jul_2011  ,  5.4
4_Jul_2011  ,  5.4
1_Jul_2011  ,  5.4
30_Jun_2011  ,  5.4
29_Jun_2011  ,  5.651
28_Jun_2011  ,  5.651
27_Jun_2011  ,  5.651
24_Jun_2011  ,  5.651
23_Jun_2011  ,  5.651
22_Jun_2011  ,  5.651
21_Jun_2011  ,  5.651
20_Jun_2011  ,  5.651
17_Jun_2011  ,  5.651
16_Jun_2011  ,  5.651
15_Jun_2011  ,  5.651
14_Jun_2011  ,  5.651
13_Jun_2011  ,  5.651
10_Jun_2011  ,  5.65
9_Jun_2011  ,  5.651
8_Jun_2011  ,  5.651
7_Jun_2011  ,  5.65
6_Jun_2011  ,  5.651
3_Jun_2011  ,  5.401
2_Jun_2011  ,  5.651
1_Jun_2011  ,  5.651
31_May_2011  ,  5.65
30_May_2011  ,  5.65
27_May_2011  ,  5.65
26_May_2011  ,  5.651
25_May_2011  ,  5.651
24_May_2011  ,  5.65
23_May_2011  ,  5.751
20_May_2011  ,  5.252
19_May_2011  ,  5.313
18_May_2011  ,  5.253
17_May_2011  ,  5.0
16_May_2011  ,  5.251
13_May_2011  ,  5.002
12_May_2011  ,  5.253
11_May_2011  ,  5.253
10_May_2011  ,  5.251
9_May_2011  ,  5.312
6_May_2011  ,  5.251
5_May_2011  ,  5.001
4_May_2011  ,  5.253
3_May_2011  ,  5.001
2_May_2011  ,  5.153
29_Apr_2011  ,  5.153
28_Apr_2011  ,  5.153
27_Apr_2011  ,  5.153
26_Apr_2011  ,  5.311
21_Apr_2011  ,  5.154
20_Apr_2011  ,  5.314
19_Apr_2011  ,  5.003
18_Apr_2011  ,  5.152
15_Apr_2011  ,  5.151
14_Apr_2011  ,  5.153
13_Apr_2011  ,  5.313
12_Apr_2011  ,  5.151
11_Apr_2011  ,  5.0
8_Apr_2011  ,  5.151
7_Apr_2011  ,  5.153
6_Apr_2011  ,  5.102
5_Apr_2011  ,  5.152
4_Apr_2011  ,  5.151
1_Apr_2011  ,  5.151
31_Mar_2011  ,  5.153
30_Mar_2011  ,  5.204
29_Mar_2011  ,  5.1
28_Mar_2011  ,  5.312
25_Mar_2011  ,  4.951
24_Mar_2011  ,  4.952
23_Mar_2011  ,  4.952
22_Mar_2011  ,  5.101
21_Mar_2011  ,  5.1
18_Mar_2011  ,  4.951
17_Mar_2011  ,  4.952
16_Mar_2011  ,  4.952
15_Mar_2011  ,  3.585
14_Mar_2011  ,  5.101
11_Mar_2011  ,  5.312
10_Mar_2011  ,  5.102
9_Mar_2011  ,  3.586
8_Mar_2011  ,  3.586
7_Mar_2011  ,  5.101
4_Mar_2011  ,  3.586
3_Mar_2011  ,  5.0
2_Mar_2011  ,  5.101
1_Mar_2011  ,  5.311
28_Feb_2011  ,  3.586
25_Feb_2011  ,  5.312
24_Feb_2011  ,  3.586
23_Feb_2011  ,  5.102
22_Feb_2011  ,  5.102
21_Feb_2011  ,  3.587
18_Feb_2011  ,  3.587
17_Feb_2011  ,  5.313
16_Feb_2011  ,  5.302
15_Feb_2011  ,  5.302
14_Feb_2011  ,  5.302
11_Feb_2011  ,  3.587
10_Feb_2011  ,  5.3
9_Feb_2011  ,  5.3
8_Feb_2011  ,  5.3
7_Feb_2011  ,  5.3
4_Feb_2011  ,  5.3
3_Feb_2011  ,  3.588
2_Feb_2011  ,  5.293
1_Feb_2011  ,  5.092
31_Jan_2011  ,  4.951
28_Jan_2011  ,  5.302
27_Jan_2011  ,  4.952
26_Jan_2011  ,  4.953
25_Jan_2011  ,  5.1
24_Jan_2011  ,  4.951
21_Jan_2011  ,  4.951
20_Jan_2011  ,  4.602
19_Jan_2011  ,  5.102
18_Jan_2011  ,  5.102
17_Jan_2011  ,  4.601
14_Jan_2011  ,  5.101
13_Jan_2011  ,  4.602
12_Jan_2011  ,  5.102
11_Jan_2011  ,  5.091
10_Jan_2011  ,  5.082
7_Jan_2011  ,  5.091
6_Jan_2011  ,  5.083
5_Jan_2011  ,  5.093
4_Jan_2011  ,  5.082
3_Jan_2011  ,  5.003
31_Dec_2010  ,  5.005
30_Dec_2010  ,  5.003
29_Dec_2010  ,  5.005
28_Dec_2010  ,  4.601
27_Dec_2010  ,  5.004
24_Dec_2010  ,  5.004
23_Dec_2010  ,  5.004
22_Dec_2010  ,  4.983
21_Dec_2010  ,  5.003
20_Dec_2010  ,  4.601
17_Dec_2010  ,  5.002
16_Dec_2010  ,  4.602
15_Dec_2010  ,  5.053
14_Dec_2010  ,  4.601
13_Dec_2010  ,  4.801
10_Dec_2010  ,  4.601
9_Dec_2010  ,  4.602
8_Dec_2010  ,  4.801
7_Dec_2010  ,  4.601
6_Dec_2010  ,  4.601
3_Dec_2010  ,  4.851
2_Dec_2010  ,  4.602
1_Dec_2010  ,  4.602
30_Nov_2010  ,  4.801
29_Nov_2010  ,  4.702
26_Nov_2010  ,  4.601
25_Nov_2010  ,  4.602
24_Nov_2010  ,  4.602
23_Nov_2010  ,  4.4
22_Nov_2010  ,  4.601
19_Nov_2010  ,  4.601
18_Nov_2010  ,  4.602
17_Nov_2010  ,  4.602
16_Nov_2010  ,  4.601
15_Nov_2010  ,  4.402
12_Nov_2010  ,  4.601
11_Nov_2010  ,  4.602
10_Nov_2010  ,  4.4
9_Nov_2010  ,  2.499
8_Nov_2010  ,  4.401
5_Nov_2010  ,  4.983
4_Nov_2010  ,  4.602
3_Nov_2010  ,  4.983
2_Nov_2010  ,  4.982
1_Nov_2010  ,  4.982
29_Oct_2010  ,  4.601
28_Oct_2010  ,  4.602
27_Oct_2010  ,  4.4
26_Oct_2010  ,  4.601
25_Oct_2010  ,  4.601
22_Oct_2010  ,  4.602
21_Oct_2010  ,  4.602
20_Oct_2010  ,  4.4
19_Oct_2010  ,  4.601
18_Oct_2010  ,  4.401
15_Oct_2010  ,  4.983
14_Oct_2010  ,  4.451
13_Oct_2010  ,  4.981
12_Oct_2010  ,  4.301
11_Oct_2010  ,  5.201
8_Oct_2010  ,  5.201
7_Oct_2010  ,  5.203
6_Oct_2010  ,  5.203
5_Oct_2010  ,  5.252
4_Oct_2010  ,  4.502
1_Oct_2010  ,  4.653
30_Sep_2010  ,  4.653
29_Sep_2010  ,  4.981
28_Sep_2010  ,  4.702
27_Sep_2010  ,  4.75
24_Sep_2010  ,  4.901
23_Sep_2010  ,  4.903
22_Sep_2010  ,  4.902
21_Sep_2010  ,  4.981
20_Sep_2010  ,  4.981
17_Sep_2010  ,  4.951
16_Sep_2010  ,  4.983
15_Sep_2010  ,  9.703
14_Sep_2010  ,  4.952
13_Sep_2010  ,  5.151
10_Sep_2010  ,  4.951
9_Sep_2010  ,  4.953
8_Sep_2010  ,  5.002
7_Sep_2010  ,  5.502
6_Sep_2010  ,  5.152
3_Sep_2010  ,  5.153
2_Sep_2010  ,  5.754
1_Sep_2010  ,  5.754
31_Aug_2010  ,  5.102
30_Aug_2010  ,  5.152
27_Aug_2010  ,  5.102
26_Aug_2010  ,  5.754
25_Aug_2010  ,  5.103
24_Aug_2010  ,  5.752
23_Aug_2010  ,  5.752
20_Aug_2010  ,  5.234
19_Aug_2010  ,  5.253
18_Aug_2010  ,  5.302
17_Aug_2010  ,  5.752
16_Aug_2010  ,  5.352
13_Aug_2010  ,  5.354
12_Aug_2010  ,  5.333
11_Aug_2010  ,  5.334
10_Aug_2010  ,  5.501
9_Aug_2010  ,  5.374
6_Aug_2010  ,  5.374
5_Aug_2010  ,  5.503
4_Aug_2010  ,  5.502
3_Aug_2010  ,  5.352
2_Aug_2010  ,  5.3
30_Jul_2010  ,  5.354
29_Jul_2010  ,  5.502
28_Jul_2010  ,  5.474
27_Jul_2010  ,  5.472
26_Jul_2010  ,  5.902
23_Jul_2010  ,  5.654
22_Jul_2010  ,  5.904
21_Jul_2010  ,  6.004
20_Jul_2010  ,  5.807
19_Jul_2010  ,  5.802
16_Jul_2010  ,  6.002
15_Jul_2010  ,  6.003
14_Jul_2010  ,  5.805
13_Jul_2010  ,  6.001
12_Jul_2010  ,  5.901
9_Jul_2010  ,  6.002
8_Jul_2010  ,  6.003
7_Jul_2010  ,  6.004
6_Jul_2010  ,  5.901
5_Jul_2010  ,  5.901
2_Jul_2010  ,  5.901
1_Jul_2010  ,  6.004
30_Jun_2010  ,  6.004
29_Jun_2010  ,  6.008
28_Jun_2010  ,  3.391
25_Jun_2010  ,  3.39
24_Jun_2010  ,  3.39
23_Jun_2010  ,  3.39
22_Jun_2010  ,  5.404
21_Jun_2010  ,  5.402
18_Jun_2010  ,  5.702
17_Jun_2010  ,  5.802
16_Jun_2010  ,  5.403
15_Jun_2010  ,  5.801
14_Jun_2010  ,  5.401
11_Jun_2010  ,  6.002
10_Jun_2010  ,  5.803
9_Jun_2010  ,  6.305
8_Jun_2010  ,  5.802
7_Jun_2010  ,  6.303
4_Jun_2010  ,  5.753
3_Jun_2010  ,  5.403
2_Jun_2010  ,  5.753
1_Jun_2010  ,  6.201
31_May_2010  ,  5.401
28_May_2010  ,  6.202
27_May_2010  ,  5.7
26_May_2010  ,  5.754
25_May_2010  ,  5.602
24_May_2010  ,  5.401
21_May_2010  ,  5.401
20_May_2010  ,  5.452
19_May_2010  ,  6.204
18_May_2010  ,  6.202
17_May_2010  ,  6.202
14_May_2010  ,  6.201
13_May_2010  ,  5.654
12_May_2010  ,  7.005
11_May_2010  ,  5.651
10_May_2010  ,  7.002
7_May_2010  ,  7.003
6_May_2010  ,  5.503
5_May_2010  ,  5.604
4_May_2010  ,  5.501
3_May_2010  ,  5.301
30_Apr_2010  ,  5.301
29_Apr_2010  ,  5.403
28_Apr_2010  ,  5.502
27_Apr_2010  ,  5.251
26_Apr_2010  ,  5.501
