26_Jun_2018  ,  0.497
25_Jun_2018  ,  0.493
23_Jun_2018  ,  0.498
22_Jun_2018  ,  0.497
21_Jun_2018  ,  0.498
20_Jun_2018  ,  0.533
19_Jun_2018  ,  0.534
18_Jun_2018  ,  0.553
17_Jun_2018  ,  0.561
16_Jun_2018  ,  0.561
15_Jun_2018  ,  0.564
14_Jun_2018  ,  0.584
13_Jun_2018  ,  0.647
12_Jun_2018  ,  0.668
11_Jun_2018  ,  0.677
9_Jun_2018  ,  0.642
8_Jun_2018  ,  0.642
7_Jun_2018  ,  0.681
6_Jun_2018  ,  0.654
5_Jun_2018  ,  0.548
4_Jun_2018  ,  0.598
3_Jun_2018  ,  0.548
1_Jun_2018  ,  0.548
31_May_2018  ,  0.549
30_May_2018  ,  0.553
29_May_2018  ,  0.47
28_May_2018  ,  0.525
27_May_2018  ,  0.582
25_May_2018  ,  0.582
24_May_2018  ,  0.638
23_May_2018  ,  0.67
22_May_2018  ,  0.714
21_May_2018  ,  0.679
20_May_2018  ,  0.717
18_May_2018  ,  0.723
17_May_2018  ,  0.778
16_May_2018  ,  0.754
15_May_2018  ,  0.776
14_May_2018  ,  0.749
13_May_2018  ,  0.701
11_May_2018  ,  0.701
10_May_2018  ,  0.702
9_May_2018  ,  0.708
8_May_2018  ,  0.711
7_May_2018  ,  0.676
4_May_2018  ,  0.693
3_May_2018  ,  0.673
2_May_2018  ,  0.722
1_May_2018  ,  0.696
30_Apr_2018  ,  0.7
27_Apr_2018  ,  0.712
26_Apr_2018  ,  0.732
25_Apr_2018  ,  0.77
24_Apr_2018  ,  0.772
23_Apr_2018  ,  0.772
20_Apr_2018  ,  0.736
19_Apr_2018  ,  0.742
18_Apr_2018  ,  0.669
17_Apr_2018  ,  0.652
16_Apr_2018  ,  0.669
14_Apr_2018  ,  0.654
13_Apr_2018  ,  0.653
12_Apr_2018  ,  0.662
11_Apr_2018  ,  0.648
10_Apr_2018  ,  0.667
9_Apr_2018  ,  0.659
6_Apr_2018  ,  0.648
5_Apr_2018  ,  0.673
4_Apr_2018  ,  0.646
3_Apr_2018  ,  0.65
30_Mar_2018  ,  0.642
29_Mar_2018  ,  0.64
28_Mar_2018  ,  0.653
27_Mar_2018  ,  0.654
26_Mar_2018  ,  0.677
24_Mar_2018  ,  0.68
23_Mar_2018  ,  0.682
22_Mar_2018  ,  0.687
21_Mar_2018  ,  0.749
20_Mar_2018  ,  0.737
19_Mar_2018  ,  0.726
16_Mar_2018  ,  0.735
15_Mar_2018  ,  0.741
14_Mar_2018  ,  0.639
13_Mar_2018  ,  0.662
12_Mar_2018  ,  0.672
9_Mar_2018  ,  0.687
8_Mar_2018  ,  0.668
7_Mar_2018  ,  0.699
6_Mar_2018  ,  0.717
5_Mar_2018  ,  0.691
2_Mar_2018  ,  0.699
1_Mar_2018  ,  0.691
28_Feb_2018  ,  0.701
27_Feb_2018  ,  0.723
26_Feb_2018  ,  0.704
23_Feb_2018  ,  0.707
22_Feb_2018  ,  0.758
21_Feb_2018  ,  0.778
20_Feb_2018  ,  0.79
19_Feb_2018  ,  0.788
18_Feb_2018  ,  0.757
16_Feb_2018  ,  0.754
15_Feb_2018  ,  0.804
14_Feb_2018  ,  0.795
13_Feb_2018  ,  0.784
12_Feb_2018  ,  0.782
9_Feb_2018  ,  0.78
8_Feb_2018  ,  0.788
7_Feb_2018  ,  0.775
6_Feb_2018  ,  0.739
5_Feb_2018  ,  0.774
2_Feb_2018  ,  0.803
1_Feb_2018  ,  0.756
31_Jan_2018  ,  0.738
30_Jan_2018  ,  0.728
29_Jan_2018  ,  0.743
26_Jan_2018  ,  0.67
25_Jan_2018  ,  0.656
24_Jan_2018  ,  0.63
23_Jan_2018  ,  0.61
22_Jan_2018  ,  0.609
19_Jan_2018  ,  0.607
18_Jan_2018  ,  0.61
17_Jan_2018  ,  0.601
16_Jan_2018  ,  0.595
15_Jan_2018  ,  0.622
12_Jan_2018  ,  0.608
11_Jan_2018  ,  0.62
10_Jan_2018  ,  0.576
9_Jan_2018  ,  0.56
8_Jan_2018  ,  0.532
7_Jan_2018  ,  0.541
5_Jan_2018  ,  0.541
4_Jan_2018  ,  0.532
3_Jan_2018  ,  0.549
2_Jan_2018  ,  0.57
1_Jan_2018  ,  0.531
29_Dec_2017  ,  0.531
28_Dec_2017  ,  0.525
27_Dec_2017  ,  0.491
26_Dec_2017  ,  0.523
25_Dec_2017  ,  0.518
22_Dec_2017  ,  0.522
21_Dec_2017  ,  0.522
20_Dec_2017  ,  0.513
19_Dec_2017  ,  0.468
18_Dec_2017  ,  0.41
16_Dec_2017  ,  0.402
15_Dec_2017  ,  0.406
14_Dec_2017  ,  0.415
13_Dec_2017  ,  0.415
12_Dec_2017  ,  0.408
11_Dec_2017  ,  0.386
8_Dec_2017  ,  0.394
7_Dec_2017  ,  0.384
6_Dec_2017  ,  0.386
5_Dec_2017  ,  0.405
4_Dec_2017  ,  0.433
2_Dec_2017  ,  0.397
1_Dec_2017  ,  0.386
30_Nov_2017  ,  0.462
29_Nov_2017  ,  0.486
28_Nov_2017  ,  0.452
27_Nov_2017  ,  0.453
24_Nov_2017  ,  0.474
23_Nov_2017  ,  0.454
22_Nov_2017  ,  0.447
21_Nov_2017  ,  0.44
20_Nov_2017  ,  0.458
17_Nov_2017  ,  0.458
16_Nov_2017  ,  0.475
15_Nov_2017  ,  0.481
14_Nov_2017  ,  0.495
13_Nov_2017  ,  0.518
10_Nov_2017  ,  0.519
9_Nov_2017  ,  0.487
8_Nov_2017  ,  0.435
7_Nov_2017  ,  0.432
6_Nov_2017  ,  0.45
3_Nov_2017  ,  0.477
2_Nov_2017  ,  0.478
1_Nov_2017  ,  0.482
31_Oct_2017  ,  0.47
30_Oct_2017  ,  0.47
29_Oct_2017  ,  0.494
27_Oct_2017  ,  0.492
26_Oct_2017  ,  0.525
25_Oct_2017  ,  0.59
24_Oct_2017  ,  0.581
23_Oct_2017  ,  0.54
22_Oct_2017  ,  0.561
20_Oct_2017  ,  0.564
19_Oct_2017  ,  0.509
18_Oct_2017  ,  0.508
17_Oct_2017  ,  0.481
16_Oct_2017  ,  0.484
13_Oct_2017  ,  0.513
12_Oct_2017  ,  0.556
11_Oct_2017  ,  0.589
10_Oct_2017  ,  0.56
9_Oct_2017  ,  0.567
6_Oct_2017  ,  0.577
5_Oct_2017  ,  0.578
4_Oct_2017  ,  0.58
3_Oct_2017  ,  0.585
2_Oct_2017  ,  0.573
29_Sep_2017  ,  0.576
28_Sep_2017  ,  0.604
27_Sep_2017  ,  0.589
26_Sep_2017  ,  0.535
25_Sep_2017  ,  0.525
22_Sep_2017  ,  0.568
21_Sep_2017  ,  0.58
20_Sep_2017  ,  0.567
19_Sep_2017  ,  0.578
18_Sep_2017  ,  0.581
15_Sep_2017  ,  0.56
14_Sep_2017  ,  0.536
13_Sep_2017  ,  0.527
12_Sep_2017  ,  0.525
11_Sep_2017  ,  0.464
8_Sep_2017  ,  0.45
7_Sep_2017  ,  0.445
6_Sep_2017  ,  0.481
5_Sep_2017  ,  0.475
4_Sep_2017  ,  0.502
1_Sep_2017  ,  0.513
31_Aug_2017  ,  0.493
30_Aug_2017  ,  0.498
29_Aug_2017  ,  0.477
28_Aug_2017  ,  0.509
25_Aug_2017  ,  0.519
24_Aug_2017  ,  0.509
23_Aug_2017  ,  0.507
22_Aug_2017  ,  0.529
21_Aug_2017  ,  0.531
18_Aug_2017  ,  0.544
17_Aug_2017  ,  0.561
16_Aug_2017  ,  0.571
15_Aug_2017  ,  0.555
14_Aug_2017  ,  0.533
11_Aug_2017  ,  0.506
10_Aug_2017  ,  0.539
9_Aug_2017  ,  0.546
8_Aug_2017  ,  0.594
7_Aug_2017  ,  0.574
6_Aug_2017  ,  0.588
4_Aug_2017  ,  0.592
3_Aug_2017  ,  0.57
2_Aug_2017  ,  0.603
1_Aug_2017  ,  0.607
31_Jul_2017  ,  0.654
28_Jul_2017  ,  0.657
27_Jul_2017  ,  0.642
26_Jul_2017  ,  0.673
25_Jul_2017  ,  0.681
24_Jul_2017  ,  0.622
21_Jul_2017  ,  0.628
20_Jul_2017  ,  0.652
19_Jul_2017  ,  0.664
18_Jul_2017  ,  0.678
17_Jul_2017  ,  0.703
16_Jul_2017  ,  0.717
14_Jul_2017  ,  0.721
13_Jul_2017  ,  0.732
12_Jul_2017  ,  0.708
11_Jul_2017  ,  0.749
10_Jul_2017  ,  0.739
7_Jul_2017  ,  0.773
6_Jul_2017  ,  0.76
5_Jul_2017  ,  0.665
4_Jul_2017  ,  0.67
3_Jul_2017  ,  0.667
2_Jul_2017  ,  0.655
1_Jul_2017  ,  0.655
30_Jun_2017  ,  0.66
29_Jun_2017  ,  0.65
28_Jun_2017  ,  0.563
27_Jun_2017  ,  0.559
26_Jun_2017  ,  0.453
25_Jun_2017  ,  0.46
23_Jun_2017  ,  0.456
22_Jun_2017  ,  0.454
21_Jun_2017  ,  0.472
20_Jun_2017  ,  0.474
19_Jun_2017  ,  0.488
16_Jun_2017  ,  0.485
15_Jun_2017  ,  0.5
14_Jun_2017  ,  0.441
13_Jun_2017  ,  0.481
12_Jun_2017  ,  0.47
9_Jun_2017  ,  0.485
8_Jun_2017  ,  0.479
7_Jun_2017  ,  0.484
6_Jun_2017  ,  0.476
5_Jun_2017  ,  0.508
2_Jun_2017  ,  0.493
1_Jun_2017  ,  0.519
31_May_2017  ,  0.513
30_May_2017  ,  0.512
29_May_2017  ,  0.517
26_May_2017  ,  0.542
25_May_2017  ,  0.573
24_May_2017  ,  0.616
23_May_2017  ,  0.621
22_May_2017  ,  0.61
19_May_2017  ,  0.577
18_May_2017  ,  0.559
17_May_2017  ,  0.594
16_May_2017  ,  0.638
15_May_2017  ,  0.631
12_May_2017  ,  0.603
11_May_2017  ,  0.645
10_May_2017  ,  0.638
9_May_2017  ,  0.652
8_May_2017  ,  0.627
7_May_2017  ,  0.624
5_May_2017  ,  0.624
4_May_2017  ,  0.607
3_May_2017  ,  0.548
2_May_2017  ,  0.389
28_Apr_2017  ,  0.39
27_Apr_2017  ,  0.375
26_Apr_2017  ,  0.427
25_Apr_2017  ,  0.445
24_Apr_2017  ,  0.398
22_Apr_2017  ,  0.361
21_Apr_2017  ,  0.36
20_Apr_2017  ,  0.343
19_Apr_2017  ,  0.299
18_Apr_2017  ,  0.271
17_Apr_2017  ,  0.282
13_Apr_2017  ,  0.282
12_Apr_2017  ,  0.293
11_Apr_2017  ,  0.32
10_Apr_2017  ,  0.316
7_Apr_2017  ,  0.315
6_Apr_2017  ,  0.337
5_Apr_2017  ,  0.345
4_Apr_2017  ,  0.342
3_Apr_2017  ,  0.384
31_Mar_2017  ,  0.425
30_Mar_2017  ,  0.431
29_Mar_2017  ,  0.436
28_Mar_2017  ,  0.472
27_Mar_2017  ,  0.483
26_Mar_2017  ,  0.485
24_Mar_2017  ,  0.487
23_Mar_2017  ,  0.506
22_Mar_2017  ,  0.494
21_Mar_2017  ,  0.537
20_Mar_2017  ,  0.528
18_Mar_2017  ,  0.53
17_Mar_2017  ,  0.525
16_Mar_2017  ,  0.536
15_Mar_2017  ,  0.502
14_Mar_2017  ,  0.551
13_Mar_2017  ,  0.568
10_Mar_2017  ,  0.582
9_Mar_2017  ,  0.515
8_Mar_2017  ,  0.477
7_Mar_2017  ,  0.436
6_Mar_2017  ,  0.444
3_Mar_2017  ,  0.449
2_Mar_2017  ,  0.405
1_Mar_2017  ,  0.381
28_Feb_2017  ,  0.318
27_Feb_2017  ,  0.318
24_Feb_2017  ,  0.323
23_Feb_2017  ,  0.392
22_Feb_2017  ,  0.435
21_Feb_2017  ,  0.472
20_Feb_2017  ,  0.471
17_Feb_2017  ,  0.474
16_Feb_2017  ,  0.488
15_Feb_2017  ,  0.537
14_Feb_2017  ,  0.531
13_Feb_2017  ,  0.515
10_Feb_2017  ,  0.513
9_Feb_2017  ,  0.49
8_Feb_2017  ,  0.485
7_Feb_2017  ,  0.545
6_Feb_2017  ,  0.57
3_Feb_2017  ,  0.578
2_Feb_2017  ,  0.572
1_Feb_2017  ,  0.621
31_Jan_2017  ,  0.577
30_Jan_2017  ,  0.601
27_Jan_2017  ,  0.602
26_Jan_2017  ,  0.623
25_Jan_2017  ,  0.587
24_Jan_2017  ,  0.52
23_Jan_2017  ,  0.479
20_Jan_2017  ,  0.533
19_Jan_2017  ,  0.488
18_Jan_2017  ,  0.47
17_Jan_2017  ,  0.423
16_Jan_2017  ,  0.432
13_Jan_2017  ,  0.442
12_Jan_2017  ,  0.41
11_Jan_2017  ,  0.404
10_Jan_2017  ,  0.443
9_Jan_2017  ,  0.435
6_Jan_2017  ,  0.474
5_Jan_2017  ,  0.429
4_Jan_2017  ,  0.443
3_Jan_2017  ,  0.414
2_Jan_2017  ,  0.333
30_Dec_2016  ,  0.353
29_Dec_2016  ,  0.314
28_Dec_2016  ,  0.338
27_Dec_2016  ,  0.346
23_Dec_2016  ,  0.364
22_Dec_2016  ,  0.393
21_Dec_2016  ,  0.382
20_Dec_2016  ,  0.412
19_Dec_2016  ,  0.396
16_Dec_2016  ,  0.458
15_Dec_2016  ,  0.501
14_Dec_2016  ,  0.442
13_Dec_2016  ,  0.498
12_Dec_2016  ,  0.562
9_Dec_2016  ,  0.503
8_Dec_2016  ,  0.513
7_Dec_2016  ,  0.476
6_Dec_2016  ,  0.504
5_Dec_2016  ,  0.481
2_Dec_2016  ,  0.43
1_Dec_2016  ,  0.513
30_Nov_2016  ,  0.439
29_Nov_2016  ,  0.391
28_Nov_2016  ,  0.392
25_Nov_2016  ,  0.415
24_Nov_2016  ,  0.416
23_Nov_2016  ,  0.431
22_Nov_2016  ,  0.384
21_Nov_2016  ,  0.435
18_Nov_2016  ,  0.449
17_Nov_2016  ,  0.434
16_Nov_2016  ,  0.45
15_Nov_2016  ,  0.457
14_Nov_2016  ,  0.508
11_Nov_2016  ,  0.486
10_Nov_2016  ,  0.438
9_Nov_2016  ,  0.326
8_Nov_2016  ,  0.295
7_Nov_2016  ,  0.265
4_Nov_2016  ,  0.26
3_Nov_2016  ,  0.279
2_Nov_2016  ,  0.25
1_Nov_2016  ,  0.297
31_Oct_2016  ,  0.281
28_Oct_2016  ,  0.273
27_Oct_2016  ,  0.275
26_Oct_2016  ,  0.193
25_Oct_2016  ,  0.132
24_Oct_2016  ,  0.13
21_Oct_2016  ,  0.114
20_Oct_2016  ,  0.111
19_Oct_2016  ,  0.132
18_Oct_2016  ,  0.146
17_Oct_2016  ,  0.164
15_Oct_2016  ,  0.167
14_Oct_2016  ,  0.162
13_Oct_2016  ,  0.158
12_Oct_2016  ,  0.189
11_Oct_2016  ,  0.142
10_Oct_2016  ,  0.175
8_Oct_2016  ,  0.146
7_Oct_2016  ,  0.146
6_Oct_2016  ,  0.117
5_Oct_2016  ,  0.127
4_Oct_2016  ,  0.042
3_Oct_2016  ,  0.036
1_Oct_2016  ,  0.005
30_Sep_2016  ,  0.005
29_Sep_2016  ,  0.005
28_Sep_2016  ,  -0.028
27_Sep_2016  ,  -0.024
26_Sep_2016  ,  -0.001
25_Sep_2016  ,  0.033
24_Sep_2016  ,  0.033
23_Sep_2016  ,  0.036
22_Sep_2016  ,  0.016
21_Sep_2016  ,  0.113
20_Sep_2016  ,  0.092
19_Sep_2016  ,  0.125
17_Sep_2016  ,  0.117
16_Sep_2016  ,  0.113
15_Sep_2016  ,  0.137
14_Sep_2016  ,  0.12
13_Sep_2016  ,  0.153
12_Sep_2016  ,  0.139
11_Sep_2016  ,  0.117
10_Sep_2016  ,  0.053
9_Sep_2016  ,  0.117
8_Sep_2016  ,  0.053
7_Sep_2016  ,  -0.012
6_Sep_2016  ,  -0.004
5_Sep_2016  ,  0.059
3_Sep_2016  ,  0.071
2_Sep_2016  ,  0.071
1_Sep_2016  ,  0.052
31_Aug_2016  ,  0.026
30_Aug_2016  ,  0.017
29_Aug_2016  ,  0.045
28_Aug_2016  ,  0.014
27_Aug_2016  ,  0.03
26_Aug_2016  ,  0.014
25_Aug_2016  ,  0.03
24_Aug_2016  ,  0.027
23_Aug_2016  ,  0.022
22_Aug_2016  ,  0.026
19_Aug_2016  ,  0.056
18_Aug_2016  ,  0.021
17_Aug_2016  ,  0.048
16_Aug_2016  ,  0.066
15_Aug_2016  ,  0.03
14_Aug_2016  ,  0.003
13_Aug_2016  ,  0.003
12_Aug_2016  ,  -0.008
11_Aug_2016  ,  0.001
10_Aug_2016  ,  -0.012
9_Aug_2016  ,  0.013
8_Aug_2016  ,  0.028
6_Aug_2016  ,  0.035
5_Aug_2016  ,  0.038
4_Aug_2016  ,  0.011
3_Aug_2016  ,  0.065
2_Aug_2016  ,  0.053
1_Aug_2016  ,  -0.002
29_Jul_2016  ,  -0.006
28_Jul_2016  ,  0.029
27_Jul_2016  ,  0.04
26_Jul_2016  ,  0.092
25_Jul_2016  ,  0.076
22_Jul_2016  ,  0.099
21_Jul_2016  ,  0.105
20_Jul_2016  ,  0.105
19_Jul_2016  ,  0.091
18_Jul_2016  ,  0.089
15_Jul_2016  ,  0.118
14_Jul_2016  ,  0.076
13_Jul_2016  ,  0.038
12_Jul_2016  ,  0.075
11_Jul_2016  ,  0.026
10_Jul_2016  ,  0.005
8_Jul_2016  ,  0.005
7_Jul_2016  ,  0.048
6_Jul_2016  ,  0.034
5_Jul_2016  ,  0.03
4_Jul_2016  ,  0.072
3_Jul_2016  ,  0.073
1_Jul_2016  ,  0.073
30_Jun_2016  ,  0.087
29_Jun_2016  ,  0.112
28_Jun_2016  ,  0.128
27_Jun_2016  ,  0.154
24_Jun_2016  ,  0.204
23_Jun_2016  ,  0.297
22_Jun_2016  ,  0.293
21_Jun_2016  ,  0.292
20_Jun_2016  ,  0.297
17_Jun_2016  ,  0.278
16_Jun_2016  ,  0.246
15_Jun_2016  ,  0.244
14_Jun_2016  ,  0.252
13_Jun_2016  ,  0.268
10_Jun_2016  ,  0.245
9_Jun_2016  ,  0.249
8_Jun_2016  ,  0.28
7_Jun_2016  ,  0.282
6_Jun_2016  ,  0.308
5_Jun_2016  ,  0.291
4_Jun_2016  ,  0.336
3_Jun_2016  ,  0.291
2_Jun_2016  ,  0.336
1_Jun_2016  ,  0.347
31_May_2016  ,  0.357
30_May_2016  ,  0.387
28_May_2016  ,  0.358
27_May_2016  ,  0.358
26_May_2016  ,  0.357
25_May_2016  ,  0.358
24_May_2016  ,  0.389
23_May_2016  ,  0.401
21_May_2016  ,  0.387
20_May_2016  ,  0.387
19_May_2016  ,  0.393
18_May_2016  ,  0.391
17_May_2016  ,  0.354
16_May_2016  ,  0.368
14_May_2016  ,  0.35
13_May_2016  ,  0.35
12_May_2016  ,  0.374
11_May_2016  ,  0.34
10_May_2016  ,  0.343
9_May_2016  ,  0.359
7_May_2016  ,  0.387
6_May_2016  ,  0.387
5_May_2016  ,  0.417
4_May_2016  ,  0.438
3_May_2016  ,  0.439
2_May_2016  ,  0.501
30_Apr_2016  ,  0.523
29_Apr_2016  ,  0.523
28_Apr_2016  ,  0.482
27_Apr_2016  ,  0.504
26_Apr_2016  ,  0.505
25_Apr_2016  ,  0.474
23_Apr_2016  ,  0.44
22_Apr_2016  ,  0.44
21_Apr_2016  ,  0.433
20_Apr_2016  ,  0.365
19_Apr_2016  ,  0.397
18_Apr_2016  ,  0.371
16_Apr_2016  ,  0.346
15_Apr_2016  ,  0.346
14_Apr_2016  ,  0.378
13_Apr_2016  ,  0.36
12_Apr_2016  ,  0.384
11_Apr_2016  ,  0.346
9_Apr_2016  ,  0.319
8_Apr_2016  ,  0.319
7_Apr_2016  ,  0.194
6_Apr_2016  ,  0.205
5_Apr_2016  ,  0.185
4_Apr_2016  ,  0.218
2_Apr_2016  ,  0.209
1_Apr_2016  ,  0.22
31_Mar_2016  ,  0.235
30_Mar_2016  ,  0.247
29_Mar_2016  ,  0.241
28_Mar_2016  ,  0.273
26_Mar_2016  ,  0.277
25_Mar_2016  ,  0.277
24_Mar_2016  ,  0.274
23_Mar_2016  ,  0.295
22_Mar_2016  ,  0.301
21_Mar_2016  ,  0.316
19_Mar_2016  ,  0.308
18_Mar_2016  ,  0.314
17_Mar_2016  ,  0.332
16_Mar_2016  ,  0.384
15_Mar_2016  ,  0.401
14_Mar_2016  ,  0.364
12_Mar_2016  ,  0.361
11_Mar_2016  ,  0.361
10_Mar_2016  ,  0.427
9_Mar_2016  ,  0.35
8_Mar_2016  ,  0.296
7_Mar_2016  ,  0.351
4_Mar_2016  ,  0.367
3_Mar_2016  ,  0.331
2_Mar_2016  ,  0.337
1_Mar_2016  ,  0.287
29_Feb_2016  ,  0.247
27_Feb_2016  ,  0.288
26_Feb_2016  ,  0.295
25_Feb_2016  ,  0.293
24_Feb_2016  ,  0.304
23_Feb_2016  ,  0.321
22_Feb_2016  ,  0.312
20_Feb_2016  ,  0.333
19_Feb_2016  ,  0.333
18_Feb_2016  ,  0.353
17_Feb_2016  ,  0.419
16_Feb_2016  ,  0.414
15_Feb_2016  ,  0.382
14_Feb_2016  ,  0.424
13_Feb_2016  ,  0.407
12_Feb_2016  ,  0.407
11_Feb_2016  ,  0.343
10_Feb_2016  ,  0.395
9_Feb_2016  ,  0.399
8_Feb_2016  ,  0.389
6_Feb_2016  ,  0.441
5_Feb_2016  ,  0.441
4_Feb_2016  ,  0.444
3_Feb_2016  ,  0.416
2_Feb_2016  ,  0.437
1_Feb_2016  ,  0.472
30_Jan_2016  ,  0.45
29_Jan_2016  ,  0.45
28_Jan_2016  ,  0.525
27_Jan_2016  ,  0.56
26_Jan_2016  ,  0.557
25_Jan_2016  ,  0.584
23_Jan_2016  ,  0.601
22_Jan_2016  ,  0.601
21_Jan_2016  ,  0.575
20_Jan_2016  ,  0.617
19_Jan_2016  ,  0.667
18_Jan_2016  ,  0.663
16_Jan_2016  ,  0.666
15_Jan_2016  ,  0.654
14_Jan_2016  ,  0.7
13_Jan_2016  ,  0.703
12_Jan_2016  ,  0.732
11_Jan_2016  ,  0.721
10_Jan_2016  ,  0.689
9_Jan_2016  ,  0.699
8_Jan_2016  ,  0.699
7_Jan_2016  ,  0.74
6_Jan_2016  ,  0.69
5_Jan_2016  ,  0.731
4_Jan_2016  ,  0.734
2_Jan_2016  ,  0.792
1_Jan_2016  ,  0.794
31_Dec_2015  ,  0.794
30_Dec_2015  ,  0.79
29_Dec_2015  ,  0.794
28_Dec_2015  ,  0.73
26_Dec_2015  ,  0.791
25_Dec_2015  ,  0.791
24_Dec_2015  ,  0.791
23_Dec_2015  ,  0.802
22_Dec_2015  ,  0.758
21_Dec_2015  ,  0.717
19_Dec_2015  ,  0.702
18_Dec_2015  ,  0.71
17_Dec_2015  ,  0.768
16_Dec_2015  ,  0.833
15_Dec_2015  ,  0.819
14_Dec_2015  ,  0.734
12_Dec_2015  ,  0.69
11_Dec_2015  ,  0.69
10_Dec_2015  ,  0.726
9_Dec_2015  ,  0.758
8_Dec_2015  ,  0.729
7_Dec_2015  ,  0.757
6_Dec_2015  ,  0.853
5_Dec_2015  ,  0.846
4_Dec_2015  ,  0.846
3_Dec_2015  ,  0.793
2_Dec_2015  ,  0.619
1_Dec_2015  ,  0.622
30_Nov_2015  ,  0.636
28_Nov_2015  ,  0.618
27_Nov_2015  ,  0.608
26_Nov_2015  ,  0.642
25_Nov_2015  ,  0.632
24_Nov_2015  ,  0.658
23_Nov_2015  ,  0.701
22_Nov_2015  ,  0.656
21_Nov_2015  ,  0.648
20_Nov_2015  ,  0.648
19_Nov_2015  ,  0.649
18_Nov_2015  ,  0.683
17_Nov_2015  ,  0.702
16_Nov_2015  ,  0.706
14_Nov_2015  ,  0.716
13_Nov_2015  ,  0.728
12_Nov_2015  ,  0.777
11_Nov_2015  ,  0.772
10_Nov_2015  ,  0.791
9_Nov_2015  ,  0.842
7_Nov_2015  ,  0.852
6_Nov_2015  ,  0.852
5_Nov_2015  ,  0.775
4_Nov_2015  ,  0.761
3_Nov_2015  ,  0.743
2_Nov_2015  ,  0.737
31_Oct_2015  ,  0.681
30_Oct_2015  ,  0.702
29_Oct_2015  ,  0.697
28_Oct_2015  ,  0.608
27_Oct_2015  ,  0.614
26_Oct_2015  ,  0.664
24_Oct_2015  ,  0.672
23_Oct_2015  ,  0.67
22_Oct_2015  ,  0.675
21_Oct_2015  ,  0.744
20_Oct_2015  ,  0.802
19_Oct_2015  ,  0.737
18_Oct_2015  ,  0.726
17_Oct_2015  ,  0.725
16_Oct_2015  ,  0.725
15_Oct_2015  ,  0.73
14_Oct_2015  ,  0.718
13_Oct_2015  ,  0.775
12_Oct_2015  ,  0.76
11_Oct_2015  ,  0.788
10_Oct_2015  ,  0.791
9_Oct_2015  ,  0.791
8_Oct_2015  ,  0.768
7_Oct_2015  ,  0.792
6_Oct_2015  ,  0.786
5_Oct_2015  ,  0.751
3_Oct_2015  ,  0.706
2_Oct_2015  ,  0.691
1_Oct_2015  ,  0.738
30_Sep_2015  ,  0.785
29_Sep_2015  ,  0.794
28_Sep_2015  ,  0.809
27_Sep_2015  ,  0.826
26_Sep_2015  ,  0.838
25_Sep_2015  ,  0.838
24_Sep_2015  ,  0.77
23_Sep_2015  ,  0.791
22_Sep_2015  ,  0.778
21_Sep_2015  ,  0.865
19_Sep_2015  ,  0.845
18_Sep_2015  ,  0.845
17_Sep_2015  ,  0.949
16_Sep_2015  ,  0.938
15_Sep_2015  ,  0.921
14_Sep_2015  ,  0.835
12_Sep_2015  ,  0.841
11_Sep_2015  ,  0.841
10_Sep_2015  ,  0.876
9_Sep_2015  ,  0.889
8_Sep_2015  ,  0.873
7_Sep_2015  ,  0.869
6_Sep_2015  ,  0.862
5_Sep_2015  ,  0.939
4_Sep_2015  ,  0.862
3_Sep_2015  ,  0.939
2_Sep_2015  ,  0.994
1_Sep_2015  ,  1.001
31_Aug_2015  ,  0.959
29_Aug_2015  ,  0.909
28_Aug_2015  ,  0.909
27_Aug_2015  ,  0.937
26_Aug_2015  ,  0.908
25_Aug_2015  ,  0.949
24_Aug_2015  ,  0.803
22_Aug_2015  ,  0.803
21_Aug_2015  ,  0.803
20_Aug_2015  ,  0.782
19_Aug_2015  ,  0.83
18_Aug_2015  ,  0.837
17_Aug_2015  ,  0.81
15_Aug_2015  ,  0.833
14_Aug_2015  ,  0.833
13_Aug_2015  ,  0.813
12_Aug_2015  ,  0.779
11_Aug_2015  ,  0.797
10_Aug_2015  ,  0.872
8_Aug_2015  ,  0.835
7_Aug_2015  ,  0.835
6_Aug_2015  ,  0.893
5_Aug_2015  ,  0.927
4_Aug_2015  ,  0.823
3_Aug_2015  ,  0.82
2_Aug_2015  ,  0.825
1_Aug_2015  ,  0.837
31_Jul_2015  ,  0.825
30_Jul_2015  ,  0.837
29_Jul_2015  ,  0.893
28_Jul_2015  ,  0.868
27_Jul_2015  ,  0.852
25_Jul_2015  ,  0.86
24_Jul_2015  ,  0.86
23_Jul_2015  ,  0.924
22_Jul_2015  ,  0.929
21_Jul_2015  ,  0.966
20_Jul_2015  ,  0.921
18_Jul_2015  ,  0.957
17_Jul_2015  ,  0.968
16_Jul_2015  ,  1.024
15_Jul_2015  ,  1.03
14_Jul_2015  ,  1.103
13_Jul_2015  ,  1.127
11_Jul_2015  ,  1.141
10_Jul_2015  ,  1.141
9_Jul_2015  ,  1.014
8_Jul_2015  ,  0.996
7_Jul_2015  ,  0.965
6_Jul_2015  ,  1.092
4_Jul_2015  ,  1.099
3_Jul_2015  ,  1.099
2_Jul_2015  ,  1.168
1_Jul_2015  ,  1.09
30_Jun_2015  ,  1.05
29_Jun_2015  ,  1.071
27_Jun_2015  ,  1.156
26_Jun_2015  ,  1.156
25_Jun_2015  ,  1.115
24_Jun_2015  ,  1.085
23_Jun_2015  ,  1.105
22_Jun_2015  ,  1.116
21_Jun_2015  ,  1.013
20_Jun_2015  ,  1.044
19_Jun_2015  ,  1.013
18_Jun_2015  ,  1.044
17_Jun_2015  ,  1.077
16_Jun_2015  ,  1.107
15_Jun_2015  ,  1.101
13_Jun_2015  ,  1.085
12_Jun_2015  ,  1.085
11_Jun_2015  ,  1.086
10_Jun_2015  ,  1.19
9_Jun_2015  ,  1.159
8_Jun_2015  ,  1.086
7_Jun_2015  ,  1.035
6_Jun_2015  ,  1.035
5_Jun_2015  ,  1.033
4_Jun_2015  ,  1.031
3_Jun_2015  ,  0.922
2_Jun_2015  ,  0.855
1_Jun_2015  ,  0.695
30_May_2015  ,  0.677
29_May_2015  ,  0.688
28_May_2015  ,  0.732
27_May_2015  ,  0.751
26_May_2015  ,  0.754
25_May_2015  ,  0.793
23_May_2015  ,  0.795
22_May_2015  ,  0.795
21_May_2015  ,  0.826
20_May_2015  ,  0.793
19_May_2015  ,  0.781
18_May_2015  ,  0.834
16_May_2015  ,  0.812
15_May_2015  ,  0.812
14_May_2015  ,  0.87
13_May_2015  ,  0.815
12_May_2015  ,  0.854
11_May_2015  ,  0.777
9_May_2015  ,  0.726
8_May_2015  ,  0.726
7_May_2015  ,  0.772
6_May_2015  ,  0.763
5_May_2015  ,  0.611
4_May_2015  ,  0.574
2_May_2015  ,  0.507
1_May_2015  ,  0.507
30_Apr_2015  ,  0.511
29_Apr_2015  ,  0.424
28_Apr_2015  ,  0.301
27_Apr_2015  ,  0.303
25_Apr_2015  ,  0.303
24_Apr_2015  ,  0.303
23_Apr_2015  ,  0.308
22_Apr_2015  ,  0.298
21_Apr_2015  ,  0.25
20_Apr_2015  ,  0.231
18_Apr_2015  ,  0.224
17_Apr_2015  ,  0.224
16_Apr_2015  ,  0.233
15_Apr_2015  ,  0.238
14_Apr_2015  ,  0.276
13_Apr_2015  ,  0.23
11_Apr_2015  ,  0.235
10_Apr_2015  ,  0.23
9_Apr_2015  ,  0.24
8_Apr_2015  ,  0.244
7_Apr_2015  ,  0.275
6_Apr_2015  ,  0.284
4_Apr_2015  ,  0.284
3_Apr_2015  ,  0.284
2_Apr_2015  ,  0.277
1_Apr_2015  ,  0.25
31_Mar_2015  ,  0.263
30_Mar_2015  ,  0.294
28_Mar_2015  ,  0.3
27_Mar_2015  ,  0.302
26_Mar_2015  ,  0.304
25_Mar_2015  ,  0.309
24_Mar_2015  ,  0.323
23_Mar_2015  ,  0.322
21_Mar_2015  ,  0.262
20_Mar_2015  ,  0.266
19_Mar_2015  ,  0.277
18_Mar_2015  ,  0.277
17_Mar_2015  ,  0.329
16_Mar_2015  ,  0.311
14_Mar_2015  ,  0.301
13_Mar_2015  ,  0.3
12_Mar_2015  ,  0.282
11_Mar_2015  ,  0.247
10_Mar_2015  ,  0.283
9_Mar_2015  ,  0.361
8_Mar_2015  ,  0.435
7_Mar_2015  ,  0.449
6_Mar_2015  ,  0.439
5_Mar_2015  ,  0.408
4_Mar_2015  ,  0.437
3_Mar_2015  ,  0.426
2_Mar_2015  ,  0.407
28_Feb_2015  ,  0.373
27_Feb_2015  ,  0.366
26_Feb_2015  ,  0.353
25_Feb_2015  ,  0.377
24_Feb_2015  ,  0.424
23_Feb_2015  ,  0.424
21_Feb_2015  ,  0.445
20_Feb_2015  ,  0.442
19_Feb_2015  ,  0.454
18_Feb_2015  ,  0.458
17_Feb_2015  ,  0.444
16_Feb_2015  ,  0.419
14_Feb_2015  ,  0.424
13_Feb_2015  ,  0.411
12_Feb_2015  ,  0.401
11_Feb_2015  ,  0.439
10_Feb_2015  ,  0.461
9_Feb_2015  ,  0.419
7_Feb_2015  ,  0.423
6_Feb_2015  ,  0.438
5_Feb_2015  ,  0.414
4_Feb_2015  ,  0.414
3_Feb_2015  ,  0.388
2_Feb_2015  ,  0.376
1_Feb_2015  ,  0.373
31_Jan_2015  ,  0.374
30_Jan_2015  ,  0.392
29_Jan_2015  ,  0.426
28_Jan_2015  ,  0.424
27_Jan_2015  ,  0.434
26_Jan_2015  ,  0.43
24_Jan_2015  ,  0.4
23_Jan_2015  ,  0.393
22_Jan_2015  ,  0.476
21_Jan_2015  ,  0.551
20_Jan_2015  ,  0.489
19_Jan_2015  ,  0.472
17_Jan_2015  ,  0.468
16_Jan_2015  ,  0.476
15_Jan_2015  ,  0.496
14_Jan_2015  ,  0.494
13_Jan_2015  ,  0.564
12_Jan_2015  ,  0.579
10_Jan_2015  ,  0.603
9_Jan_2015  ,  0.604
8_Jan_2015  ,  0.624
7_Jan_2015  ,  0.591
6_Jan_2015  ,  0.573
5_Jan_2015  ,  0.632
3_Jan_2015  ,  0.623
2_Jan_2015  ,  0.626
31_Dec_2014  ,  0.681
30_Dec_2014  ,  0.674
29_Dec_2014  ,  0.682
28_Dec_2014  ,  0.726
24_Dec_2014  ,  0.728
23_Dec_2014  ,  0.723
22_Dec_2014  ,  0.739
21_Dec_2014  ,  0.744
20_Dec_2014  ,  0.739
19_Dec_2014  ,  0.754
18_Dec_2014  ,  0.765
17_Dec_2014  ,  0.736
16_Dec_2014  ,  0.733
15_Dec_2014  ,  0.769
14_Dec_2014  ,  0.762
13_Dec_2014  ,  0.762
12_Dec_2014  ,  0.757
11_Dec_2014  ,  0.814
10_Dec_2014  ,  0.817
9_Dec_2014  ,  0.823
8_Dec_2014  ,  0.844
6_Dec_2014  ,  0.885
5_Dec_2014  ,  0.897
4_Dec_2014  ,  0.887
3_Dec_2014  ,  0.873
2_Dec_2014  ,  0.867
1_Dec_2014  ,  0.842
30_Nov_2014  ,  0.813
29_Nov_2014  ,  0.819
28_Nov_2014  ,  0.821
27_Nov_2014  ,  0.826
26_Nov_2014  ,  0.863
25_Nov_2014  ,  0.882
24_Nov_2014  ,  0.918
22_Nov_2014  ,  0.912
21_Nov_2014  ,  0.914
20_Nov_2014  ,  0.95
19_Nov_2014  ,  0.988
18_Nov_2014  ,  0.944
17_Nov_2014  ,  0.948
16_Nov_2014  ,  0.934
15_Nov_2014  ,  0.924
14_Nov_2014  ,  0.937
13_Nov_2014  ,  0.947
12_Nov_2014  ,  0.943
11_Nov_2014  ,  0.961
10_Nov_2014  ,  0.961
8_Nov_2014  ,  0.958
7_Nov_2014  ,  0.965
6_Nov_2014  ,  0.972
5_Nov_2014  ,  0.974
4_Nov_2014  ,  0.956
3_Nov_2014  ,  1.012
1_Nov_2014  ,  0.981
31_Oct_2014  ,  0.985
30_Oct_2014  ,  1.01
29_Oct_2014  ,  1.059
28_Oct_2014  ,  1.047
27_Oct_2014  ,  1.042
25_Oct_2014  ,  1.063
24_Oct_2014  ,  1.051
23_Oct_2014  ,  1.048
22_Oct_2014  ,  1.027
21_Oct_2014  ,  1.029
20_Oct_2014  ,  1.035
18_Oct_2014  ,  1.042
17_Oct_2014  ,  1.039
16_Oct_2014  ,  0.998
15_Oct_2014  ,  0.914
14_Oct_2014  ,  0.993
13_Oct_2014  ,  1.04
11_Oct_2014  ,  1.028
10_Oct_2014  ,  1.034
9_Oct_2014  ,  1.029
8_Oct_2014  ,  1.044
7_Oct_2014  ,  1.067
6_Oct_2014  ,  1.053
4_Oct_2014  ,  1.06
3_Oct_2014  ,  1.082
2_Oct_2014  ,  1.064
1_Oct_2014  ,  1.047
30_Sep_2014  ,  1.093
29_Sep_2014  ,  1.105
27_Sep_2014  ,  1.112
26_Sep_2014  ,  1.112
25_Sep_2014  ,  1.119
24_Sep_2014  ,  1.141
23_Sep_2014  ,  1.16
22_Sep_2014  ,  1.159
20_Sep_2014  ,  1.174
19_Sep_2014  ,  1.184
18_Sep_2014  ,  1.251
17_Sep_2014  ,  1.202
16_Sep_2014  ,  1.23
15_Sep_2014  ,  1.226
13_Sep_2014  ,  1.251
12_Sep_2014  ,  1.249
11_Sep_2014  ,  1.199
10_Sep_2014  ,  1.185
9_Sep_2014  ,  1.16
8_Sep_2014  ,  1.085
6_Sep_2014  ,  1.091
5_Sep_2014  ,  1.082
4_Sep_2014  ,  1.131
3_Sep_2014  ,  1.141
2_Sep_2014  ,  1.114
1_Sep_2014  ,  1.057
31_Aug_2014  ,  1.057
30_Aug_2014  ,  1.054
29_Aug_2014  ,  1.054
28_Aug_2014  ,  1.038
27_Aug_2014  ,  1.046
26_Aug_2014  ,  1.097
25_Aug_2014  ,  1.123
23_Aug_2014  ,  1.166
22_Aug_2014  ,  1.171
21_Aug_2014  ,  1.177
20_Aug_2014  ,  1.171
19_Aug_2014  ,  1.186
18_Aug_2014  ,  1.206
17_Aug_2014  ,  1.148
16_Aug_2014  ,  1.161
15_Aug_2014  ,  1.153
14_Aug_2014  ,  1.204
13_Aug_2014  ,  1.224
12_Aug_2014  ,  1.254
11_Aug_2014  ,  1.255
10_Aug_2014  ,  1.245
9_Aug_2014  ,  1.245
8_Aug_2014  ,  1.245
7_Aug_2014  ,  1.273
6_Aug_2014  ,  1.306
5_Aug_2014  ,  1.363
4_Aug_2014  ,  1.322
2_Aug_2014  ,  1.332
1_Aug_2014  ,  1.331
31_Jul_2014  ,  1.359
30_Jul_2014  ,  1.347
29_Jul_2014  ,  1.313
28_Jul_2014  ,  1.342
27_Jul_2014  ,  1.346
26_Jul_2014  ,  1.346
25_Jul_2014  ,  1.344
24_Jul_2014  ,  1.376
23_Jul_2014  ,  1.341
22_Jul_2014  ,  1.374
21_Jul_2014  ,  1.344
20_Jul_2014  ,  1.365
19_Jul_2014  ,  1.365
18_Jul_2014  ,  1.366
17_Jul_2014  ,  1.378
16_Jul_2014  ,  1.405
15_Jul_2014  ,  1.436
14_Jul_2014  ,  1.428
12_Jul_2014  ,  1.432
11_Jul_2014  ,  1.425
10_Jul_2014  ,  1.426
9_Jul_2014  ,  1.446
8_Jul_2014  ,  1.441
7_Jul_2014  ,  1.48
5_Jul_2014  ,  1.484
4_Jul_2014  ,  1.476
3_Jul_2014  ,  1.514
2_Jul_2014  ,  1.512
1_Jul_2014  ,  1.482
30_Jun_2014  ,  1.484
28_Jun_2014  ,  1.497
27_Jun_2014  ,  1.49
26_Jun_2014  ,  1.482
25_Jun_2014  ,  1.502
24_Jun_2014  ,  1.562
23_Jun_2014  ,  1.564
22_Jun_2014  ,  1.584
21_Jun_2014  ,  1.588
20_Jun_2014  ,  1.587
19_Jun_2014  ,  1.558
18_Jun_2014  ,  1.619
17_Jun_2014  ,  1.65
16_Jun_2014  ,  1.609
14_Jun_2014  ,  1.618
13_Jun_2014  ,  1.62
12_Jun_2014  ,  1.644
11_Jun_2014  ,  1.642
10_Jun_2014  ,  1.643
9_Jun_2014  ,  1.599
7_Jun_2014  ,  1.595
6_Jun_2014  ,  1.596
5_Jun_2014  ,  1.673
4_Jun_2014  ,  1.707
3_Jun_2014  ,  1.685
2_Jun_2014  ,  1.639
31_May_2014  ,  1.635
30_May_2014  ,  1.64
29_May_2014  ,  1.605
28_May_2014  ,  1.602
27_May_2014  ,  1.656
26_May_2014  ,  1.678
25_May_2014  ,  1.696
24_May_2014  ,  1.69
23_May_2014  ,  1.684
22_May_2014  ,  1.691
21_May_2014  ,  1.715
20_May_2014  ,  1.696
19_May_2014  ,  1.664
17_May_2014  ,  1.655
16_May_2014  ,  1.647
15_May_2014  ,  1.624
14_May_2014  ,  1.679
13_May_2014  ,  1.738
12_May_2014  ,  1.787
10_May_2014  ,  1.77
9_May_2014  ,  1.766
8_May_2014  ,  1.765
7_May_2014  ,  1.801
6_May_2014  ,  1.791
5_May_2014  ,  1.786
3_May_2014  ,  1.77
2_May_2014  ,  1.778
1_May_2014  ,  1.796
30_Apr_2014  ,  1.809
29_Apr_2014  ,  1.845
28_Apr_2014  ,  1.838
27_Apr_2014  ,  1.818
26_Apr_2014  ,  1.821
25_Apr_2014  ,  1.811
24_Apr_2014  ,  1.851
23_Apr_2014  ,  1.867
22_Apr_2014  ,  1.878
21_Apr_2014  ,  1.828
19_Apr_2014  ,  1.828
18_Apr_2014  ,  1.873
17_Apr_2014  ,  1.844
16_Apr_2014  ,  1.815
15_Apr_2014  ,  1.807
14_Apr_2014  ,  1.873
12_Apr_2014  ,  1.861
11_Apr_2014  ,  1.864
10_Apr_2014  ,  1.878
9_Apr_2014  ,  1.764
8_Apr_2014  ,  1.744
7_Apr_2014  ,  1.72
5_Apr_2014  ,  1.711
4_Apr_2014  ,  1.711
3_Apr_2014  ,  1.778
2_Apr_2014  ,  1.797
1_Apr_2014  ,  1.764
31_Mar_2014  ,  1.745
29_Mar_2014  ,  1.734
28_Mar_2014  ,  1.734
27_Mar_2014  ,  1.71
26_Mar_2014  ,  1.753
25_Mar_2014  ,  1.782
24_Mar_2014  ,  1.801
22_Mar_2014  ,  1.837
21_Mar_2014  ,  1.837
20_Mar_2014  ,  1.875
19_Mar_2014  ,  1.829
18_Mar_2014  ,  1.8
17_Mar_2014  ,  1.798
15_Mar_2014  ,  1.775
14_Mar_2014  ,  1.775
13_Mar_2014  ,  1.788
12_Mar_2014  ,  1.834
11_Mar_2014  ,  1.873
10_Mar_2014  ,  1.853
9_Mar_2014  ,  1.875
8_Mar_2014  ,  1.876
7_Mar_2014  ,  1.876
6_Mar_2014  ,  1.881
5_Mar_2014  ,  1.829
4_Mar_2014  ,  1.831
3_Mar_2014  ,  1.805
1_Mar_2014  ,  1.857
28_Feb_2014  ,  1.857
27_Feb_2014  ,  1.789
26_Feb_2014  ,  1.846
25_Feb_2014  ,  1.888
24_Feb_2014  ,  1.917
22_Feb_2014  ,  1.905
21_Feb_2014  ,  1.905
20_Feb_2014  ,  1.935
19_Feb_2014  ,  1.895
18_Feb_2014  ,  1.898
17_Feb_2014  ,  1.909
15_Feb_2014  ,  1.913
14_Feb_2014  ,  1.913
13_Feb_2014  ,  1.903
12_Feb_2014  ,  1.938
11_Feb_2014  ,  1.916
10_Feb_2014  ,  1.9
8_Feb_2014  ,  1.88
7_Feb_2014  ,  1.88
6_Feb_2014  ,  1.923
5_Feb_2014  ,  1.863
4_Feb_2014  ,  1.871
3_Feb_2014  ,  1.867
1_Feb_2014  ,  1.878
31_Jan_2014  ,  1.878
30_Jan_2014  ,  1.938
29_Jan_2014  ,  1.975
28_Jan_2014  ,  2.004
27_Jan_2014  ,  1.993
25_Jan_2014  ,  1.996
24_Jan_2014  ,  1.996
23_Jan_2014  ,  2.039
22_Jan_2014  ,  2.075
21_Jan_2014  ,  2.063
20_Jan_2014  ,  2.052
18_Jan_2014  ,  2.071
17_Jan_2014  ,  2.071
16_Jan_2014  ,  2.105
15_Jan_2014  ,  2.152
14_Jan_2014  ,  2.126
13_Jan_2014  ,  2.138
11_Jan_2014  ,  2.169
10_Jan_2014  ,  2.169
9_Jan_2014  ,  2.221
8_Jan_2014  ,  2.192
7_Jan_2014  ,  2.174
6_Jan_2014  ,  2.197
4_Jan_2014  ,  2.229
3_Jan_2014  ,  2.229
2_Jan_2014  ,  2.226
1_Jan_2014  ,  2.234
31_Dec_2013  ,  2.234
30_Dec_2013  ,  2.244
28_Dec_2013  ,  2.247
27_Dec_2013  ,  2.247
26_Dec_2013  ,  2.169
25_Dec_2013  ,  2.169
24_Dec_2013  ,  2.169
23_Dec_2013  ,  2.172
21_Dec_2013  ,  2.168
20_Dec_2013  ,  2.168
19_Dec_2013  ,  2.173
18_Dec_2013  ,  2.15
17_Dec_2013  ,  2.14
16_Dec_2013  ,  2.142
14_Dec_2013  ,  2.144
13_Dec_2013  ,  2.144
12_Dec_2013  ,  2.153
11_Dec_2013  ,  2.14
10_Dec_2013  ,  2.149
9_Dec_2013  ,  2.158
7_Dec_2013  ,  2.158
6_Dec_2013  ,  2.158
5_Dec_2013  ,  2.163
4_Dec_2013  ,  2.101
3_Dec_2013  ,  2.044
2_Dec_2013  ,  2.062
30_Nov_2013  ,  2.036
29_Nov_2013  ,  2.036
28_Nov_2013  ,  2.032
27_Nov_2013  ,  2.03
26_Nov_2013  ,  2.023
25_Nov_2013  ,  2.046
23_Nov_2013  ,  2.068
22_Nov_2013  ,  2.068
21_Nov_2013  ,  2.074
20_Nov_2013  ,  2.054
19_Nov_2013  ,  2.059
18_Nov_2013  ,  2.023
17_Nov_2013  ,  2.042
16_Nov_2013  ,  2.048
15_Nov_2013  ,  2.048
14_Nov_2013  ,  2.043
13_Nov_2013  ,  2.079
12_Nov_2013  ,  2.121
11_Nov_2013  ,  2.089
9_Nov_2013  ,  2.095
8_Nov_2013  ,  2.095
7_Nov_2013  ,  2.035
6_Nov_2013  ,  2.091
5_Nov_2013  ,  2.089
4_Nov_2013  ,  2.014
3_Nov_2013  ,  2.031
2_Nov_2013  ,  2.025
1_Nov_2013  ,  2.025
31_Oct_2013  ,  2.03
30_Oct_2013  ,  2.056
29_Oct_2013  ,  2.096
28_Oct_2013  ,  2.103
27_Oct_2013  ,  2.107
26_Oct_2013  ,  2.106
25_Oct_2013  ,  2.106
24_Oct_2013  ,  2.113
23_Oct_2013  ,  2.112
22_Oct_2013  ,  2.135
21_Oct_2013  ,  2.206
19_Oct_2013  ,  2.196
18_Oct_2013  ,  2.193
17_Oct_2013  ,  2.237
16_Oct_2013  ,  2.292
15_Oct_2013  ,  2.275
14_Oct_2013  ,  2.234
12_Oct_2013  ,  2.232
11_Oct_2013  ,  2.232
10_Oct_2013  ,  2.237
9_Oct_2013  ,  2.2
8_Oct_2013  ,  2.204
7_Oct_2013  ,  2.193
6_Oct_2013  ,  2.218
5_Oct_2013  ,  2.195
4_Oct_2013  ,  2.218
3_Oct_2013  ,  2.195
2_Oct_2013  ,  2.178
1_Oct_2013  ,  2.178
30_Sep_2013  ,  2.177
29_Sep_2013  ,  2.185
28_Sep_2013  ,  2.181
27_Sep_2013  ,  2.181
26_Sep_2013  ,  2.217
25_Sep_2013  ,  2.21
24_Sep_2013  ,  2.227
23_Sep_2013  ,  2.286
22_Sep_2013  ,  2.302
21_Sep_2013  ,  2.316
20_Sep_2013  ,  2.316
19_Sep_2013  ,  2.283
18_Sep_2013  ,  2.357
17_Sep_2013  ,  2.322
16_Sep_2013  ,  2.294
15_Sep_2013  ,  2.35
14_Sep_2013  ,  2.339
13_Sep_2013  ,  2.339
12_Sep_2013  ,  2.366
11_Sep_2013  ,  2.416
10_Sep_2013  ,  2.453
9_Sep_2013  ,  2.379
8_Sep_2013  ,  2.389
7_Sep_2013  ,  2.389
6_Sep_2013  ,  2.375
5_Sep_2013  ,  2.462
4_Sep_2013  ,  2.351
3_Sep_2013  ,  2.361
2_Sep_2013  ,  2.322
1_Sep_2013  ,  2.3
31_Aug_2013  ,  2.289
30_Aug_2013  ,  2.289
29_Aug_2013  ,  2.285
28_Aug_2013  ,  2.283
27_Aug_2013  ,  2.271
26_Aug_2013  ,  2.292
24_Aug_2013  ,  2.33
23_Aug_2013  ,  2.33
22_Aug_2013  ,  2.324
21_Aug_2013  ,  2.293
20_Aug_2013  ,  2.27
19_Aug_2013  ,  2.297
17_Aug_2013  ,  2.25
16_Aug_2013  ,  2.25
15_Aug_2013  ,  2.252
14_Aug_2013  ,  2.168
13_Aug_2013  ,  2.181
12_Aug_2013  ,  2.073
11_Aug_2013  ,  2.052
10_Aug_2013  ,  2.052
9_Aug_2013  ,  2.062
8_Aug_2013  ,  2.059
7_Aug_2013  ,  2.07
6_Aug_2013  ,  2.091
5_Aug_2013  ,  2.084
3_Aug_2013  ,  2.04
2_Aug_2013  ,  2.04
1_Aug_2013  ,  2.052
31_Jul_2013  ,  2.052
30_Jul_2013  ,  2.062
29_Jul_2013  ,  2.064
27_Jul_2013  ,  2.065
26_Jul_2013  ,  2.065
25_Jul_2013  ,  2.066
24_Jul_2013  ,  2.041
23_Jul_2013  ,  1.975
22_Jul_2013  ,  1.952
20_Jul_2013  ,  1.952
19_Jul_2013  ,  1.952
18_Jul_2013  ,  1.945
17_Jul_2013  ,  1.972
16_Jul_2013  ,  1.978
15_Jul_2013  ,  1.998
13_Jul_2013  ,  1.964
12_Jul_2013  ,  1.964
11_Jul_2013  ,  2.018
10_Jul_2013  ,  2.045
9_Jul_2013  ,  2.029
8_Jul_2013  ,  2.075
6_Jul_2013  ,  2.11
5_Jul_2013  ,  2.11
4_Jul_2013  ,  2.053
3_Jul_2013  ,  2.072
2_Jul_2013  ,  2.103
1_Jul_2013  ,  2.107
29_Jun_2013  ,  2.116
28_Jun_2013  ,  2.116
27_Jun_2013  ,  2.127
26_Jun_2013  ,  2.177
25_Jun_2013  ,  2.252
24_Jun_2013  ,  2.256
23_Jun_2013  ,  2.131
22_Jun_2013  ,  2.132
21_Jun_2013  ,  2.132
20_Jun_2013  ,  2.067
19_Jun_2013  ,  1.922
18_Jun_2013  ,  1.933
17_Jun_2013  ,  1.882
16_Jun_2013  ,  1.883
15_Jun_2013  ,  1.881
14_Jun_2013  ,  1.881
13_Jun_2013  ,  1.938
12_Jun_2013  ,  1.977
11_Jun_2013  ,  1.994
10_Jun_2013  ,  1.956
8_Jun_2013  ,  1.89
7_Jun_2013  ,  1.895
6_Jun_2013  ,  1.89
5_Jun_2013  ,  1.853
4_Jun_2013  ,  1.886
3_Jun_2013  ,  1.86
1_Jun_2013  ,  1.848
31_May_2013  ,  1.848
30_May_2013  ,  1.843
29_May_2013  ,  1.856
28_May_2013  ,  1.811
27_May_2013  ,  1.772
25_May_2013  ,  1.745
24_May_2013  ,  1.74
23_May_2013  ,  1.746
22_May_2013  ,  1.71
21_May_2013  ,  1.722
20_May_2013  ,  1.683
18_May_2013  ,  1.625
17_May_2013  ,  1.625
16_May_2013  ,  1.64
15_May_2013  ,  1.694
14_May_2013  ,  1.683
13_May_2013  ,  1.681
11_May_2013  ,  1.699
10_May_2013  ,  1.699
9_May_2013  ,  1.596
8_May_2013  ,  1.581
7_May_2013  ,  1.607
6_May_2013  ,  1.582
4_May_2013  ,  1.587
3_May_2013  ,  1.587
2_May_2013  ,  1.526
1_May_2013  ,  1.589
30_Apr_2013  ,  1.573
29_Apr_2013  ,  1.576
27_Apr_2013  ,  1.597
26_Apr_2013  ,  1.597
25_Apr_2013  ,  1.627
24_Apr_2013  ,  1.617
23_Apr_2013  ,  1.613
22_Apr_2013  ,  1.623
20_Apr_2013  ,  1.653
19_Apr_2013  ,  1.653
18_Apr_2013  ,  1.645
17_Apr_2013  ,  1.644
16_Apr_2013  ,  1.683
15_Apr_2013  ,  1.672
13_Apr_2013  ,  1.688
12_Apr_2013  ,  1.688
11_Apr_2013  ,  1.73
10_Apr_2013  ,  1.745
9_Apr_2013  ,  1.691
8_Apr_2013  ,  1.626
6_Apr_2013  ,  1.607
5_Apr_2013  ,  1.607
4_Apr_2013  ,  1.678
3_Apr_2013  ,  1.737
2_Apr_2013  ,  1.775
30_Mar_2013  ,  1.743
29_Mar_2013  ,  1.765
28_Mar_2013  ,  1.777
27_Mar_2013  ,  1.649
26_Mar_2013  ,  1.675
25_Mar_2013  ,  1.678
23_Mar_2013  ,  1.697
22_Mar_2013  ,  1.705
21_Mar_2013  ,  1.687
20_Mar_2013  ,  1.711
19_Mar_2013  ,  1.702
18_Mar_2013  ,  1.732
17_Mar_2013  ,  1.751
16_Mar_2013  ,  1.785
15_Mar_2013  ,  1.787
14_Mar_2013  ,  1.814
13_Mar_2013  ,  1.806
12_Mar_2013  ,  1.809
11_Mar_2013  ,  1.808
9_Mar_2013  ,  1.802
8_Mar_2013  ,  1.789
7_Mar_2013  ,  1.806
6_Mar_2013  ,  1.769
5_Mar_2013  ,  1.768
4_Mar_2013  ,  1.753
2_Mar_2013  ,  1.755
1_Mar_2013  ,  1.774
28_Feb_2013  ,  1.808
27_Feb_2013  ,  1.787
26_Feb_2013  ,  1.811
25_Feb_2013  ,  1.879
23_Feb_2013  ,  1.873
22_Feb_2013  ,  1.881
21_Feb_2013  ,  1.918
20_Feb_2013  ,  1.983
19_Feb_2013  ,  1.949
18_Feb_2013  ,  1.957
17_Feb_2013  ,  1.943
16_Feb_2013  ,  1.952
15_Feb_2013  ,  1.971
14_Feb_2013  ,  1.938
13_Feb_2013  ,  1.953
12_Feb_2013  ,  1.919
11_Feb_2013  ,  1.882
10_Feb_2013  ,  1.869
9_Feb_2013  ,  1.855
8_Feb_2013  ,  1.877
7_Feb_2013  ,  1.877
6_Feb_2013  ,  1.915
5_Feb_2013  ,  1.927
4_Feb_2013  ,  1.894
2_Feb_2013  ,  1.936
1_Feb_2013  ,  1.941
31_Jan_2013  ,  1.877
30_Jan_2013  ,  1.902
29_Jan_2013  ,  1.866
28_Jan_2013  ,  1.86
26_Jan_2013  ,  1.78
25_Jan_2013  ,  1.776
24_Jan_2013  ,  1.709
23_Jan_2013  ,  1.668
22_Jan_2013  ,  1.708
21_Jan_2013  ,  1.733
19_Jan_2013  ,  1.7
18_Jan_2013  ,  1.699
17_Jan_2013  ,  1.744
16_Jan_2013  ,  1.71
15_Jan_2013  ,  1.689
14_Jan_2013  ,  1.741
13_Jan_2013  ,  1.759
12_Jan_2013  ,  1.757
11_Jan_2013  ,  1.776
10_Jan_2013  ,  1.747
9_Jan_2013  ,  1.673
8_Jan_2013  ,  1.687
7_Jan_2013  ,  1.72
5_Jan_2013  ,  1.733
4_Jan_2013  ,  1.743
3_Jan_2013  ,  1.683
2_Jan_2013  ,  1.634
1_Jan_2013  ,  1.499
31_Dec_2012  ,  1.497
30_Dec_2012  ,  1.49
29_Dec_2012  ,  1.492
28_Dec_2012  ,  1.492
27_Dec_2012  ,  1.507
26_Dec_2012  ,  1.566
25_Dec_2012  ,  1.561
24_Dec_2012  ,  1.566
23_Dec_2012  ,  1.561
22_Dec_2012  ,  1.561
21_Dec_2012  ,  1.565
20_Dec_2012  ,  1.595
19_Dec_2012  ,  1.628
18_Dec_2012  ,  1.625
17_Dec_2012  ,  1.583
15_Dec_2012  ,  1.55
14_Dec_2012  ,  1.555
13_Dec_2012  ,  1.554
12_Dec_2012  ,  1.542
11_Dec_2012  ,  1.538
10_Dec_2012  ,  1.532
8_Dec_2012  ,  1.531
7_Dec_2012  ,  1.523
6_Dec_2012  ,  1.539
5_Dec_2012  ,  1.561
4_Dec_2012  ,  1.609
3_Dec_2012  ,  1.638
1_Dec_2012  ,  1.613
30_Nov_2012  ,  1.601
29_Nov_2012  ,  1.61
28_Nov_2012  ,  1.606
27_Nov_2012  ,  1.667
26_Nov_2012  ,  1.66
24_Nov_2012  ,  1.695
23_Nov_2012  ,  1.695
22_Nov_2012  ,  1.694
21_Nov_2012  ,  1.7
20_Nov_2012  ,  1.672
19_Nov_2012  ,  1.621
17_Nov_2012  ,  1.6
16_Nov_2012  ,  1.598
15_Nov_2012  ,  1.617
14_Nov_2012  ,  1.599
13_Nov_2012  ,  1.605
12_Nov_2012  ,  1.612
10_Nov_2012  ,  1.618
9_Nov_2012  ,  1.612
8_Nov_2012  ,  1.617
7_Nov_2012  ,  1.656
6_Nov_2012  ,  1.704
5_Nov_2012  ,  1.701
3_Nov_2012  ,  1.709
2_Nov_2012  ,  1.709
1_Nov_2012  ,  1.722
31_Oct_2012  ,  1.74
30_Oct_2012  ,  1.738
29_Oct_2012  ,  1.738
27_Oct_2012  ,  1.782
26_Oct_2012  ,  1.781
25_Oct_2012  ,  1.828
24_Oct_2012  ,  1.807
23_Oct_2012  ,  1.806
22_Oct_2012  ,  1.851
19_Oct_2012  ,  1.832
18_Oct_2012  ,  1.849
17_Oct_2012  ,  1.855
16_Oct_2012  ,  1.782
15_Oct_2012  ,  1.718
13_Oct_2012  ,  1.693
12_Oct_2012  ,  1.714
11_Oct_2012  ,  1.745
10_Oct_2012  ,  1.749
9_Oct_2012  ,  1.748
8_Oct_2012  ,  1.742
6_Oct_2012  ,  1.78
5_Oct_2012  ,  1.787
4_Oct_2012  ,  1.719
3_Oct_2012  ,  1.719
2_Oct_2012  ,  1.746
1_Oct_2012  ,  1.737
29_Sep_2012  ,  1.724
28_Sep_2012  ,  1.711
27_Sep_2012  ,  1.732
26_Sep_2012  ,  1.74
25_Sep_2012  ,  1.876
24_Sep_2012  ,  1.837
23_Sep_2012  ,  1.85
22_Sep_2012  ,  1.85
21_Sep_2012  ,  1.872
20_Sep_2012  ,  1.865
19_Sep_2012  ,  1.886
18_Sep_2012  ,  1.891
17_Sep_2012  ,  1.933
15_Sep_2012  ,  1.934
14_Sep_2012  ,  1.934
13_Sep_2012  ,  1.826
12_Sep_2012  ,  1.891
11_Sep_2012  ,  1.859
10_Sep_2012  ,  1.89
8_Sep_2012  ,  1.863
7_Sep_2012  ,  1.863
6_Sep_2012  ,  1.901
5_Sep_2012  ,  1.8
4_Sep_2012  ,  1.77
3_Sep_2012  ,  1.757
1_Sep_2012  ,  1.724
31_Aug_2012  ,  1.724
30_Aug_2012  ,  1.735
29_Aug_2012  ,  1.78
28_Aug_2012  ,  1.748
27_Aug_2012  ,  1.751
25_Aug_2012  ,  1.73
24_Aug_2012  ,  1.73
23_Aug_2012  ,  1.768
22_Aug_2012  ,  1.837
21_Aug_2012  ,  1.898
20_Aug_2012  ,  1.844
18_Aug_2012  ,  1.869
17_Aug_2012  ,  1.869
16_Aug_2012  ,  1.854
15_Aug_2012  ,  1.855
14_Aug_2012  ,  1.775
13_Aug_2012  ,  1.699
11_Aug_2012  ,  1.658
10_Aug_2012  ,  1.658
9_Aug_2012  ,  1.739
8_Aug_2012  ,  1.736
7_Aug_2012  ,  1.765
6_Aug_2012  ,  1.695
5_Aug_2012  ,  1.696
4_Aug_2012  ,  1.689
3_Aug_2012  ,  1.689
2_Aug_2012  ,  1.57
1_Aug_2012  ,  1.682
31_Jul_2012  ,  1.632
30_Jul_2012  ,  1.737
28_Jul_2012  ,  1.799
27_Jul_2012  ,  1.772
26_Jul_2012  ,  1.75
25_Jul_2012  ,  1.756
24_Jul_2012  ,  1.74
23_Jul_2012  ,  1.64
21_Jul_2012  ,  1.594
20_Jul_2012  ,  1.594
19_Jul_2012  ,  1.65
18_Jul_2012  ,  1.653
17_Jul_2012  ,  1.65
16_Jul_2012  ,  1.667
14_Jul_2012  ,  1.693
13_Jul_2012  ,  1.693
12_Jul_2012  ,  1.684
11_Jul_2012  ,  1.712
10_Jul_2012  ,  1.743
9_Jul_2012  ,  1.762
8_Jul_2012  ,  1.737
7_Jul_2012  ,  1.737
6_Jul_2012  ,  1.739
5_Jul_2012  ,  1.859
4_Jul_2012  ,  1.942
3_Jul_2012  ,  1.992
2_Jul_2012  ,  2.02
1_Jul_2012  ,  2.093
30_Jun_2012  ,  2.102
29_Jun_2012  ,  2.102
28_Jun_2012  ,  2.062
27_Jun_2012  ,  2.108
26_Jun_2012  ,  2.043
25_Jun_2012  ,  1.998
24_Jun_2012  ,  2.088
22_Jun_2012  ,  2.088
21_Jun_2012  ,  2.051
20_Jun_2012  ,  2.106
19_Jun_2012  ,  2.045
18_Jun_2012  ,  1.973
17_Jun_2012  ,  1.952
16_Jun_2012  ,  2.009
15_Jun_2012  ,  1.952
14_Jun_2012  ,  2.009
13_Jun_2012  ,  2.028
12_Jun_2012  ,  1.975
11_Jun_2012  ,  1.845
10_Jun_2012  ,  1.83
8_Jun_2012  ,  1.83
7_Jun_2012  ,  1.842
6_Jun_2012  ,  1.74
5_Jun_2012  ,  1.619
4_Jun_2012  ,  1.593
3_Jun_2012  ,  1.538
1_Jun_2012  ,  1.538
31_May_2012  ,  1.621
30_May_2012  ,  1.694
29_May_2012  ,  1.788
28_May_2012  ,  1.796
27_May_2012  ,  1.806
26_May_2012  ,  1.836
25_May_2012  ,  1.806
24_May_2012  ,  1.836
23_May_2012  ,  1.881
22_May_2012  ,  1.95
21_May_2012  ,  1.942
20_May_2012  ,  1.913
19_May_2012  ,  1.936
18_May_2012  ,  1.913
17_May_2012  ,  1.936
16_May_2012  ,  1.968
15_May_2012  ,  1.97
14_May_2012  ,  1.964
13_May_2012  ,  2.033
11_May_2012  ,  2.033
10_May_2012  ,  2.083
9_May_2012  ,  2.118
8_May_2012  ,  2.11
7_May_2012  ,  2.147
6_May_2012  ,  2.144
5_May_2012  ,  2.147
4_May_2012  ,  2.147
3_May_2012  ,  2.181
2_May_2012  ,  2.184
1_May_2012  ,  2.247
30_Apr_2012  ,  2.24
29_Apr_2012  ,  2.259
27_Apr_2012  ,  2.259
26_Apr_2012  ,  2.245
25_Apr_2012  ,  2.331
24_Apr_2012  ,  2.339
23_Apr_2012  ,  2.431
22_Apr_2012  ,  2.328
21_Apr_2012  ,  2.29
20_Apr_2012  ,  2.328
19_Apr_2012  ,  2.29
18_Apr_2012  ,  2.25
17_Apr_2012  ,  2.27
16_Apr_2012  ,  2.25
15_Apr_2012  ,  2.232
14_Apr_2012  ,  2.252
13_Apr_2012  ,  2.232
12_Apr_2012  ,  2.252
11_Apr_2012  ,  2.259
10_Apr_2012  ,  2.265
9_Apr_2012  ,  2.293
8_Apr_2012  ,  2.293
7_Apr_2012  ,  2.293
6_Apr_2012  ,  2.293
5_Apr_2012  ,  2.305
4_Apr_2012  ,  2.323
3_Apr_2012  ,  2.335
2_Apr_2012  ,  2.304
1_Apr_2012  ,  2.346
31_Mar_2012  ,  2.395
30_Mar_2012  ,  2.346
29_Mar_2012  ,  2.395
28_Mar_2012  ,  2.415
27_Mar_2012  ,  2.473
26_Mar_2012  ,  2.531
25_Mar_2012  ,  2.444
24_Mar_2012  ,  2.451
23_Mar_2012  ,  2.451
22_Mar_2012  ,  2.471
21_Mar_2012  ,  2.513
20_Mar_2012  ,  2.544
19_Mar_2012  ,  2.523
18_Mar_2012  ,  2.551
17_Mar_2012  ,  2.476
16_Mar_2012  ,  2.551
15_Mar_2012  ,  2.476
14_Mar_2012  ,  2.431
13_Mar_2012  ,  2.322
12_Mar_2012  ,  2.276
11_Mar_2012  ,  2.298
10_Mar_2012  ,  2.276
9_Mar_2012  ,  2.298
8_Mar_2012  ,  2.276
7_Mar_2012  ,  2.261
6_Mar_2012  ,  2.268
5_Mar_2012  ,  2.278
4_Mar_2012  ,  2.257
3_Mar_2012  ,  2.316
2_Mar_2012  ,  2.257
1_Mar_2012  ,  2.316
29_Feb_2012  ,  2.297
28_Feb_2012  ,  2.294
27_Feb_2012  ,  2.307
25_Feb_2012  ,  2.36
24_Feb_2012  ,  2.36
23_Feb_2012  ,  2.353
22_Feb_2012  ,  2.397
21_Feb_2012  ,  2.448
20_Feb_2012  ,  2.452
19_Feb_2012  ,  2.422
18_Feb_2012  ,  2.431
17_Feb_2012  ,  2.431
16_Feb_2012  ,  2.376
15_Feb_2012  ,  2.382
14_Feb_2012  ,  2.411
13_Feb_2012  ,  2.402
10_Feb_2012  ,  2.265
9_Feb_2012  ,  2.338
8_Feb_2012  ,  2.307
7_Feb_2012  ,  2.283
6_Feb_2012  ,  2.231
3_Feb_2012  ,  2.245
2_Feb_2012  ,  2.188
1_Feb_2012  ,  2.167
31_Jan_2012  ,  2.16
30_Jan_2012  ,  2.139
27_Jan_2012  ,  2.182
26_Jan_2012  ,  2.204
25_Jan_2012  ,  2.261
24_Jan_2012  ,  2.279
23_Jan_2012  ,  2.264
20_Jan_2012  ,  2.233
19_Jan_2012  ,  2.148
18_Jan_2012  ,  2.072
17_Jan_2012  ,  2.096
16_Jan_2012  ,  2.036
13_Jan_2012  ,  2.096
12_Jan_2012  ,  2.151
11_Jan_2012  ,  2.19
10_Jan_2012  ,  2.241
9_Jan_2012  ,  2.233
6_Jan_2012  ,  2.234
5_Jan_2012  ,  2.25
4_Jan_2012  ,  2.291
3_Jan_2012  ,  2.275
2_Jan_2012  ,  2.278
30_Dec_2011  ,  2.178
29_Dec_2011  ,  2.206
28_Dec_2011  ,  2.251
27_Dec_2011  ,  2.269
23_Dec_2011  ,  2.309
22_Dec_2011  ,  2.288
21_Dec_2011  ,  2.285
20_Dec_2011  ,  2.31
19_Dec_2011  ,  2.213
16_Dec_2011  ,  2.192
15_Dec_2011  ,  2.266
14_Dec_2011  ,  2.277
13_Dec_2011  ,  2.376
12_Dec_2011  ,  2.443
9_Dec_2011  ,  2.54
8_Dec_2011  ,  2.494
7_Dec_2011  ,  2.528
6_Dec_2011  ,  2.603
5_Dec_2011  ,  2.582
2_Dec_2011  ,  2.503
1_Dec_2011  ,  2.554
30_Nov_2011  ,  2.669
29_Nov_2011  ,  2.733
28_Nov_2011  ,  2.713
25_Nov_2011  ,  2.75
24_Nov_2011  ,  2.696
23_Nov_2011  ,  2.648
22_Nov_2011  ,  2.526
21_Nov_2011  ,  2.515
18_Nov_2011  ,  2.545
17_Nov_2011  ,  2.513
16_Nov_2011  ,  2.438
15_Nov_2011  ,  2.39
14_Nov_2011  ,  2.359
11_Nov_2011  ,  2.33
10_Nov_2011  ,  2.207
9_Nov_2011  ,  2.171
8_Nov_2011  ,  2.223
7_Nov_2011  ,  2.242
4_Nov_2011  ,  2.253
3_Nov_2011  ,  2.317
2_Nov_2011  ,  2.265
1_Nov_2011  ,  2.18
31_Oct_2011  ,  2.445
28_Oct_2011  ,  2.582
27_Oct_2011  ,  2.561
26_Oct_2011  ,  2.422
25_Oct_2011  ,  2.479
24_Oct_2011  ,  2.534
21_Oct_2011  ,  2.532
20_Oct_2011  ,  2.474
19_Oct_2011  ,  2.488
18_Oct_2011  ,  2.451
17_Oct_2011  ,  2.501
14_Oct_2011  ,  2.622
13_Oct_2011  ,  2.525
12_Oct_2011  ,  2.572
11_Oct_2011  ,  2.5
10_Oct_2011  ,  2.487
7_Oct_2011  ,  2.395
6_Oct_2011  ,  2.339
5_Oct_2011  ,  2.254
4_Oct_2011  ,  2.151
3_Oct_2011  ,  2.194
30_Sep_2011  ,  2.287
29_Sep_2011  ,  2.385
28_Sep_2011  ,  2.356
27_Sep_2011  ,  2.369
26_Sep_2011  ,  2.227
23_Sep_2011  ,  2.193
22_Sep_2011  ,  2.187
21_Sep_2011  ,  2.236
20_Sep_2011  ,  2.264
19_Sep_2011  ,  2.257
16_Sep_2011  ,  2.298
15_Sep_2011  ,  2.393
14_Sep_2011  ,  2.336
13_Sep_2011  ,  2.247
12_Sep_2011  ,  2.215
9_Sep_2011  ,  2.236
8_Sep_2011  ,  2.326
7_Sep_2011  ,  2.378
6_Sep_2011  ,  2.368
5_Sep_2011  ,  2.38
2_Sep_2011  ,  2.48
1_Sep_2011  ,  2.588
31_Aug_2011  ,  2.602
30_Aug_2011  ,  2.554
29_Aug_2011  ,  2.616
26_Aug_2011  ,  2.552
25_Aug_2011  ,  2.61
24_Aug_2011  ,  2.595
23_Aug_2011  ,  2.514
22_Aug_2011  ,  2.52
19_Aug_2011  ,  2.504
18_Aug_2011  ,  2.458
17_Aug_2011  ,  2.612
16_Aug_2011  ,  2.686
15_Aug_2011  ,  2.668
12_Aug_2011  ,  2.671
11_Aug_2011  ,  2.651
10_Aug_2011  ,  2.578
9_Aug_2011  ,  2.757
8_Aug_2011  ,  2.685
5_Aug_2011  ,  2.805
4_Aug_2011  ,  2.769
3_Aug_2011  ,  2.851
2_Aug_2011  ,  2.874
1_Aug_2011  ,  2.874
29_Jul_2011  ,  2.953
28_Jul_2011  ,  3.026
27_Jul_2011  ,  3.0
26_Jul_2011  ,  3.109
25_Jul_2011  ,  3.137
22_Jul_2011  ,  3.17
21_Jul_2011  ,  3.215
20_Jul_2011  ,  3.132
19_Jul_2011  ,  3.072
18_Jul_2011  ,  3.053
15_Jul_2011  ,  3.102
14_Jul_2011  ,  3.147
13_Jul_2011  ,  3.147
12_Jul_2011  ,  3.142
11_Jul_2011  ,  3.104
8_Jul_2011  ,  3.237
7_Jul_2011  ,  3.348
6_Jul_2011  ,  3.28
5_Jul_2011  ,  3.358
4_Jul_2011  ,  3.335
1_Jul_2011  ,  3.343
30_Jun_2011  ,  3.344
29_Jun_2011  ,  3.305
28_Jun_2011  ,  3.26
27_Jun_2011  ,  3.256
24_Jun_2011  ,  3.194
23_Jun_2011  ,  3.204
22_Jun_2011  ,  3.273
21_Jun_2011  ,  3.295
20_Jun_2011  ,  3.312
17_Jun_2011  ,  3.286
16_Jun_2011  ,  3.234
15_Jun_2011  ,  3.268
14_Jun_2011  ,  3.288
13_Jun_2011  ,  3.237
10_Jun_2011  ,  3.235
9_Jun_2011  ,  3.289
8_Jun_2011  ,  3.325
7_Jun_2011  ,  3.35
6_Jun_2011  ,  3.281
3_Jun_2011  ,  3.302
2_Jun_2011  ,  3.249
1_Jun_2011  ,  3.264
31_May_2011  ,  3.323
30_May_2011  ,  3.263
27_May_2011  ,  3.264
26_May_2011  ,  3.291
25_May_2011  ,  3.326
24_May_2011  ,  3.357
23_May_2011  ,  3.314
20_May_2011  ,  3.345
19_May_2011  ,  3.412
18_May_2011  ,  3.377
17_May_2011  ,  3.36
16_May_2011  ,  3.393
13_May_2011  ,  3.383
12_May_2011  ,  3.369
11_May_2011  ,  3.417
10_May_2011  ,  3.397
9_May_2011  ,  3.409
6_May_2011  ,  3.454
5_May_2011  ,  3.505
4_May_2011  ,  3.561
3_May_2011  ,  3.55
2_May_2011  ,  3.54
29_Apr_2011  ,  3.509
28_Apr_2011  ,  3.529
27_Apr_2011  ,  3.622
26_Apr_2011  ,  3.575
21_Apr_2011  ,  3.561
20_Apr_2011  ,  3.586
19_Apr_2011  ,  3.59
18_Apr_2011  ,  3.562
15_Apr_2011  ,  3.656
14_Apr_2011  ,  3.694
13_Apr_2011  ,  3.721
12_Apr_2011  ,  3.701
11_Apr_2011  ,  3.784
8_Apr_2011  ,  3.747
7_Apr_2011  ,  3.685
6_Apr_2011  ,  3.692
5_Apr_2011  ,  3.655
4_Apr_2011  ,  3.651
1_Apr_2011  ,  3.664
31_Mar_2011  ,  3.649
30_Mar_2011  ,  3.648
29_Mar_2011  ,  3.605
28_Mar_2011  ,  3.607
25_Mar_2011  ,  3.569
24_Mar_2011  ,  3.561
23_Mar_2011  ,  3.565
22_Mar_2011  ,  3.573
21_Mar_2011  ,  3.546
18_Mar_2011  ,  3.506
17_Mar_2011  ,  3.483
16_Mar_2011  ,  3.4
15_Mar_2011  ,  3.449
14_Mar_2011  ,  3.536
11_Mar_2011  ,  3.522
10_Mar_2011  ,  3.555
9_Mar_2011  ,  3.602
8_Mar_2011  ,  3.478
7_Mar_2011  ,  3.461
4_Mar_2011  ,  3.456
3_Mar_2011  ,  3.489
2_Mar_2011  ,  3.386
1_Mar_2011  ,  3.408
28_Feb_2011  ,  3.362
25_Feb_2011  ,  3.344
24_Feb_2011  ,  3.362
23_Feb_2011  ,  3.319
22_Feb_2011  ,  3.331
21_Feb_2011  ,  3.367
18_Feb_2011  ,  3.45
17_Feb_2011  ,  3.376
16_Feb_2011  ,  3.44
15_Feb_2011  ,  3.501
14_Feb_2011  ,  3.493
11_Feb_2011  ,  3.46
10_Feb_2011  ,  3.494
9_Feb_2011  ,  3.506
8_Feb_2011  ,  3.444
7_Feb_2011  ,  3.445
4_Feb_2011  ,  3.484
3_Feb_2011  ,  3.396
2_Feb_2011  ,  3.422
1_Feb_2011  ,  3.39
31_Jan_2011  ,  3.327
28_Jan_2011  ,  3.363
27_Jan_2011  ,  3.38
26_Jan_2011  ,  3.349
25_Jan_2011  ,  3.303
24_Jan_2011  ,  3.325
21_Jan_2011  ,  3.31
20_Jan_2011  ,  3.324
19_Jan_2011  ,  3.27
18_Jan_2011  ,  3.31
17_Jan_2011  ,  3.231
14_Jan_2011  ,  3.209
13_Jan_2011  ,  3.228
12_Jan_2011  ,  3.231
11_Jan_2011  ,  3.137
10_Jan_2011  ,  3.112
7_Jan_2011  ,  3.112
6_Jan_2011  ,  3.146
5_Jan_2011  ,  3.136
4_Jan_2011  ,  3.109
3_Jan_2011  ,  3.147
31_Dec_2010  ,  3.144
30_Dec_2010  ,  3.179
29_Dec_2010  ,  3.211
28_Dec_2010  ,  3.164
27_Dec_2010  ,  3.229
24_Dec_2010  ,  3.154
23_Dec_2010  ,  3.173
22_Dec_2010  ,  3.141
21_Dec_2010  ,  3.163
20_Dec_2010  ,  3.16
17_Dec_2010  ,  3.248
16_Dec_2010  ,  3.28
15_Dec_2010  ,  3.241
14_Dec_2010  ,  3.237
13_Dec_2010  ,  3.201
10_Dec_2010  ,  3.149
9_Dec_2010  ,  3.141
8_Dec_2010  ,  3.219
7_Dec_2010  ,  3.15
6_Dec_2010  ,  3.08
3_Dec_2010  ,  3.099
2_Dec_2010  ,  3.077
1_Dec_2010  ,  3.022
30_Nov_2010  ,  2.962
29_Nov_2010  ,  3.055
26_Nov_2010  ,  2.966
25_Nov_2010  ,  2.954
24_Nov_2010  ,  2.886
23_Nov_2010  ,  2.803
22_Nov_2010  ,  2.879
19_Nov_2010  ,  2.933
18_Nov_2010  ,  2.934
17_Nov_2010  ,  2.834
16_Nov_2010  ,  2.838
15_Nov_2010  ,  2.782
12_Nov_2010  ,  2.759
11_Nov_2010  ,  2.669
10_Nov_2010  ,  2.683
9_Nov_2010  ,  2.644
8_Nov_2010  ,  2.627
5_Nov_2010  ,  2.638
4_Nov_2010  ,  2.618
3_Nov_2010  ,  2.648
2_Nov_2010  ,  2.677
1_Nov_2010  ,  2.684
29_Oct_2010  ,  2.728
28_Oct_2010  ,  2.77
27_Oct_2010  ,  2.788
26_Oct_2010  ,  2.724
25_Oct_2010  ,  2.665
22_Oct_2010  ,  2.707
21_Oct_2010  ,  2.695
20_Oct_2010  ,  2.663
19_Oct_2010  ,  2.624
18_Oct_2010  ,  2.58
15_Oct_2010  ,  2.572
14_Oct_2010  ,  2.508
13_Oct_2010  ,  2.513
12_Oct_2010  ,  2.457
11_Oct_2010  ,  2.474
8_Oct_2010  ,  2.471
7_Oct_2010  ,  2.523
6_Oct_2010  ,  2.46
5_Oct_2010  ,  2.529
4_Oct_2010  ,  2.476
1_Oct_2010  ,  2.501
30_Sep_2010  ,  2.516
29_Sep_2010  ,  2.468
28_Sep_2010  ,  2.469
27_Sep_2010  ,  2.512
24_Sep_2010  ,  2.572
23_Sep_2010  ,  2.495
22_Sep_2010  ,  2.561
21_Sep_2010  ,  2.647
20_Sep_2010  ,  2.691
17_Sep_2010  ,  2.642
16_Sep_2010  ,  2.676
15_Sep_2010  ,  2.594
14_Sep_2010  ,  2.554
13_Sep_2010  ,  2.618
10_Sep_2010  ,  2.559
9_Sep_2010  ,  2.491
8_Sep_2010  ,  2.471
7_Sep_2010  ,  2.459
6_Sep_2010  ,  2.533
3_Sep_2010  ,  2.507
2_Sep_2010  ,  2.417
1_Sep_2010  ,  2.393
31_Aug_2010  ,  2.292
30_Aug_2010  ,  2.317
27_Aug_2010  ,  2.349
26_Aug_2010  ,  2.353
25_Aug_2010  ,  2.325
24_Aug_2010  ,  2.375
23_Aug_2010  ,  2.456
20_Aug_2010  ,  2.456
19_Aug_2010  ,  2.485
18_Aug_2010  ,  2.519
17_Aug_2010  ,  2.575
16_Aug_2010  ,  2.553
13_Aug_2010  ,  2.611
12_Aug_2010  ,  2.63
11_Aug_2010  ,  2.63
10_Aug_2010  ,  2.733
9_Aug_2010  ,  2.703
6_Aug_2010  ,  2.702
5_Aug_2010  ,  2.754
4_Aug_2010  ,  2.798
3_Aug_2010  ,  2.818
2_Aug_2010  ,  2.905
30_Jul_2010  ,  2.891
29_Jul_2010  ,  2.928
28_Jul_2010  ,  2.938
27_Jul_2010  ,  2.949
26_Jul_2010  ,  2.937
23_Jul_2010  ,  2.897
22_Jul_2010  ,  2.868
21_Jul_2010  ,  2.861
20_Jul_2010  ,  2.855
19_Jul_2010  ,  2.863
16_Jul_2010  ,  2.837
15_Jul_2010  ,  2.847
14_Jul_2010  ,  2.847
13_Jul_2010  ,  2.826
12_Jul_2010  ,  2.809
9_Jul_2010  ,  2.845
8_Jul_2010  ,  2.81
7_Jul_2010  ,  2.81
6_Jul_2010  ,  2.797
5_Jul_2010  ,  2.768
2_Jul_2010  ,  2.788
1_Jul_2010  ,  2.778
30_Jun_2010  ,  2.816
29_Jun_2010  ,  2.822
28_Jun_2010  ,  2.877
25_Jun_2010  ,  2.873
24_Jun_2010  ,  2.869
23_Jun_2010  ,  2.902
22_Jun_2010  ,  2.928
21_Jun_2010  ,  2.97
18_Jun_2010  ,  2.974
17_Jun_2010  ,  2.925
16_Jun_2010  ,  2.932
15_Jun_2010  ,  2.961
14_Jun_2010  ,  2.914
11_Jun_2010  ,  2.855
10_Jun_2010  ,  2.908
9_Jun_2010  ,  2.854
8_Jun_2010  ,  2.914
7_Jun_2010  ,  2.941
4_Jun_2010  ,  2.905
3_Jun_2010  ,  2.945
2_Jun_2010  ,  2.892
1_Jun_2010  ,  2.896
31_May_2010  ,  2.871
28_May_2010  ,  2.922
27_May_2010  ,  2.936
26_May_2010  ,  2.89
25_May_2010  ,  2.817
24_May_2010  ,  2.879
21_May_2010  ,  2.895
20_May_2010  ,  2.914
19_May_2010  ,  2.983
18_May_2010  ,  3.053
17_May_2010  ,  3.079
14_May_2010  ,  3.066
13_May_2010  ,  3.14
12_May_2010  ,  3.149
11_May_2010  ,  3.164
10_May_2010  ,  3.149
7_May_2010  ,  3.022
6_May_2010  ,  3.037
5_May_2010  ,  3.065
4_May_2010  ,  3.158
3_May_2010  ,  3.278
30_Apr_2010  ,  3.252
29_Apr_2010  ,  3.285
28_Apr_2010  ,  3.277
27_Apr_2010  ,  3.279
26_Apr_2010  ,  3.303
