26_Jun_2018  ,  5.38
25_Jun_2018  ,  4.957
23_Jun_2018  ,  4.903
22_Jun_2018  ,  4.903
21_Jun_2018  ,  4.817
20_Jun_2018  ,  4.82
19_Jun_2018  ,  4.82
18_Jun_2018  ,  4.82
17_Jun_2018  ,  4.823
16_Jun_2018  ,  4.803
15_Jun_2018  ,  4.823
14_Jun_2018  ,  4.803
13_Jun_2018  ,  4.827
12_Jun_2018  ,  4.807
11_Jun_2018  ,  4.827
9_Jun_2018  ,  4.95
8_Jun_2018  ,  4.827
7_Jun_2018  ,  4.827
6_Jun_2018  ,  4.817
5_Jun_2018  ,  4.823
4_Jun_2018  ,  4.77
3_Jun_2018  ,  4.74
1_Jun_2018  ,  4.72
31_May_2018  ,  4.74
30_May_2018  ,  4.72
29_May_2018  ,  4.677
28_May_2018  ,  4.85
27_May_2018  ,  4.78
25_May_2018  ,  4.78
24_May_2018  ,  4.8
23_May_2018  ,  4.75
22_May_2018  ,  4.84
21_May_2018  ,  4.83
20_May_2018  ,  4.9
18_May_2018  ,  4.82
17_May_2018  ,  4.83
16_May_2018  ,  4.653
15_May_2018  ,  4.603
14_May_2018  ,  4.72
13_May_2018  ,  4.81
11_May_2018  ,  4.71
10_May_2018  ,  4.73
9_May_2018  ,  4.72
8_May_2018  ,  4.75
7_May_2018  ,  4.64
4_May_2018  ,  4.58
3_May_2018  ,  4.59
2_May_2018  ,  4.53
1_May_2018  ,  4.6
30_Apr_2018  ,  4.52
27_Apr_2018  ,  4.52
26_Apr_2018  ,  4.48
25_Apr_2018  ,  4.56
24_Apr_2018  ,  4.53
23_Apr_2018  ,  4.47
20_Apr_2018  ,  4.47
19_Apr_2018  ,  4.4
18_Apr_2018  ,  4.36
17_Apr_2018  ,  4.36
16_Apr_2018  ,  4.48
14_Apr_2018  ,  4.471
13_Apr_2018  ,  4.31
12_Apr_2018  ,  4.36
11_Apr_2018  ,  4.37
10_Apr_2018  ,  4.37
9_Apr_2018  ,  4.46
6_Apr_2018  ,  4.37
5_Apr_2018  ,  4.32
4_Apr_2018  ,  4.34
3_Apr_2018  ,  4.35
30_Mar_2018  ,  4.36
29_Mar_2018  ,  4.36
28_Mar_2018  ,  4.37
27_Mar_2018  ,  4.37
26_Mar_2018  ,  4.36
24_Mar_2018  ,  4.35
23_Mar_2018  ,  4.35
22_Mar_2018  ,  4.35
21_Mar_2018  ,  4.37
20_Mar_2018  ,  4.35
19_Mar_2018  ,  4.52
16_Mar_2018  ,  4.38
15_Mar_2018  ,  4.44
14_Mar_2018  ,  4.45
13_Mar_2018  ,  4.46
12_Mar_2018  ,  4.47
9_Mar_2018  ,  4.5
8_Mar_2018  ,  4.5
7_Mar_2018  ,  4.47
6_Mar_2018  ,  4.47
5_Mar_2018  ,  4.48
2_Mar_2018  ,  4.46
1_Mar_2018  ,  4.37
28_Feb_2018  ,  4.36
27_Feb_2018  ,  4.4
26_Feb_2018  ,  4.4
23_Feb_2018  ,  4.45
22_Feb_2018  ,  4.45
21_Feb_2018  ,  4.45
20_Feb_2018  ,  4.47
19_Feb_2018  ,  4.47
18_Feb_2018  ,  4.64
16_Feb_2018  ,  4.46
15_Feb_2018  ,  4.55
14_Feb_2018  ,  4.45
13_Feb_2018  ,  4.5
12_Feb_2018  ,  4.49
9_Feb_2018  ,  4.43
8_Feb_2018  ,  4.43
7_Feb_2018  ,  4.42
6_Feb_2018  ,  4.44
5_Feb_2018  ,  4.42
2_Feb_2018  ,  4.39
1_Feb_2018  ,  4.34
31_Jan_2018  ,  4.34
30_Jan_2018  ,  4.36
29_Jan_2018  ,  4.35
26_Jan_2018  ,  4.26
25_Jan_2018  ,  4.2
24_Jan_2018  ,  4.21
23_Jan_2018  ,  4.21
22_Jan_2018  ,  4.22
19_Jan_2018  ,  4.2
18_Jan_2018  ,  4.1
17_Jan_2018  ,  4.11
16_Jan_2018  ,  4.11
15_Jan_2018  ,  4.1
12_Jan_2018  ,  4.12
11_Jan_2018  ,  4.12
10_Jan_2018  ,  4.15
9_Jan_2018  ,  4.17
8_Jan_2018  ,  4.19
7_Jan_2018  ,  4.16
5_Jan_2018  ,  4.16
4_Jan_2018  ,  4.21
3_Jan_2018  ,  4.22
2_Jan_2018  ,  4.219
1_Jan_2018  ,  4.199
29_Dec_2017  ,  4.219
28_Dec_2017  ,  4.199
27_Dec_2017  ,  4.21
26_Dec_2017  ,  4.23
25_Dec_2017  ,  4.26
22_Dec_2017  ,  4.23
21_Dec_2017  ,  4.26
20_Dec_2017  ,  4.25
19_Dec_2017  ,  4.25
18_Dec_2017  ,  4.29
16_Dec_2017  ,  4.411
15_Dec_2017  ,  4.24
14_Dec_2017  ,  4.23
13_Dec_2017  ,  4.29
12_Dec_2017  ,  4.31
11_Dec_2017  ,  4.35
8_Dec_2017  ,  4.34
7_Dec_2017  ,  4.26
6_Dec_2017  ,  4.32
5_Dec_2017  ,  4.47
4_Dec_2017  ,  4.47
2_Dec_2017  ,  4.58
1_Dec_2017  ,  4.469
30_Nov_2017  ,  4.58
29_Nov_2017  ,  4.469
28_Nov_2017  ,  4.469
27_Nov_2017  ,  4.38
24_Nov_2017  ,  4.39
23_Nov_2017  ,  4.43
22_Nov_2017  ,  4.44
21_Nov_2017  ,  4.48
20_Nov_2017  ,  4.47
17_Nov_2017  ,  4.5
16_Nov_2017  ,  4.45
15_Nov_2017  ,  4.5
14_Nov_2017  ,  4.5
13_Nov_2017  ,  4.35
10_Nov_2017  ,  4.29
9_Nov_2017  ,  4.24
8_Nov_2017  ,  4.2
7_Nov_2017  ,  4.18
6_Nov_2017  ,  4.19
3_Nov_2017  ,  4.21
2_Nov_2017  ,  4.2
1_Nov_2017  ,  4.19
31_Oct_2017  ,  4.18
30_Oct_2017  ,  4.21
29_Oct_2017  ,  4.44
27_Oct_2017  ,  4.24
26_Oct_2017  ,  4.23
25_Oct_2017  ,  4.21
24_Oct_2017  ,  4.19
23_Oct_2017  ,  4.14
22_Oct_2017  ,  4.32
20_Oct_2017  ,  4.11
19_Oct_2017  ,  4.07
18_Oct_2017  ,  4.08
17_Oct_2017  ,  4.13
16_Oct_2017  ,  4.15
13_Oct_2017  ,  4.15
12_Oct_2017  ,  4.1
11_Oct_2017  ,  4.1
10_Oct_2017  ,  4.1
9_Oct_2017  ,  4.1
6_Oct_2017  ,  3.95
5_Oct_2017  ,  3.92
4_Oct_2017  ,  3.9
3_Oct_2017  ,  3.92
2_Oct_2017  ,  3.99
29_Sep_2017  ,  4.0
28_Sep_2017  ,  4.0
27_Sep_2017  ,  3.94
26_Sep_2017  ,  3.86
25_Sep_2017  ,  3.81
22_Sep_2017  ,  3.8
21_Sep_2017  ,  3.78
20_Sep_2017  ,  3.76
19_Sep_2017  ,  3.76
18_Sep_2017  ,  3.77
15_Sep_2017  ,  3.77
14_Sep_2017  ,  3.78
13_Sep_2017  ,  3.77
12_Sep_2017  ,  3.77
11_Sep_2017  ,  3.78
8_Sep_2017  ,  3.79
7_Sep_2017  ,  3.79
6_Sep_2017  ,  3.79
5_Sep_2017  ,  3.79
4_Sep_2017  ,  3.79
1_Sep_2017  ,  3.79
31_Aug_2017  ,  3.8
30_Aug_2017  ,  3.79
29_Aug_2017  ,  3.79
28_Aug_2017  ,  3.85
25_Aug_2017  ,  3.79
24_Aug_2017  ,  3.81
23_Aug_2017  ,  3.8
22_Aug_2017  ,  3.79
21_Aug_2017  ,  3.85
18_Aug_2017  ,  3.86
17_Aug_2017  ,  3.86
16_Aug_2017  ,  3.88
15_Aug_2017  ,  3.96
14_Aug_2017  ,  3.84
11_Aug_2017  ,  3.81
10_Aug_2017  ,  3.78
9_Aug_2017  ,  3.78
8_Aug_2017  ,  3.77
7_Aug_2017  ,  3.71
6_Aug_2017  ,  3.9
4_Aug_2017  ,  3.72
3_Aug_2017  ,  3.72
2_Aug_2017  ,  3.74
1_Aug_2017  ,  3.74
31_Jul_2017  ,  3.74
28_Jul_2017  ,  3.74
27_Jul_2017  ,  3.73
26_Jul_2017  ,  3.73
25_Jul_2017  ,  3.69
24_Jul_2017  ,  3.69
21_Jul_2017  ,  3.68
20_Jul_2017  ,  3.75
19_Jul_2017  ,  3.69
18_Jul_2017  ,  3.7
17_Jul_2017  ,  3.72
16_Jul_2017  ,  3.92
14_Jul_2017  ,  3.74
13_Jul_2017  ,  3.73
12_Jul_2017  ,  3.76
11_Jul_2017  ,  3.8
10_Jul_2017  ,  3.87
7_Jul_2017  ,  3.92
6_Jul_2017  ,  3.95
5_Jul_2017  ,  3.94
4_Jul_2017  ,  3.97
3_Jul_2017  ,  3.8
2_Jul_2017  ,  3.98
1_Jul_2017  ,  3.981
30_Jun_2017  ,  3.85
29_Jun_2017  ,  3.6
28_Jun_2017  ,  3.7
27_Jun_2017  ,  3.6
26_Jun_2017  ,  3.57
25_Jun_2017  ,  3.781
23_Jun_2017  ,  3.66
22_Jun_2017  ,  3.67
21_Jun_2017  ,  3.6
20_Jun_2017  ,  3.67
19_Jun_2017  ,  3.6
16_Jun_2017  ,  3.61
15_Jun_2017  ,  3.6
14_Jun_2017  ,  3.61
13_Jun_2017  ,  3.64
12_Jun_2017  ,  3.63
9_Jun_2017  ,  3.61
8_Jun_2017  ,  3.6
7_Jun_2017  ,  3.6
6_Jun_2017  ,  3.64
5_Jun_2017  ,  3.69
2_Jun_2017  ,  3.69
1_Jun_2017  ,  3.713
31_May_2017  ,  3.652
30_May_2017  ,  3.61
29_May_2017  ,  3.61
26_May_2017  ,  3.62
25_May_2017  ,  3.58
24_May_2017  ,  3.66
23_May_2017  ,  3.63
22_May_2017  ,  3.63
19_May_2017  ,  3.61
18_May_2017  ,  3.59
17_May_2017  ,  3.71
16_May_2017  ,  3.64
15_May_2017  ,  3.7
12_May_2017  ,  3.66
11_May_2017  ,  3.79
10_May_2017  ,  3.81
9_May_2017  ,  3.82
8_May_2017  ,  3.82
7_May_2017  ,  3.95
5_May_2017  ,  3.71
4_May_2017  ,  3.87
3_May_2017  ,  3.71
2_May_2017  ,  3.85
28_Apr_2017  ,  3.84
27_Apr_2017  ,  3.82
26_Apr_2017  ,  3.7
25_Apr_2017  ,  3.76
24_Apr_2017  ,  3.74
22_Apr_2017  ,  3.881
21_Apr_2017  ,  3.7
20_Apr_2017  ,  3.7
19_Apr_2017  ,  3.64
18_Apr_2017  ,  3.69
17_Apr_2017  ,  3.89
13_Apr_2017  ,  3.71
12_Apr_2017  ,  3.74
11_Apr_2017  ,  3.66
10_Apr_2017  ,  3.77
7_Apr_2017  ,  3.69
6_Apr_2017  ,  3.71
5_Apr_2017  ,  3.84
4_Apr_2017  ,  3.71
3_Apr_2017  ,  3.8
31_Mar_2017  ,  3.84
30_Mar_2017  ,  3.85
29_Mar_2017  ,  3.84
28_Mar_2017  ,  3.89
27_Mar_2017  ,  3.9
26_Mar_2017  ,  4.01
24_Mar_2017  ,  3.85
23_Mar_2017  ,  3.85
22_Mar_2017  ,  3.95
21_Mar_2017  ,  3.94
20_Mar_2017  ,  3.95
18_Mar_2017  ,  4.101
17_Mar_2017  ,  3.93
16_Mar_2017  ,  3.99
15_Mar_2017  ,  4.05
14_Mar_2017  ,  3.98
13_Mar_2017  ,  4.05
10_Mar_2017  ,  4.04
9_Mar_2017  ,  4.04
8_Mar_2017  ,  3.97
7_Mar_2017  ,  3.68
6_Mar_2017  ,  3.71
3_Mar_2017  ,  3.71
2_Mar_2017  ,  3.69
1_Mar_2017  ,  3.57
28_Feb_2017  ,  3.64
27_Feb_2017  ,  3.61
24_Feb_2017  ,  3.61
23_Feb_2017  ,  3.63
22_Feb_2017  ,  3.58
21_Feb_2017  ,  3.422
20_Feb_2017  ,  3.57
17_Feb_2017  ,  3.442
16_Feb_2017  ,  3.352
15_Feb_2017  ,  3.302
14_Feb_2017  ,  3.56
13_Feb_2017  ,  3.55
10_Feb_2017  ,  3.52
9_Feb_2017  ,  3.252
8_Feb_2017  ,  3.6
7_Feb_2017  ,  3.57
6_Feb_2017  ,  3.61
3_Feb_2017  ,  3.61
2_Feb_2017  ,  3.69
1_Feb_2017  ,  3.76
31_Jan_2017  ,  3.7
30_Jan_2017  ,  3.51
27_Jan_2017  ,  3.57
26_Jan_2017  ,  3.51
25_Jan_2017  ,  3.49
24_Jan_2017  ,  3.5
23_Jan_2017  ,  3.41
20_Jan_2017  ,  3.42
19_Jan_2017  ,  3.39
18_Jan_2017  ,  3.41
17_Jan_2017  ,  3.35
16_Jan_2017  ,  3.37
13_Jan_2017  ,  3.51
12_Jan_2017  ,  3.45
11_Jan_2017  ,  3.4
10_Jan_2017  ,  3.35
9_Jan_2017  ,  3.42
6_Jan_2017  ,  3.34
5_Jan_2017  ,  3.38
4_Jan_2017  ,  3.42
3_Jan_2017  ,  3.42
2_Jan_2017  ,  3.51
30_Dec_2016  ,  3.37
29_Dec_2016  ,  3.44
28_Dec_2016  ,  3.49
27_Dec_2016  ,  3.56
23_Dec_2016  ,  3.57
22_Dec_2016  ,  3.58
21_Dec_2016  ,  3.61
20_Dec_2016  ,  3.63
19_Dec_2016  ,  3.63
16_Dec_2016  ,  3.64
15_Dec_2016  ,  3.65
14_Dec_2016  ,  3.52
13_Dec_2016  ,  3.47
12_Dec_2016  ,  3.49
9_Dec_2016  ,  3.48
8_Dec_2016  ,  3.48
7_Dec_2016  ,  3.46
6_Dec_2016  ,  3.45
5_Dec_2016  ,  3.451
2_Dec_2016  ,  3.45
1_Dec_2016  ,  3.47
30_Nov_2016  ,  3.48
29_Nov_2016  ,  3.34
28_Nov_2016  ,  3.39
25_Nov_2016  ,  3.45
24_Nov_2016  ,  3.41
23_Nov_2016  ,  3.4
22_Nov_2016  ,  3.38
21_Nov_2016  ,  3.45
18_Nov_2016  ,  3.48
17_Nov_2016  ,  3.4
16_Nov_2016  ,  3.41
15_Nov_2016  ,  3.41
14_Nov_2016  ,  3.46
11_Nov_2016  ,  3.32
10_Nov_2016  ,  3.2
9_Nov_2016  ,  3.08
8_Nov_2016  ,  3.06
7_Nov_2016  ,  3.04
4_Nov_2016  ,  3.05
3_Nov_2016  ,  3.01
2_Nov_2016  ,  3.05
1_Nov_2016  ,  3.0
31_Oct_2016  ,  3.0
28_Oct_2016  ,  2.821
27_Oct_2016  ,  2.98
26_Oct_2016  ,  2.94
25_Oct_2016  ,  2.94
24_Oct_2016  ,  2.92
21_Oct_2016  ,  2.92
20_Oct_2016  ,  2.97
19_Oct_2016  ,  2.97
18_Oct_2016  ,  3.02
17_Oct_2016  ,  3.01
15_Oct_2016  ,  3.021
14_Oct_2016  ,  2.98
13_Oct_2016  ,  2.96
12_Oct_2016  ,  2.95
11_Oct_2016  ,  2.94
10_Oct_2016  ,  2.95
8_Oct_2016  ,  3.021
7_Oct_2016  ,  2.9
6_Oct_2016  ,  2.691
5_Oct_2016  ,  2.801
4_Oct_2016  ,  2.781
3_Oct_2016  ,  2.771
1_Oct_2016  ,  2.9
30_Sep_2016  ,  2.761
29_Sep_2016  ,  2.75
28_Sep_2016  ,  2.75
27_Sep_2016  ,  2.721
26_Sep_2016  ,  2.821
25_Sep_2016  ,  2.94
24_Sep_2016  ,  2.961
23_Sep_2016  ,  2.89
22_Sep_2016  ,  2.89
21_Sep_2016  ,  2.89
20_Sep_2016  ,  2.861
19_Sep_2016  ,  2.911
17_Sep_2016  ,  3.041
16_Sep_2016  ,  2.931
15_Sep_2016  ,  2.921
14_Sep_2016  ,  2.881
13_Sep_2016  ,  2.941
12_Sep_2016  ,  2.98
11_Sep_2016  ,  2.98
10_Sep_2016  ,  2.871
9_Sep_2016  ,  2.871
8_Sep_2016  ,  2.831
7_Sep_2016  ,  2.881
6_Sep_2016  ,  2.881
5_Sep_2016  ,  2.881
3_Sep_2016  ,  2.81
2_Sep_2016  ,  2.81
1_Sep_2016  ,  2.91
31_Aug_2016  ,  2.8
30_Aug_2016  ,  2.781
29_Aug_2016  ,  2.781
28_Aug_2016  ,  2.89
27_Aug_2016  ,  2.931
26_Aug_2016  ,  2.711
25_Aug_2016  ,  2.79
24_Aug_2016  ,  2.79
23_Aug_2016  ,  2.78
22_Aug_2016  ,  2.78
19_Aug_2016  ,  2.79
18_Aug_2016  ,  2.8
17_Aug_2016  ,  2.83
16_Aug_2016  ,  2.82
15_Aug_2016  ,  2.93
14_Aug_2016  ,  2.93
13_Aug_2016  ,  2.93
12_Aug_2016  ,  2.819
11_Aug_2016  ,  2.819
10_Aug_2016  ,  2.95
9_Aug_2016  ,  3.02
8_Aug_2016  ,  2.96
6_Aug_2016  ,  3.081
5_Aug_2016  ,  2.96
4_Aug_2016  ,  3.05
3_Aug_2016  ,  2.961
2_Aug_2016  ,  2.871
1_Aug_2016  ,  2.951
29_Jul_2016  ,  3.051
28_Jul_2016  ,  3.131
27_Jul_2016  ,  3.171
26_Jul_2016  ,  3.181
25_Jul_2016  ,  3.191
22_Jul_2016  ,  3.09
21_Jul_2016  ,  3.161
20_Jul_2016  ,  3.151
19_Jul_2016  ,  3.141
18_Jul_2016  ,  3.081
15_Jul_2016  ,  3.081
14_Jul_2016  ,  3.071
13_Jul_2016  ,  3.121
12_Jul_2016  ,  3.19
11_Jul_2016  ,  3.14
10_Jul_2016  ,  3.301
8_Jul_2016  ,  3.111
7_Jul_2016  ,  3.161
6_Jul_2016  ,  3.201
5_Jul_2016  ,  3.211
4_Jul_2016  ,  3.231
3_Jul_2016  ,  3.391
1_Jul_2016  ,  3.28
30_Jun_2016  ,  3.4
29_Jun_2016  ,  3.431
28_Jun_2016  ,  3.431
27_Jun_2016  ,  3.6
24_Jun_2016  ,  3.581
23_Jun_2016  ,  3.5
22_Jun_2016  ,  3.54
21_Jun_2016  ,  3.54
20_Jun_2016  ,  3.55
17_Jun_2016  ,  3.55
16_Jun_2016  ,  3.55
15_Jun_2016  ,  3.55
14_Jun_2016  ,  3.535
13_Jun_2016  ,  3.44
10_Jun_2016  ,  3.449
9_Jun_2016  ,  3.439
8_Jun_2016  ,  3.5
7_Jun_2016  ,  3.507
6_Jun_2016  ,  3.507
5_Jun_2016  ,  3.53
4_Jun_2016  ,  3.53
3_Jun_2016  ,  3.53
2_Jun_2016  ,  3.53
1_Jun_2016  ,  3.53
31_May_2016  ,  3.53
30_May_2016  ,  3.52
28_May_2016  ,  3.52
27_May_2016  ,  3.52
26_May_2016  ,  3.52
25_May_2016  ,  3.549
24_May_2016  ,  3.5
23_May_2016  ,  3.51
21_May_2016  ,  3.52
20_May_2016  ,  3.52
19_May_2016  ,  3.47
18_May_2016  ,  3.45
17_May_2016  ,  3.46
16_May_2016  ,  3.549
14_May_2016  ,  3.55
13_May_2016  ,  3.55
12_May_2016  ,  3.55
11_May_2016  ,  3.5
10_May_2016  ,  3.486
9_May_2016  ,  3.52
7_May_2016  ,  3.53
6_May_2016  ,  3.53
5_May_2016  ,  3.53
4_May_2016  ,  3.509
3_May_2016  ,  3.54
2_May_2016  ,  3.57
30_Apr_2016  ,  3.57
29_Apr_2016  ,  3.57
28_Apr_2016  ,  3.57
27_Apr_2016  ,  3.54
26_Apr_2016  ,  3.5
25_Apr_2016  ,  3.549
23_Apr_2016  ,  3.49
22_Apr_2016  ,  3.49
21_Apr_2016  ,  3.45
20_Apr_2016  ,  3.44
19_Apr_2016  ,  3.4
18_Apr_2016  ,  3.38
16_Apr_2016  ,  3.45
15_Apr_2016  ,  3.45
14_Apr_2016  ,  3.31
13_Apr_2016  ,  3.24
12_Apr_2016  ,  3.24
11_Apr_2016  ,  3.24
9_Apr_2016  ,  3.24
8_Apr_2016  ,  3.24
7_Apr_2016  ,  3.3
6_Apr_2016  ,  3.328
5_Apr_2016  ,  3.29
4_Apr_2016  ,  3.313
2_Apr_2016  ,  3.338
1_Apr_2016  ,  3.288
31_Mar_2016  ,  3.288
30_Mar_2016  ,  3.298
29_Mar_2016  ,  3.32
28_Mar_2016  ,  3.35
26_Mar_2016  ,  3.45
25_Mar_2016  ,  3.348
24_Mar_2016  ,  3.348
23_Mar_2016  ,  3.298
22_Mar_2016  ,  3.303
21_Mar_2016  ,  3.269
19_Mar_2016  ,  3.259
18_Mar_2016  ,  3.259
17_Mar_2016  ,  3.254
16_Mar_2016  ,  3.284
15_Mar_2016  ,  3.25
14_Mar_2016  ,  3.249
12_Mar_2016  ,  3.359
11_Mar_2016  ,  3.279
10_Mar_2016  ,  3.27
9_Mar_2016  ,  3.309
8_Mar_2016  ,  3.3
7_Mar_2016  ,  3.309
4_Mar_2016  ,  3.379
3_Mar_2016  ,  3.399
2_Mar_2016  ,  3.399
1_Mar_2016  ,  3.319
29_Feb_2016  ,  3.3
27_Feb_2016  ,  3.4
26_Feb_2016  ,  3.35
25_Feb_2016  ,  3.37
24_Feb_2016  ,  3.3
23_Feb_2016  ,  3.31
22_Feb_2016  ,  3.35
20_Feb_2016  ,  3.395
19_Feb_2016  ,  3.335
18_Feb_2016  ,  3.32
17_Feb_2016  ,  3.25
16_Feb_2016  ,  3.23
15_Feb_2016  ,  3.24
14_Feb_2016  ,  3.33
13_Feb_2016  ,  3.33
12_Feb_2016  ,  3.25
11_Feb_2016  ,  3.29
10_Feb_2016  ,  3.275
9_Feb_2016  ,  3.25
8_Feb_2016  ,  3.17
6_Feb_2016  ,  3.298
5_Feb_2016  ,  3.2
4_Feb_2016  ,  3.198
3_Feb_2016  ,  3.2
2_Feb_2016  ,  3.249
1_Feb_2016  ,  3.315
30_Jan_2016  ,  3.565
29_Jan_2016  ,  3.485
28_Jan_2016  ,  3.495
27_Jan_2016  ,  3.495
26_Jan_2016  ,  3.505
25_Jan_2016  ,  3.45
23_Jan_2016  ,  3.51
22_Jan_2016  ,  3.51
21_Jan_2016  ,  3.51
20_Jan_2016  ,  3.51
19_Jan_2016  ,  3.6
18_Jan_2016  ,  3.55
16_Jan_2016  ,  3.6
15_Jan_2016  ,  3.54
14_Jan_2016  ,  3.55
13_Jan_2016  ,  3.54
12_Jan_2016  ,  3.521
11_Jan_2016  ,  3.541
10_Jan_2016  ,  3.765
9_Jan_2016  ,  3.765
8_Jan_2016  ,  3.685
7_Jan_2016  ,  3.685
6_Jan_2016  ,  3.68
5_Jan_2016  ,  3.74
4_Jan_2016  ,  3.685
2_Jan_2016  ,  3.765
1_Jan_2016  ,  3.765
31_Dec_2015  ,  3.685
30_Dec_2015  ,  3.685
29_Dec_2015  ,  3.685
28_Dec_2015  ,  3.685
26_Dec_2015  ,  3.765
25_Dec_2015  ,  3.765
24_Dec_2015  ,  3.685
23_Dec_2015  ,  3.67
22_Dec_2015  ,  3.67
21_Dec_2015  ,  3.66
19_Dec_2015  ,  3.84
18_Dec_2015  ,  3.67
17_Dec_2015  ,  3.71
16_Dec_2015  ,  3.69
15_Dec_2015  ,  3.77
14_Dec_2015  ,  3.67
12_Dec_2015  ,  3.88
11_Dec_2015  ,  3.63
10_Dec_2015  ,  3.6
9_Dec_2015  ,  3.58
8_Dec_2015  ,  3.67
7_Dec_2015  ,  3.661
6_Dec_2015  ,  3.74
5_Dec_2015  ,  3.74
4_Dec_2015  ,  3.58
3_Dec_2015  ,  3.51
2_Dec_2015  ,  3.44
1_Dec_2015  ,  3.59
30_Nov_2015  ,  3.45
28_Nov_2015  ,  3.59
27_Nov_2015  ,  3.45
26_Nov_2015  ,  3.42
25_Nov_2015  ,  3.44
24_Nov_2015  ,  3.48
23_Nov_2015  ,  3.48
22_Nov_2015  ,  3.61
21_Nov_2015  ,  3.61
20_Nov_2015  ,  3.5
19_Nov_2015  ,  3.45
18_Nov_2015  ,  3.48
17_Nov_2015  ,  3.41
16_Nov_2015  ,  3.43
14_Nov_2015  ,  3.57
13_Nov_2015  ,  3.41
12_Nov_2015  ,  3.4
11_Nov_2015  ,  3.4
10_Nov_2015  ,  3.5
9_Nov_2015  ,  3.561
7_Nov_2015  ,  3.4
6_Nov_2015  ,  3.4
5_Nov_2015  ,  3.45
4_Nov_2015  ,  3.45
3_Nov_2015  ,  3.46
2_Nov_2015  ,  3.46
31_Oct_2015  ,  3.5
30_Oct_2015  ,  3.36
29_Oct_2015  ,  3.4
28_Oct_2015  ,  3.31
27_Oct_2015  ,  3.29
26_Oct_2015  ,  3.341
24_Oct_2015  ,  3.371
23_Oct_2015  ,  3.371
22_Oct_2015  ,  3.4
21_Oct_2015  ,  3.4
20_Oct_2015  ,  3.4
19_Oct_2015  ,  3.4
18_Oct_2015  ,  3.501
17_Oct_2015  ,  3.501
16_Oct_2015  ,  3.391
15_Oct_2015  ,  3.35
14_Oct_2015  ,  3.35
13_Oct_2015  ,  3.34
12_Oct_2015  ,  3.391
11_Oct_2015  ,  3.501
10_Oct_2015  ,  3.501
9_Oct_2015  ,  3.4
8_Oct_2015  ,  3.35
7_Oct_2015  ,  3.4
6_Oct_2015  ,  3.4
5_Oct_2015  ,  3.45
3_Oct_2015  ,  3.56
2_Oct_2015  ,  3.4
1_Oct_2015  ,  3.55
30_Sep_2015  ,  3.54
29_Sep_2015  ,  3.56
28_Sep_2015  ,  3.591
27_Sep_2015  ,  3.76
26_Sep_2015  ,  3.75
25_Sep_2015  ,  3.56
24_Sep_2015  ,  3.6
23_Sep_2015  ,  3.62
22_Sep_2015  ,  3.73
21_Sep_2015  ,  3.67
19_Sep_2015  ,  3.79
18_Sep_2015  ,  3.62
17_Sep_2015  ,  3.79
16_Sep_2015  ,  3.76
15_Sep_2015  ,  3.671
14_Sep_2015  ,  3.69
12_Sep_2015  ,  3.69
11_Sep_2015  ,  3.69
10_Sep_2015  ,  3.64
9_Sep_2015  ,  3.73
8_Sep_2015  ,  3.64
7_Sep_2015  ,  3.671
6_Sep_2015  ,  3.85
5_Sep_2015  ,  3.86
4_Sep_2015  ,  3.69
3_Sep_2015  ,  3.69
2_Sep_2015  ,  3.74
1_Sep_2015  ,  3.751
31_Aug_2015  ,  3.7
29_Aug_2015  ,  3.86
28_Aug_2015  ,  3.69
27_Aug_2015  ,  3.69
26_Aug_2015  ,  3.64
25_Aug_2015  ,  3.64
24_Aug_2015  ,  3.6
22_Aug_2015  ,  3.54
21_Aug_2015  ,  3.54
20_Aug_2015  ,  3.59
19_Aug_2015  ,  3.6
18_Aug_2015  ,  3.6
17_Aug_2015  ,  3.6
15_Aug_2015  ,  3.581
14_Aug_2015  ,  3.581
13_Aug_2015  ,  3.6
12_Aug_2015  ,  3.64
11_Aug_2015  ,  3.77
10_Aug_2015  ,  3.76
8_Aug_2015  ,  3.74
7_Aug_2015  ,  3.74
6_Aug_2015  ,  3.79
5_Aug_2015  ,  3.78
4_Aug_2015  ,  3.761
3_Aug_2015  ,  3.761
2_Aug_2015  ,  3.741
1_Aug_2015  ,  3.751
31_Jul_2015  ,  3.741
30_Jul_2015  ,  3.751
29_Jul_2015  ,  3.711
28_Jul_2015  ,  3.691
27_Jul_2015  ,  3.69
25_Jul_2015  ,  3.6
24_Jul_2015  ,  3.6
23_Jul_2015  ,  3.73
22_Jul_2015  ,  3.77
21_Jul_2015  ,  3.831
20_Jul_2015  ,  3.84
18_Jul_2015  ,  3.95
17_Jul_2015  ,  3.85
16_Jul_2015  ,  3.901
15_Jul_2015  ,  3.95
14_Jul_2015  ,  3.95
13_Jul_2015  ,  3.95
11_Jul_2015  ,  4.0
10_Jul_2015  ,  4.0
9_Jul_2015  ,  4.15
8_Jul_2015  ,  4.1
7_Jul_2015  ,  4.1
6_Jul_2015  ,  4.01
4_Jul_2015  ,  4.21
3_Jul_2015  ,  4.21
2_Jul_2015  ,  4.27
1_Jul_2015  ,  4.18
30_Jun_2015  ,  4.051
29_Jun_2015  ,  4.21
27_Jun_2015  ,  3.9
26_Jun_2015  ,  3.9
25_Jun_2015  ,  3.9
24_Jun_2015  ,  3.85
23_Jun_2015  ,  3.85
22_Jun_2015  ,  3.98
21_Jun_2015  ,  4.31
20_Jun_2015  ,  4.3
19_Jun_2015  ,  4.31
18_Jun_2015  ,  4.3
17_Jun_2015  ,  4.171
16_Jun_2015  ,  3.85
15_Jun_2015  ,  3.85
13_Jun_2015  ,  3.89
12_Jun_2015  ,  3.89
11_Jun_2015  ,  3.88
10_Jun_2015  ,  3.861
9_Jun_2015  ,  3.8
8_Jun_2015  ,  3.8
7_Jun_2015  ,  3.92
6_Jun_2015  ,  3.6
5_Jun_2015  ,  3.6
4_Jun_2015  ,  3.671
3_Jun_2015  ,  3.5
2_Jun_2015  ,  3.491
1_Jun_2015  ,  3.56
30_May_2015  ,  3.56
29_May_2015  ,  3.451
28_May_2015  ,  3.44
27_May_2015  ,  3.44
26_May_2015  ,  3.47
25_May_2015  ,  3.45
23_May_2015  ,  3.43
22_May_2015  ,  3.43
21_May_2015  ,  3.461
20_May_2015  ,  3.471
19_May_2015  ,  3.51
18_May_2015  ,  3.592
16_May_2015  ,  3.6
15_May_2015  ,  3.6
14_May_2015  ,  3.55
13_May_2015  ,  3.53
12_May_2015  ,  3.562
11_May_2015  ,  3.511
9_May_2015  ,  3.481
8_May_2015  ,  3.481
7_May_2015  ,  3.501
6_May_2015  ,  3.391
5_May_2015  ,  3.361
4_May_2015  ,  3.382
2_May_2015  ,  3.44
1_May_2015  ,  3.44
30_Apr_2015  ,  3.35
29_Apr_2015  ,  3.321
28_Apr_2015  ,  3.3
27_Apr_2015  ,  3.3
25_Apr_2015  ,  3.3
24_Apr_2015  ,  3.3
23_Apr_2015  ,  3.322
22_Apr_2015  ,  3.322
21_Apr_2015  ,  3.3
20_Apr_2015  ,  3.25
18_Apr_2015  ,  3.191
17_Apr_2015  ,  3.191
16_Apr_2015  ,  3.151
15_Apr_2015  ,  3.131
14_Apr_2015  ,  3.111
13_Apr_2015  ,  3.14
11_Apr_2015  ,  3.13
10_Apr_2015  ,  3.14
9_Apr_2015  ,  3.13
8_Apr_2015  ,  3.201
7_Apr_2015  ,  3.26
6_Apr_2015  ,  3.201
4_Apr_2015  ,  3.221
3_Apr_2015  ,  3.221
2_Apr_2015  ,  3.251
1_Apr_2015  ,  3.241
31_Mar_2015  ,  3.16
30_Mar_2015  ,  3.24
28_Mar_2015  ,  3.2
27_Mar_2015  ,  3.2
26_Mar_2015  ,  3.2
25_Mar_2015  ,  3.25
24_Mar_2015  ,  3.121
23_Mar_2015  ,  3.15
21_Mar_2015  ,  3.151
20_Mar_2015  ,  3.151
19_Mar_2015  ,  3.161
18_Mar_2015  ,  3.281
17_Mar_2015  ,  3.41
16_Mar_2015  ,  3.12
14_Mar_2015  ,  3.07
13_Mar_2015  ,  3.07
12_Mar_2015  ,  3.03
11_Mar_2015  ,  3.081
10_Mar_2015  ,  3.081
9_Mar_2015  ,  3.001
8_Mar_2015  ,  2.95
7_Mar_2015  ,  2.88
6_Mar_2015  ,  2.95
5_Mar_2015  ,  2.88
4_Mar_2015  ,  2.8
3_Mar_2015  ,  2.91
2_Mar_2015  ,  2.75
28_Feb_2015  ,  2.773
27_Feb_2015  ,  2.773
26_Feb_2015  ,  2.792
25_Feb_2015  ,  2.792
24_Feb_2015  ,  2.911
23_Feb_2015  ,  2.951
21_Feb_2015  ,  3.04
20_Feb_2015  ,  3.04
19_Feb_2015  ,  2.95
18_Feb_2015  ,  3.031
17_Feb_2015  ,  2.951
16_Feb_2015  ,  2.881
14_Feb_2015  ,  2.841
13_Feb_2015  ,  2.841
12_Feb_2015  ,  2.9
11_Feb_2015  ,  2.95
10_Feb_2015  ,  2.9
9_Feb_2015  ,  2.821
7_Feb_2015  ,  2.65
6_Feb_2015  ,  2.65
5_Feb_2015  ,  2.582
4_Feb_2015  ,  2.562
3_Feb_2015  ,  2.6
2_Feb_2015  ,  2.6
1_Feb_2015  ,  2.701
31_Jan_2015  ,  2.621
30_Jan_2015  ,  2.621
29_Jan_2015  ,  2.6
28_Jan_2015  ,  2.65
27_Jan_2015  ,  2.7
26_Jan_2015  ,  2.74
24_Jan_2015  ,  2.7
23_Jan_2015  ,  2.7
22_Jan_2015  ,  2.95
21_Jan_2015  ,  2.96
20_Jan_2015  ,  2.921
19_Jan_2015  ,  2.911
17_Jan_2015  ,  3.05
16_Jan_2015  ,  3.05
15_Jan_2015  ,  3.06
14_Jan_2015  ,  3.1
13_Jan_2015  ,  3.151
12_Jan_2015  ,  3.231
10_Jan_2015  ,  3.211
9_Jan_2015  ,  3.211
8_Jan_2015  ,  3.14
7_Jan_2015  ,  3.35
6_Jan_2015  ,  3.4
5_Jan_2015  ,  3.501
3_Jan_2015  ,  3.68
2_Jan_2015  ,  3.68
31_Dec_2014  ,  3.68
30_Dec_2014  ,  3.471
29_Dec_2014  ,  3.56
28_Dec_2014  ,  3.61
24_Dec_2014  ,  3.61
23_Dec_2014  ,  3.55
22_Dec_2014  ,  3.6
21_Dec_2014  ,  3.62
20_Dec_2014  ,  3.65
19_Dec_2014  ,  3.62
18_Dec_2014  ,  3.65
17_Dec_2014  ,  3.7
16_Dec_2014  ,  3.681
15_Dec_2014  ,  3.5
14_Dec_2014  ,  3.6
13_Dec_2014  ,  3.52
12_Dec_2014  ,  3.52
11_Dec_2014  ,  3.601
10_Dec_2014  ,  3.51
9_Dec_2014  ,  3.58
8_Dec_2014  ,  3.63
6_Dec_2014  ,  3.65
5_Dec_2014  ,  3.65
4_Dec_2014  ,  3.66
3_Dec_2014  ,  3.65
2_Dec_2014  ,  3.66
1_Dec_2014  ,  3.74
30_Nov_2014  ,  3.74
29_Nov_2014  ,  3.65
28_Nov_2014  ,  3.65
27_Nov_2014  ,  3.7
26_Nov_2014  ,  3.69
25_Nov_2014  ,  3.7
24_Nov_2014  ,  3.75
22_Nov_2014  ,  3.75
21_Nov_2014  ,  3.75
20_Nov_2014  ,  3.83
19_Nov_2014  ,  3.8
18_Nov_2014  ,  3.82
17_Nov_2014  ,  3.8
16_Nov_2014  ,  3.89
15_Nov_2014  ,  3.79
14_Nov_2014  ,  3.79
13_Nov_2014  ,  3.79
12_Nov_2014  ,  3.75
11_Nov_2014  ,  3.7
10_Nov_2014  ,  3.7
8_Nov_2014  ,  3.78
7_Nov_2014  ,  3.78
6_Nov_2014  ,  3.76
5_Nov_2014  ,  3.73
4_Nov_2014  ,  3.71
3_Nov_2014  ,  3.76
1_Nov_2014  ,  3.82
31_Oct_2014  ,  3.82
30_Oct_2014  ,  3.79
29_Oct_2014  ,  3.77
28_Oct_2014  ,  3.78
27_Oct_2014  ,  3.88
25_Oct_2014  ,  3.88
24_Oct_2014  ,  3.88
23_Oct_2014  ,  3.891
22_Oct_2014  ,  3.891
21_Oct_2014  ,  3.941
20_Oct_2014  ,  3.961
18_Oct_2014  ,  3.98
17_Oct_2014  ,  3.98
16_Oct_2014  ,  4.001
15_Oct_2014  ,  3.951
14_Oct_2014  ,  3.971
13_Oct_2014  ,  4.051
11_Oct_2014  ,  4.101
10_Oct_2014  ,  4.101
9_Oct_2014  ,  4.061
8_Oct_2014  ,  4.121
7_Oct_2014  ,  4.161
6_Oct_2014  ,  4.201
4_Oct_2014  ,  4.31
3_Oct_2014  ,  4.31
2_Oct_2014  ,  4.3
1_Oct_2014  ,  4.2
30_Sep_2014  ,  4.26
29_Sep_2014  ,  4.26
27_Sep_2014  ,  4.39
26_Sep_2014  ,  4.24
25_Sep_2014  ,  4.28
24_Sep_2014  ,  4.32
23_Sep_2014  ,  4.29
22_Sep_2014  ,  4.31
20_Sep_2014  ,  4.512
19_Sep_2014  ,  4.512
18_Sep_2014  ,  4.311
17_Sep_2014  ,  4.281
16_Sep_2014  ,  4.281
15_Sep_2014  ,  4.321
13_Sep_2014  ,  4.46
12_Sep_2014  ,  4.261
11_Sep_2014  ,  4.211
10_Sep_2014  ,  4.151
9_Sep_2014  ,  4.1
8_Sep_2014  ,  4.031
6_Sep_2014  ,  4.011
5_Sep_2014  ,  4.011
4_Sep_2014  ,  4.101
3_Sep_2014  ,  4.161
2_Sep_2014  ,  4.191
1_Sep_2014  ,  4.191
31_Aug_2014  ,  4.3
30_Aug_2014  ,  4.19
29_Aug_2014  ,  4.19
28_Aug_2014  ,  4.171
27_Aug_2014  ,  4.161
26_Aug_2014  ,  4.2
25_Aug_2014  ,  4.1
23_Aug_2014  ,  4.101
22_Aug_2014  ,  4.101
21_Aug_2014  ,  4.101
20_Aug_2014  ,  4.1
19_Aug_2014  ,  4.15
18_Aug_2014  ,  4.23
17_Aug_2014  ,  4.211
16_Aug_2014  ,  4.251
15_Aug_2014  ,  4.33
14_Aug_2014  ,  4.211
13_Aug_2014  ,  4.251
12_Aug_2014  ,  4.33
11_Aug_2014  ,  4.281
10_Aug_2014  ,  4.5
9_Aug_2014  ,  4.29
8_Aug_2014  ,  4.29
7_Aug_2014  ,  4.3
6_Aug_2014  ,  4.281
5_Aug_2014  ,  4.2
4_Aug_2014  ,  4.33
2_Aug_2014  ,  4.33
1_Aug_2014  ,  4.25
31_Jul_2014  ,  4.25
30_Jul_2014  ,  3.96
29_Jul_2014  ,  3.93
28_Jul_2014  ,  3.96
27_Jul_2014  ,  4.11
26_Jul_2014  ,  4.011
25_Jul_2014  ,  4.011
24_Jul_2014  ,  4.02
23_Jul_2014  ,  4.08
22_Jul_2014  ,  4.12
21_Jul_2014  ,  4.12
20_Jul_2014  ,  4.27
19_Jul_2014  ,  4.17
18_Jul_2014  ,  4.17
17_Jul_2014  ,  4.19
16_Jul_2014  ,  4.191
15_Jul_2014  ,  4.14
14_Jul_2014  ,  4.16
12_Jul_2014  ,  4.31
11_Jul_2014  ,  4.21
10_Jul_2014  ,  4.15
9_Jul_2014  ,  4.1
8_Jul_2014  ,  4.13
7_Jul_2014  ,  4.15
5_Jul_2014  ,  4.2
4_Jul_2014  ,  4.2
3_Jul_2014  ,  4.2
2_Jul_2014  ,  4.21
1_Jul_2014  ,  4.26
30_Jun_2014  ,  4.28
28_Jun_2014  ,  4.34
27_Jun_2014  ,  4.34
26_Jun_2014  ,  4.3
25_Jun_2014  ,  4.35
24_Jun_2014  ,  4.4
23_Jun_2014  ,  4.45
22_Jun_2014  ,  4.39
21_Jun_2014  ,  4.43
20_Jun_2014  ,  4.39
19_Jun_2014  ,  4.43
18_Jun_2014  ,  4.43
17_Jun_2014  ,  4.4
16_Jun_2014  ,  4.38
14_Jun_2014  ,  4.361
13_Jun_2014  ,  4.361
12_Jun_2014  ,  4.36
11_Jun_2014  ,  4.44
10_Jun_2014  ,  4.41
9_Jun_2014  ,  4.62
7_Jun_2014  ,  4.82
6_Jun_2014  ,  4.62
5_Jun_2014  ,  4.82
4_Jun_2014  ,  4.72
3_Jun_2014  ,  4.7
2_Jun_2014  ,  4.64
31_May_2014  ,  4.66
30_May_2014  ,  4.66
29_May_2014  ,  4.67
28_May_2014  ,  4.65
27_May_2014  ,  4.65
26_May_2014  ,  4.651
25_May_2014  ,  4.85
24_May_2014  ,  4.75
23_May_2014  ,  4.75
22_May_2014  ,  4.72
21_May_2014  ,  4.65
20_May_2014  ,  4.74
19_May_2014  ,  4.73
17_May_2014  ,  4.74
16_May_2014  ,  4.74
15_May_2014  ,  4.65
14_May_2014  ,  4.71
13_May_2014  ,  4.71
12_May_2014  ,  4.76
10_May_2014  ,  4.8
9_May_2014  ,  4.8
8_May_2014  ,  4.801
7_May_2014  ,  4.85
6_May_2014  ,  4.85
5_May_2014  ,  4.85
3_May_2014  ,  4.851
2_May_2014  ,  4.851
1_May_2014  ,  5.149
30_Apr_2014  ,  4.949
29_Apr_2014  ,  4.95
28_Apr_2014  ,  4.951
27_Apr_2014  ,  5.15
26_Apr_2014  ,  5.151
25_Apr_2014  ,  4.949
24_Apr_2014  ,  5.05
23_Apr_2014  ,  5.12
22_Apr_2014  ,  5.049
21_Apr_2014  ,  5.049
19_Apr_2014  ,  5.18
18_Apr_2014  ,  5.049
17_Apr_2014  ,  5.18
16_Apr_2014  ,  5.05
15_Apr_2014  ,  5.09
14_Apr_2014  ,  5.05
12_Apr_2014  ,  5.09
11_Apr_2014  ,  5.09
10_Apr_2014  ,  5.09
9_Apr_2014  ,  5.14
8_Apr_2014  ,  5.14
7_Apr_2014  ,  5.2
5_Apr_2014  ,  5.34
4_Apr_2014  ,  5.24
3_Apr_2014  ,  5.27
2_Apr_2014  ,  5.28
1_Apr_2014  ,  5.27
31_Mar_2014  ,  5.24
29_Mar_2014  ,  5.451
28_Mar_2014  ,  5.451
27_Mar_2014  ,  5.26
26_Mar_2014  ,  5.249
25_Mar_2014  ,  5.5
24_Mar_2014  ,  5.301
22_Mar_2014  ,  5.43
21_Mar_2014  ,  5.25
20_Mar_2014  ,  5.3
19_Mar_2014  ,  5.31
18_Mar_2014  ,  5.28
17_Mar_2014  ,  5.3
15_Mar_2014  ,  5.3
14_Mar_2014  ,  5.3
13_Mar_2014  ,  5.28
12_Mar_2014  ,  5.3
11_Mar_2014  ,  5.25
10_Mar_2014  ,  5.2
9_Mar_2014  ,  5.37
8_Mar_2014  ,  5.37
7_Mar_2014  ,  5.28
6_Mar_2014  ,  5.28
5_Mar_2014  ,  5.3
4_Mar_2014  ,  5.4
3_Mar_2014  ,  5.38
1_Mar_2014  ,  5.6
28_Feb_2014  ,  5.38
27_Feb_2014  ,  5.38
26_Feb_2014  ,  5.38
25_Feb_2014  ,  5.4
24_Feb_2014  ,  5.38
22_Feb_2014  ,  5.58
21_Feb_2014  ,  5.4
20_Feb_2014  ,  5.38
19_Feb_2014  ,  5.4
18_Feb_2014  ,  5.38
17_Feb_2014  ,  5.4
15_Feb_2014  ,  5.6
14_Feb_2014  ,  5.4
13_Feb_2014  ,  5.4
12_Feb_2014  ,  5.48
11_Feb_2014  ,  5.351
10_Feb_2014  ,  5.3
8_Feb_2014  ,  5.48
7_Feb_2014  ,  5.28
6_Feb_2014  ,  5.35
5_Feb_2014  ,  5.6
4_Feb_2014  ,  5.58
3_Feb_2014  ,  5.6
1_Feb_2014  ,  5.78
31_Jan_2014  ,  5.6
30_Jan_2014  ,  5.8
29_Jan_2014  ,  5.3
28_Jan_2014  ,  5.291
27_Jan_2014  ,  5.3
25_Jan_2014  ,  5.28
24_Jan_2014  ,  5.05
23_Jan_2014  ,  5.031
22_Jan_2014  ,  5.02
21_Jan_2014  ,  5.001
20_Jan_2014  ,  5.1
18_Jan_2014  ,  5.3
17_Jan_2014  ,  5.08
16_Jan_2014  ,  5.089
15_Jan_2014  ,  5.08
14_Jan_2014  ,  5.08
13_Jan_2014  ,  5.1
11_Jan_2014  ,  5.14
10_Jan_2014  ,  5.14
9_Jan_2014  ,  5.1
8_Jan_2014  ,  5.18
7_Jan_2014  ,  5.18
6_Jan_2014  ,  5.23
4_Jan_2014  ,  5.45
3_Jan_2014  ,  5.23
2_Jan_2014  ,  5.45
1_Jan_2014  ,  5.45
31_Dec_2013  ,  5.25
30_Dec_2013  ,  5.25
28_Dec_2013  ,  5.201
27_Dec_2013  ,  5.201
26_Dec_2013  ,  5.41
25_Dec_2013  ,  5.41
24_Dec_2013  ,  0.0
23_Dec_2013  ,  5.35
21_Dec_2013  ,  5.2
20_Dec_2013  ,  5.2
19_Dec_2013  ,  5.2
18_Dec_2013  ,  5.15
17_Dec_2013  ,  5.201
16_Dec_2013  ,  5.308
14_Dec_2013  ,  5.4
13_Dec_2013  ,  5.11
12_Dec_2013  ,  5.1
11_Dec_2013  ,  5.25
10_Dec_2013  ,  5.24
9_Dec_2013  ,  5.418
7_Dec_2013  ,  5.459
6_Dec_2013  ,  5.25
5_Dec_2013  ,  5.239
4_Dec_2013  ,  5.45
3_Dec_2013  ,  5.45
2_Dec_2013  ,  5.249
30_Nov_2013  ,  5.14
29_Nov_2013  ,  5.14
28_Nov_2013  ,  5.24
27_Nov_2013  ,  5.22
26_Nov_2013  ,  5.375
25_Nov_2013  ,  5.368
23_Nov_2013  ,  5.24
22_Nov_2013  ,  5.24
21_Nov_2013  ,  5.24
20_Nov_2013  ,  5.24
19_Nov_2013  ,  5.25
18_Nov_2013  ,  5.25
17_Nov_2013  ,  5.45
16_Nov_2013  ,  5.45
15_Nov_2013  ,  5.45
14_Nov_2013  ,  5.363
13_Nov_2013  ,  5.32
12_Nov_2013  ,  5.251
11_Nov_2013  ,  5.251
9_Nov_2013  ,  5.313
8_Nov_2013  ,  5.313
7_Nov_2013  ,  5.28
6_Nov_2013  ,  5.323
5_Nov_2013  ,  5.14
4_Nov_2013  ,  5.15
3_Nov_2013  ,  5.11
2_Nov_2013  ,  4.89
1_Nov_2013  ,  4.89
31_Oct_2013  ,  4.9
30_Oct_2013  ,  4.89
29_Oct_2013  ,  4.891
28_Oct_2013  ,  4.9
27_Oct_2013  ,  5.101
26_Oct_2013  ,  5.111
25_Oct_2013  ,  4.9
24_Oct_2013  ,  4.891
23_Oct_2013  ,  4.891
22_Oct_2013  ,  4.901
21_Oct_2013  ,  4.93
19_Oct_2013  ,  4.94
18_Oct_2013  ,  4.94
17_Oct_2013  ,  5.041
16_Oct_2013  ,  5.04
15_Oct_2013  ,  5.051
14_Oct_2013  ,  5.051
12_Oct_2013  ,  5.25
11_Oct_2013  ,  5.041
10_Oct_2013  ,  5.14
9_Oct_2013  ,  5.151
8_Oct_2013  ,  5.151
7_Oct_2013  ,  5.15
6_Oct_2013  ,  5.351
5_Oct_2013  ,  5.15
4_Oct_2013  ,  5.15
3_Oct_2013  ,  5.141
2_Oct_2013  ,  5.15
1_Oct_2013  ,  5.14
30_Sep_2013  ,  5.0
29_Sep_2013  ,  5.361
28_Sep_2013  ,  5.141
27_Sep_2013  ,  5.141
26_Sep_2013  ,  5.141
25_Sep_2013  ,  4.95
24_Sep_2013  ,  5.0
23_Sep_2013  ,  5.0
22_Sep_2013  ,  5.16
21_Sep_2013  ,  4.951
20_Sep_2013  ,  4.951
19_Sep_2013  ,  4.85
18_Sep_2013  ,  5.091
17_Sep_2013  ,  5.1
16_Sep_2013  ,  5.15
15_Sep_2013  ,  5.36
14_Sep_2013  ,  5.06
13_Sep_2013  ,  5.06
12_Sep_2013  ,  5.4
11_Sep_2013  ,  5.391
10_Sep_2013  ,  5.04
9_Sep_2013  ,  5.041
8_Sep_2013  ,  5.4
7_Sep_2013  ,  5.4
6_Sep_2013  ,  5.2
5_Sep_2013  ,  5.15
4_Sep_2013  ,  5.05
3_Sep_2013  ,  5.04
2_Sep_2013  ,  5.051
1_Sep_2013  ,  5.26
31_Aug_2013  ,  5.041
30_Aug_2013  ,  5.041
29_Aug_2013  ,  5.05
28_Aug_2013  ,  5.05
27_Aug_2013  ,  5.04
26_Aug_2013  ,  5.051
24_Aug_2013  ,  4.901
23_Aug_2013  ,  4.901
22_Aug_2013  ,  5.05
21_Aug_2013  ,  4.9
20_Aug_2013  ,  4.9
19_Aug_2013  ,  4.55
17_Aug_2013  ,  4.55
16_Aug_2013  ,  4.55
15_Aug_2013  ,  5.05
14_Aug_2013  ,  4.549
13_Aug_2013  ,  4.55
12_Aug_2013  ,  4.7
11_Aug_2013  ,  5.201
10_Aug_2013  ,  5.201
9_Aug_2013  ,  4.7
8_Aug_2013  ,  4.9
7_Aug_2013  ,  4.7
6_Aug_2013  ,  4.7
5_Aug_2013  ,  5.0
3_Aug_2013  ,  4.8
2_Aug_2013  ,  4.8
1_Aug_2013  ,  4.8
31_Jul_2013  ,  4.8
30_Jul_2013  ,  5.0
29_Jul_2013  ,  5.0
27_Jul_2013  ,  5.3
26_Jul_2013  ,  4.8
25_Jul_2013  ,  4.801
24_Jul_2013  ,  4.85
23_Jul_2013  ,  4.85
22_Jul_2013  ,  4.851
20_Jul_2013  ,  4.849
19_Jul_2013  ,  4.849
18_Jul_2013  ,  4.85
17_Jul_2013  ,  4.85
16_Jul_2013  ,  4.849
15_Jul_2013  ,  4.85
13_Jul_2013  ,  5.1
12_Jul_2013  ,  5.1
11_Jul_2013  ,  5.2
10_Jul_2013  ,  5.101
9_Jul_2013  ,  5.2
8_Jul_2013  ,  5.089
6_Jul_2013  ,  5.2
5_Jul_2013  ,  5.2
4_Jul_2013  ,  5.2
3_Jul_2013  ,  5.2
2_Jul_2013  ,  5.2
1_Jul_2013  ,  5.35
29_Jun_2013  ,  5.81
28_Jun_2013  ,  5.301
27_Jun_2013  ,  5.29
26_Jun_2013  ,  5.29
25_Jun_2013  ,  5.29
24_Jun_2013  ,  5.801
23_Jun_2013  ,  5.801
22_Jun_2013  ,  5.3
21_Jun_2013  ,  5.3
20_Jun_2013  ,  5.5
19_Jun_2013  ,  5.3
18_Jun_2013  ,  5.3
17_Jun_2013  ,  5.3
16_Jun_2013  ,  5.7
15_Jun_2013  ,  5.3
14_Jun_2013  ,  5.3
13_Jun_2013  ,  5.35
12_Jun_2013  ,  5.45
11_Jun_2013  ,  5.45
10_Jun_2013  ,  5.35
8_Jun_2013  ,  5.7
7_Jun_2013  ,  5.35
6_Jun_2013  ,  5.35
5_Jun_2013  ,  5.1
4_Jun_2013  ,  5.09
3_Jun_2013  ,  5.1
1_Jun_2013  ,  5.0
31_May_2013  ,  5.0
30_May_2013  ,  5.0
29_May_2013  ,  4.95
28_May_2013  ,  4.801
27_May_2013  ,  4.801
25_May_2013  ,  5.05
24_May_2013  ,  4.8
23_May_2013  ,  4.89
22_May_2013  ,  4.9
21_May_2013  ,  4.7
20_May_2013  ,  4.61
18_May_2013  ,  4.7
17_May_2013  ,  4.7
16_May_2013  ,  4.7
15_May_2013  ,  4.791
14_May_2013  ,  4.7
13_May_2013  ,  4.7
11_May_2013  ,  4.65
10_May_2013  ,  4.65
9_May_2013  ,  4.8
8_May_2013  ,  4.79
7_May_2013  ,  4.8
6_May_2013  ,  4.76
4_May_2013  ,  5.0
3_May_2013  ,  4.76
2_May_2013  ,  5.0
1_May_2013  ,  5.25
30_Apr_2013  ,  5.13
29_Apr_2013  ,  5.13
27_Apr_2013  ,  5.13
26_Apr_2013  ,  5.13
25_Apr_2013  ,  5.1
24_Apr_2013  ,  5.1
23_Apr_2013  ,  5.39
22_Apr_2013  ,  5.2
20_Apr_2013  ,  5.2
19_Apr_2013  ,  5.2
18_Apr_2013  ,  5.2
17_Apr_2013  ,  5.25
16_Apr_2013  ,  5.29
15_Apr_2013  ,  5.35
13_Apr_2013  ,  5.35
12_Apr_2013  ,  5.35
11_Apr_2013  ,  5.41
10_Apr_2013  ,  5.5
9_Apr_2013  ,  5.64
8_Apr_2013  ,  5.651
6_Apr_2013  ,  5.81
5_Apr_2013  ,  5.651
4_Apr_2013  ,  5.64
3_Apr_2013  ,  5.64
2_Apr_2013  ,  5.651
30_Mar_2013  ,  5.651
29_Mar_2013  ,  5.85
28_Mar_2013  ,  5.69
27_Mar_2013  ,  5.69
26_Mar_2013  ,  5.69
25_Mar_2013  ,  5.85
23_Mar_2013  ,  5.73
22_Mar_2013  ,  5.73
21_Mar_2013  ,  5.73
20_Mar_2013  ,  5.59
19_Mar_2013  ,  5.5
18_Mar_2013  ,  5.5
17_Mar_2013  ,  5.71
16_Mar_2013  ,  5.55
15_Mar_2013  ,  5.55
14_Mar_2013  ,  5.54
13_Mar_2013  ,  5.54
12_Mar_2013  ,  5.55
11_Mar_2013  ,  5.54
9_Mar_2013  ,  5.55
8_Mar_2013  ,  5.55
7_Mar_2013  ,  5.54
6_Mar_2013  ,  5.55
5_Mar_2013  ,  5.54
4_Mar_2013  ,  5.55
2_Mar_2013  ,  5.6
1_Mar_2013  ,  5.6
28_Feb_2013  ,  5.65
27_Feb_2013  ,  5.65
26_Feb_2013  ,  5.64
25_Feb_2013  ,  5.65
23_Feb_2013  ,  5.81
22_Feb_2013  ,  5.65
21_Feb_2013  ,  5.64
20_Feb_2013  ,  5.64
19_Feb_2013  ,  5.64
18_Feb_2013  ,  5.47
17_Feb_2013  ,  5.9
16_Feb_2013  ,  5.7
15_Feb_2013  ,  5.7
14_Feb_2013  ,  5.69
13_Feb_2013  ,  5.65
12_Feb_2013  ,  5.95
11_Feb_2013  ,  5.95
10_Feb_2013  ,  5.85
9_Feb_2013  ,  5.85
8_Feb_2013  ,  5.65
7_Feb_2013  ,  5.65
6_Feb_2013  ,  5.64
5_Feb_2013  ,  5.65
4_Feb_2013  ,  5.589
2_Feb_2013  ,  5.8
1_Feb_2013  ,  5.6
31_Jan_2013  ,  5.589
30_Jan_2013  ,  5.59
29_Jan_2013  ,  5.59
28_Jan_2013  ,  5.65
26_Jan_2013  ,  5.5
25_Jan_2013  ,  5.5
24_Jan_2013  ,  5.54
23_Jan_2013  ,  5.4
22_Jan_2013  ,  5.449
21_Jan_2013  ,  5.9
19_Jan_2013  ,  5.68
18_Jan_2013  ,  5.2
17_Jan_2013  ,  5.18
16_Jan_2013  ,  5.48
15_Jan_2013  ,  5.7
14_Jan_2013  ,  6.19
13_Jan_2013  ,  6.48
12_Jan_2013  ,  6.48
11_Jan_2013  ,  5.95
10_Jan_2013  ,  6.19
9_Jan_2013  ,  6.149
8_Jan_2013  ,  6.13
7_Jan_2013  ,  6.19
5_Jan_2013  ,  6.6
4_Jan_2013  ,  6.13
3_Jan_2013  ,  6.15
2_Jan_2013  ,  6.899
1_Jan_2013  ,  6.899
31_Dec_2012  ,  6.329
30_Dec_2012  ,  6.35
29_Dec_2012  ,  6.35
28_Dec_2012  ,  6.35
27_Dec_2012  ,  6.29
26_Dec_2012  ,  6.55
25_Dec_2012  ,  6.51
24_Dec_2012  ,  6.56
23_Dec_2012  ,  6.68
22_Dec_2012  ,  6.68
21_Dec_2012  ,  6.25
20_Dec_2012  ,  6.67
19_Dec_2012  ,  6.78
18_Dec_2012  ,  6.4
17_Dec_2012  ,  6.843
15_Dec_2012  ,  6.35
14_Dec_2012  ,  6.35
13_Dec_2012  ,  6.65
12_Dec_2012  ,  6.45
11_Dec_2012  ,  6.45
10_Dec_2012  ,  6.45
8_Dec_2012  ,  6.68
7_Dec_2012  ,  6.68
6_Dec_2012  ,  6.95
5_Dec_2012  ,  6.95
4_Dec_2012  ,  6.45
3_Dec_2012  ,  6.9
1_Dec_2012  ,  6.901
30_Nov_2012  ,  6.901
29_Nov_2012  ,  6.901
28_Nov_2012  ,  6.901
27_Nov_2012  ,  6.9
26_Nov_2012  ,  6.9
24_Nov_2012  ,  6.4
23_Nov_2012  ,  6.4
22_Nov_2012  ,  6.4
21_Nov_2012  ,  6.47
20_Nov_2012  ,  6.9
19_Nov_2012  ,  6.9
17_Nov_2012  ,  6.85
16_Nov_2012  ,  6.85
15_Nov_2012  ,  6.7
14_Nov_2012  ,  6.85
13_Nov_2012  ,  6.81
12_Nov_2012  ,  6.7
10_Nov_2012  ,  6.9
9_Nov_2012  ,  6.9
8_Nov_2012  ,  6.7
7_Nov_2012  ,  6.7
6_Nov_2012  ,  6.7
5_Nov_2012  ,  6.25
3_Nov_2012  ,  6.72
2_Nov_2012  ,  6.72
1_Nov_2012  ,  6.39
31_Oct_2012  ,  6.4
30_Oct_2012  ,  6.7
29_Oct_2012  ,  6.9
27_Oct_2012  ,  6.76
26_Oct_2012  ,  6.401
25_Oct_2012  ,  6.4
24_Oct_2012  ,  6.4
23_Oct_2012  ,  6.4
22_Oct_2012  ,  6.5
19_Oct_2012  ,  6.4
18_Oct_2012  ,  6.4
17_Oct_2012  ,  6.4
16_Oct_2012  ,  6.4
15_Oct_2012  ,  6.501
13_Oct_2012  ,  6.76
12_Oct_2012  ,  6.401
11_Oct_2012  ,  6.4
10_Oct_2012  ,  6.4
9_Oct_2012  ,  6.3
8_Oct_2012  ,  6.39
6_Oct_2012  ,  6.649
5_Oct_2012  ,  6.39
4_Oct_2012  ,  6.401
3_Oct_2012  ,  6.3
2_Oct_2012  ,  6.6
1_Oct_2012  ,  6.4
29_Sep_2012  ,  6.4
28_Sep_2012  ,  6.4
27_Sep_2012  ,  6.4
26_Sep_2012  ,  6.4
25_Sep_2012  ,  6.39
24_Sep_2012  ,  6.39
23_Sep_2012  ,  6.8
22_Sep_2012  ,  6.8
21_Sep_2012  ,  6.35
20_Sep_2012  ,  6.399
19_Sep_2012  ,  6.449
18_Sep_2012  ,  6.4
17_Sep_2012  ,  6.41
15_Sep_2012  ,  6.75
14_Sep_2012  ,  6.501
13_Sep_2012  ,  6.591
12_Sep_2012  ,  6.6
11_Sep_2012  ,  6.59
10_Sep_2012  ,  6.5
8_Sep_2012  ,  6.59
7_Sep_2012  ,  6.59
6_Sep_2012  ,  6.59
5_Sep_2012  ,  6.5
4_Sep_2012  ,  6.5
3_Sep_2012  ,  6.5
1_Sep_2012  ,  6.5
31_Aug_2012  ,  6.5
30_Aug_2012  ,  6.5
29_Aug_2012  ,  6.59
28_Aug_2012  ,  6.5
27_Aug_2012  ,  6.6
25_Aug_2012  ,  6.5
24_Aug_2012  ,  6.5
23_Aug_2012  ,  6.5
22_Aug_2012  ,  6.5
21_Aug_2012  ,  6.5
20_Aug_2012  ,  6.5
18_Aug_2012  ,  6.851
17_Aug_2012  ,  6.501
16_Aug_2012  ,  6.501
15_Aug_2012  ,  6.96
14_Aug_2012  ,  6.44
13_Aug_2012  ,  6.59
11_Aug_2012  ,  6.4
10_Aug_2012  ,  6.4
9_Aug_2012  ,  6.4
8_Aug_2012  ,  6.41
7_Aug_2012  ,  6.4
6_Aug_2012  ,  6.3
5_Aug_2012  ,  6.66
4_Aug_2012  ,  6.3
3_Aug_2012  ,  6.3
2_Aug_2012  ,  6.3
1_Aug_2012  ,  6.419
31_Jul_2012  ,  6.43
30_Jul_2012  ,  6.43
28_Jul_2012  ,  6.66
27_Jul_2012  ,  6.3
26_Jul_2012  ,  6.479
25_Jul_2012  ,  6.47
24_Jul_2012  ,  6.47
23_Jul_2012  ,  6.4
21_Jul_2012  ,  6.661
20_Jul_2012  ,  6.47
19_Jul_2012  ,  6.4
18_Jul_2012  ,  6.48
17_Jul_2012  ,  6.47
16_Jul_2012  ,  6.4
14_Jul_2012  ,  6.4
13_Jul_2012  ,  6.4
12_Jul_2012  ,  6.48
11_Jul_2012  ,  6.4
10_Jul_2012  ,  6.4
9_Jul_2012  ,  6.4
8_Jul_2012  ,  6.901
7_Jul_2012  ,  6.901
6_Jul_2012  ,  6.4
5_Jul_2012  ,  6.48
4_Jul_2012  ,  6.36
3_Jul_2012  ,  6.47
2_Jul_2012  ,  6.4
1_Jul_2012  ,  6.9
30_Jun_2012  ,  6.4
29_Jun_2012  ,  6.4
28_Jun_2012  ,  6.47
27_Jun_2012  ,  6.45
26_Jun_2012  ,  6.35
25_Jun_2012  ,  6.36
24_Jun_2012  ,  6.45
22_Jun_2012  ,  6.45
21_Jun_2012  ,  6.35
20_Jun_2012  ,  6.45
19_Jun_2012  ,  6.36
18_Jun_2012  ,  6.36
17_Jun_2012  ,  6.25
16_Jun_2012  ,  6.37
15_Jun_2012  ,  6.25
14_Jun_2012  ,  6.37
13_Jun_2012  ,  6.36
12_Jun_2012  ,  6.35
11_Jun_2012  ,  6.45
10_Jun_2012  ,  6.36
8_Jun_2012  ,  6.36
7_Jun_2012  ,  6.36
6_Jun_2012  ,  6.45
5_Jun_2012  ,  6.35
4_Jun_2012  ,  6.66
3_Jun_2012  ,  6.65
1_Jun_2012  ,  6.37
31_May_2012  ,  6.35
30_May_2012  ,  6.36
29_May_2012  ,  6.35
28_May_2012  ,  6.35
27_May_2012  ,  6.36
26_May_2012  ,  6.25
25_May_2012  ,  6.36
24_May_2012  ,  6.25
23_May_2012  ,  6.4
22_May_2012  ,  6.25
21_May_2012  ,  6.26
20_May_2012  ,  6.65
19_May_2012  ,  6.4
18_May_2012  ,  6.4
17_May_2012  ,  6.25
16_May_2012  ,  6.26
15_May_2012  ,  6.32
14_May_2012  ,  6.26
13_May_2012  ,  6.6
11_May_2012  ,  6.4
10_May_2012  ,  6.389
9_May_2012  ,  6.399
8_May_2012  ,  6.39
7_May_2012  ,  6.39
6_May_2012  ,  6.601
5_May_2012  ,  6.63
4_May_2012  ,  6.4
3_May_2012  ,  6.26
2_May_2012  ,  6.4
1_May_2012  ,  6.599
30_Apr_2012  ,  6.391
29_Apr_2012  ,  6.7
27_Apr_2012  ,  6.25
26_Apr_2012  ,  6.25
25_Apr_2012  ,  6.25
24_Apr_2012  ,  6.25
23_Apr_2012  ,  6.26
22_Apr_2012  ,  6.25
21_Apr_2012  ,  6.2
20_Apr_2012  ,  6.25
19_Apr_2012  ,  6.2
18_Apr_2012  ,  6.2
17_Apr_2012  ,  6.11
16_Apr_2012  ,  6.5
15_Apr_2012  ,  6.5
14_Apr_2012  ,  6.19
13_Apr_2012  ,  6.19
12_Apr_2012  ,  6.19
11_Apr_2012  ,  6.1
10_Apr_2012  ,  6.2
9_Apr_2012  ,  6.15
8_Apr_2012  ,  6.55
7_Apr_2012  ,  6.15
6_Apr_2012  ,  6.15
5_Apr_2012  ,  6.16
4_Apr_2012  ,  6.16
3_Apr_2012  ,  6.301
2_Apr_2012  ,  6.3
1_Apr_2012  ,  6.78
31_Mar_2012  ,  6.78
30_Mar_2012  ,  6.3
29_Mar_2012  ,  6.35
28_Mar_2012  ,  6.36
27_Mar_2012  ,  6.37
26_Mar_2012  ,  6.46
25_Mar_2012  ,  6.879
24_Mar_2012  ,  6.88
23_Mar_2012  ,  6.35
22_Mar_2012  ,  6.45
21_Mar_2012  ,  6.749
20_Mar_2012  ,  6.4
19_Mar_2012  ,  6.4
18_Mar_2012  ,  6.959
17_Mar_2012  ,  6.739
16_Mar_2012  ,  6.739
15_Mar_2012  ,  6.75
14_Mar_2012  ,  6.74
13_Mar_2012  ,  6.751
12_Mar_2012  ,  6.35
11_Mar_2012  ,  6.75
10_Mar_2012  ,  6.75
9_Mar_2012  ,  6.75
8_Mar_2012  ,  6.75
7_Mar_2012  ,  6.75
6_Mar_2012  ,  6.349
5_Mar_2012  ,  6.48
4_Mar_2012  ,  6.958
3_Mar_2012  ,  6.958
2_Mar_2012  ,  6.758
1_Mar_2012  ,  6.758
29_Feb_2012  ,  6.71
28_Feb_2012  ,  6.828
27_Feb_2012  ,  6.81
25_Feb_2012  ,  7.068
24_Feb_2012  ,  6.699
23_Feb_2012  ,  6.829
22_Feb_2012  ,  6.81
21_Feb_2012  ,  6.865
20_Feb_2012  ,  6.848
19_Feb_2012  ,  7.3
18_Feb_2012  ,  7.3
17_Feb_2012  ,  6.828
16_Feb_2012  ,  7.281
15_Feb_2012  ,  7.205
14_Feb_2012  ,  6.948
13_Feb_2012  ,  7.0
10_Feb_2012  ,  6.928
9_Feb_2012  ,  7.35
8_Feb_2012  ,  6.948
7_Feb_2012  ,  7.0
6_Feb_2012  ,  7.0
3_Feb_2012  ,  6.948
2_Feb_2012  ,  6.948
1_Feb_2012  ,  6.928
31_Jan_2012  ,  6.947
30_Jan_2012  ,  6.927
27_Jan_2012  ,  7.4
26_Jan_2012  ,  6.928
25_Jan_2012  ,  6.928
24_Jan_2012  ,  7.4
23_Jan_2012  ,  7.0
20_Jan_2012  ,  6.948
19_Jan_2012  ,  7.06
18_Jan_2012  ,  7.02
17_Jan_2012  ,  6.88
16_Jan_2012  ,  6.928
13_Jan_2012  ,  7.02
12_Jan_2012  ,  7.45
11_Jan_2012  ,  6.928
10_Jan_2012  ,  6.948
9_Jan_2012  ,  7.04
6_Jan_2012  ,  7.411
5_Jan_2012  ,  7.09
4_Jan_2012  ,  7.146
3_Jan_2012  ,  7.5
2_Jan_2012  ,  7.147
30_Dec_2011  ,  7.5
29_Dec_2011  ,  7.147
28_Dec_2011  ,  7.23
27_Dec_2011  ,  7.18
23_Dec_2011  ,  7.21
22_Dec_2011  ,  7.06
21_Dec_2011  ,  7.22
20_Dec_2011  ,  7.147
19_Dec_2011  ,  7.127
16_Dec_2011  ,  7.228
15_Dec_2011  ,  7.227
14_Dec_2011  ,  7.227
13_Dec_2011  ,  7.247
12_Dec_2011  ,  7.227
9_Dec_2011  ,  7.247
8_Dec_2011  ,  7.35
7_Dec_2011  ,  7.21
6_Dec_2011  ,  7.227
5_Dec_2011  ,  7.247
2_Dec_2011  ,  7.228
1_Dec_2011  ,  7.191
30_Nov_2011  ,  7.191
29_Nov_2011  ,  7.227
28_Nov_2011  ,  7.7
25_Nov_2011  ,  7.228
24_Nov_2011  ,  7.247
23_Nov_2011  ,  7.68
22_Nov_2011  ,  7.18
21_Nov_2011  ,  7.227
18_Nov_2011  ,  7.36
17_Nov_2011  ,  7.36
16_Nov_2011  ,  7.227
15_Nov_2011  ,  7.36
14_Nov_2011  ,  7.247
11_Nov_2011  ,  7.227
10_Nov_2011  ,  7.227
9_Nov_2011  ,  7.247
8_Nov_2011  ,  7.46
7_Nov_2011  ,  7.75
4_Nov_2011  ,  7.751
3_Nov_2011  ,  7.8
2_Nov_2011  ,  7.8
1_Nov_2011  ,  7.2
31_Oct_2011  ,  7.22
28_Oct_2011  ,  7.16
27_Oct_2011  ,  7.2
26_Oct_2011  ,  7.16
25_Oct_2011  ,  7.45
24_Oct_2011  ,  7.23
21_Oct_2011  ,  7.449
20_Oct_2011  ,  7.16
19_Oct_2011  ,  7.346
18_Oct_2011  ,  7.346
17_Oct_2011  ,  7.326
14_Oct_2011  ,  7.347
13_Oct_2011  ,  7.297
12_Oct_2011  ,  7.296
11_Oct_2011  ,  7.296
10_Oct_2011  ,  7.346
7_Oct_2011  ,  7.347
6_Oct_2011  ,  7.297
5_Oct_2011  ,  7.346
4_Oct_2011  ,  7.296
3_Oct_2011  ,  7.56
30_Sep_2011  ,  7.297
29_Sep_2011  ,  7.347
28_Sep_2011  ,  7.561
27_Sep_2011  ,  7.346
26_Sep_2011  ,  7.56
23_Sep_2011  ,  7.347
22_Sep_2011  ,  7.51
21_Sep_2011  ,  7.296
20_Sep_2011  ,  7.45
19_Sep_2011  ,  7.227
16_Sep_2011  ,  7.247
15_Sep_2011  ,  7.227
14_Sep_2011  ,  7.227
13_Sep_2011  ,  7.23
12_Sep_2011  ,  7.46
9_Sep_2011  ,  7.46
8_Sep_2011  ,  7.46
7_Sep_2011  ,  7.449
6_Sep_2011  ,  7.147
5_Sep_2011  ,  7.147
2_Sep_2011  ,  7.147
1_Sep_2011  ,  7.399
31_Aug_2011  ,  7.391
30_Aug_2011  ,  7.4
29_Aug_2011  ,  7.4
26_Aug_2011  ,  7.39
25_Aug_2011  ,  7.401
24_Aug_2011  ,  7.46
23_Aug_2011  ,  7.46
22_Aug_2011  ,  7.459
19_Aug_2011  ,  7.45
18_Aug_2011  ,  7.46
17_Aug_2011  ,  7.4
16_Aug_2011  ,  7.4
15_Aug_2011  ,  7.097
12_Aug_2011  ,  7.097
11_Aug_2011  ,  7.401
10_Aug_2011  ,  7.361
9_Aug_2011  ,  7.36
8_Aug_2011  ,  7.36
5_Aug_2011  ,  7.351
4_Aug_2011  ,  7.36
3_Aug_2011  ,  7.35
2_Aug_2011  ,  7.349
1_Aug_2011  ,  7.36
29_Jul_2011  ,  7.36
28_Jul_2011  ,  7.35
27_Jul_2011  ,  7.35
26_Jul_2011  ,  7.349
25_Jul_2011  ,  7.349
22_Jul_2011  ,  7.351
21_Jul_2011  ,  7.35
20_Jul_2011  ,  7.361
19_Jul_2011  ,  7.35
18_Jul_2011  ,  7.36
15_Jul_2011  ,  7.36
14_Jul_2011  ,  7.35
13_Jul_2011  ,  6.947
12_Jul_2011  ,  6.947
11_Jul_2011  ,  7.36
8_Jul_2011  ,  6.948
7_Jul_2011  ,  6.943
6_Jul_2011  ,  6.948
5_Jul_2011  ,  6.948
4_Jul_2011  ,  7.349
1_Jul_2011  ,  7.048
30_Jun_2011  ,  7.043
29_Jun_2011  ,  7.35
28_Jun_2011  ,  7.043
27_Jun_2011  ,  7.35
24_Jun_2011  ,  7.043
23_Jun_2011  ,  7.043
22_Jun_2011  ,  7.047
21_Jun_2011  ,  7.043
20_Jun_2011  ,  6.948
17_Jun_2011  ,  6.948
16_Jun_2011  ,  6.943
15_Jun_2011  ,  6.943
14_Jun_2011  ,  7.37
13_Jun_2011  ,  7.048
10_Jun_2011  ,  7.048
9_Jun_2011  ,  7.043
8_Jun_2011  ,  7.047
7_Jun_2011  ,  7.37
6_Jun_2011  ,  7.38
3_Jun_2011  ,  7.043
2_Jun_2011  ,  7.048
1_Jun_2011  ,  7.047
31_May_2011  ,  7.043
30_May_2011  ,  7.39
27_May_2011  ,  7.25
26_May_2011  ,  6.996
25_May_2011  ,  6.996
24_May_2011  ,  6.996
23_May_2011  ,  7.25
20_May_2011  ,  7.0
19_May_2011  ,  7.0
18_May_2011  ,  6.84
17_May_2011  ,  6.996
16_May_2011  ,  6.996
13_May_2011  ,  6.996
12_May_2011  ,  6.86
11_May_2011  ,  6.82
10_May_2011  ,  6.996
9_May_2011  ,  6.996
6_May_2011  ,  6.88
5_May_2011  ,  7.0
4_May_2011  ,  6.83
3_May_2011  ,  7.25
2_May_2011  ,  7.251
29_Apr_2011  ,  7.002
28_Apr_2011  ,  7.0
27_Apr_2011  ,  6.995
26_Apr_2011  ,  6.84
21_Apr_2011  ,  7.25
20_Apr_2011  ,  6.995
19_Apr_2011  ,  7.0
18_Apr_2011  ,  6.995
15_Apr_2011  ,  6.996
14_Apr_2011  ,  7.0
13_Apr_2011  ,  6.995
12_Apr_2011  ,  7.0
11_Apr_2011  ,  6.995
8_Apr_2011  ,  6.996
7_Apr_2011  ,  7.0
6_Apr_2011  ,  7.0
5_Apr_2011  ,  7.0
4_Apr_2011  ,  6.996
1_Apr_2011  ,  6.82
31_Mar_2011  ,  7.0
30_Mar_2011  ,  7.0
29_Mar_2011  ,  6.5
28_Mar_2011  ,  6.5
25_Mar_2011  ,  7.25
24_Mar_2011  ,  6.5
23_Mar_2011  ,  7.15
22_Mar_2011  ,  7.15
21_Mar_2011  ,  6.5
18_Mar_2011  ,  7.15
17_Mar_2011  ,  6.5
16_Mar_2011  ,  6.8
15_Mar_2011  ,  6.496
14_Mar_2011  ,  6.496
11_Mar_2011  ,  6.5
10_Mar_2011  ,  6.495
9_Mar_2011  ,  6.496
8_Mar_2011  ,  6.496
7_Mar_2011  ,  6.495
4_Mar_2011  ,  6.496
3_Mar_2011  ,  6.496
2_Mar_2011  ,  6.496
1_Mar_2011  ,  6.5
28_Feb_2011  ,  6.496
25_Feb_2011  ,  6.496
24_Feb_2011  ,  6.5
23_Feb_2011  ,  6.496
22_Feb_2011  ,  6.496
21_Feb_2011  ,  7.101
18_Feb_2011  ,  6.5
17_Feb_2011  ,  6.5
16_Feb_2011  ,  6.5
15_Feb_2011  ,  6.5
14_Feb_2011  ,  7.0
11_Feb_2011  ,  7.0
10_Feb_2011  ,  6.495
9_Feb_2011  ,  6.496
8_Feb_2011  ,  6.496
7_Feb_2011  ,  6.5
4_Feb_2011  ,  7.0
3_Feb_2011  ,  6.5
2_Feb_2011  ,  6.496
1_Feb_2011  ,  6.496
31_Jan_2011  ,  7.0
28_Jan_2011  ,  7.0
27_Jan_2011  ,  7.0
26_Jan_2011  ,  6.496
25_Jan_2011  ,  6.496
24_Jan_2011  ,  6.5
21_Jan_2011  ,  6.495
20_Jan_2011  ,  6.495
19_Jan_2011  ,  6.5
18_Jan_2011  ,  6.495
17_Jan_2011  ,  6.95
14_Jan_2011  ,  6.95
13_Jan_2011  ,  6.95
12_Jan_2011  ,  6.495
11_Jan_2011  ,  6.496
10_Jan_2011  ,  7.0
7_Jan_2011  ,  7.0
6_Jan_2011  ,  6.95
5_Jan_2011  ,  7.0
4_Jan_2011  ,  7.0
3_Jan_2011  ,  7.496
31_Dec_2010  ,  6.996
30_Dec_2010  ,  6.95
29_Dec_2010  ,  7.746
28_Dec_2010  ,  6.496
27_Dec_2010  ,  6.5
24_Dec_2010  ,  7.0
23_Dec_2010  ,  7.0
22_Dec_2010  ,  7.4
21_Dec_2010  ,  6.95
20_Dec_2010  ,  7.0
17_Dec_2010  ,  6.95
16_Dec_2010  ,  6.95
15_Dec_2010  ,  6.95
14_Dec_2010  ,  6.95
13_Dec_2010  ,  7.0
10_Dec_2010  ,  7.0
9_Dec_2010  ,  7.501
8_Dec_2010  ,  7.0
7_Dec_2010  ,  6.95
6_Dec_2010  ,  7.0
3_Dec_2010  ,  7.0
2_Dec_2010  ,  6.95
1_Dec_2010  ,  7.0
30_Nov_2010  ,  7.0
29_Nov_2010  ,  7.0
26_Nov_2010  ,  7.4
25_Nov_2010  ,  6.95
24_Nov_2010  ,  6.95
23_Nov_2010  ,  7.0
22_Nov_2010  ,  6.95
19_Nov_2010  ,  7.4
18_Nov_2010  ,  7.001
17_Nov_2010  ,  7.0
16_Nov_2010  ,  7.0
15_Nov_2010  ,  6.95
12_Nov_2010  ,  6.95
11_Nov_2010  ,  6.95
10_Nov_2010  ,  6.95
9_Nov_2010  ,  6.35
8_Nov_2010  ,  7.4
5_Nov_2010  ,  6.95
4_Nov_2010  ,  6.95
3_Nov_2010  ,  7.4
2_Nov_2010  ,  6.95
1_Nov_2010  ,  7.4
29_Oct_2010  ,  6.95
28_Oct_2010  ,  6.95
27_Oct_2010  ,  6.95
26_Oct_2010  ,  6.95
25_Oct_2010  ,  6.95
22_Oct_2010  ,  6.95
21_Oct_2010  ,  6.95
20_Oct_2010  ,  6.95
19_Oct_2010  ,  6.95
18_Oct_2010  ,  6.95
15_Oct_2010  ,  6.95
14_Oct_2010  ,  6.95
13_Oct_2010  ,  6.95
12_Oct_2010  ,  6.95
11_Oct_2010  ,  6.95
8_Oct_2010  ,  6.95
7_Oct_2010  ,  6.95
6_Oct_2010  ,  6.95
5_Oct_2010  ,  6.95
4_Oct_2010  ,  6.95
1_Oct_2010  ,  6.95
30_Sep_2010  ,  6.95
29_Sep_2010  ,  6.95
28_Sep_2010  ,  7.4
27_Sep_2010  ,  7.4
24_Sep_2010  ,  7.4
23_Sep_2010  ,  7.4
22_Sep_2010  ,  7.4
21_Sep_2010  ,  7.4
20_Sep_2010  ,  7.4
17_Sep_2010  ,  7.4
16_Sep_2010  ,  7.4
15_Sep_2010  ,  7.4
14_Sep_2010  ,  7.4
13_Sep_2010  ,  7.4
10_Sep_2010  ,  7.4
9_Sep_2010  ,  7.4
8_Sep_2010  ,  7.4
7_Sep_2010  ,  7.4
6_Sep_2010  ,  7.4
3_Sep_2010  ,  7.4
2_Sep_2010  ,  7.757
1_Sep_2010  ,  7.85
31_Aug_2010  ,  7.75
30_Aug_2010  ,  7.85
27_Aug_2010  ,  7.85
26_Aug_2010  ,  7.4
25_Aug_2010  ,  7.4
24_Aug_2010  ,  7.85
23_Aug_2010  ,  7.757
20_Aug_2010  ,  7.5
19_Aug_2010  ,  7.5
18_Aug_2010  ,  7.5
17_Aug_2010  ,  7.5
16_Aug_2010  ,  7.5
13_Aug_2010  ,  7.5
12_Aug_2010  ,  7.7
11_Aug_2010  ,  7.7
10_Aug_2010  ,  7.5
9_Aug_2010  ,  7.5
6_Aug_2010  ,  8.009
5_Aug_2010  ,  7.5
4_Aug_2010  ,  8.009
3_Aug_2010  ,  7.75
2_Aug_2010  ,  7.85
30_Jul_2010  ,  7.4
29_Jul_2010  ,  7.4
28_Jul_2010  ,  7.4
27_Jul_2010  ,  7.75
26_Jul_2010  ,  7.35
23_Jul_2010  ,  8.008
22_Jul_2010  ,  7.85
21_Jul_2010  ,  7.85
20_Jul_2010  ,  7.75
19_Jul_2010  ,  8.008
16_Jul_2010  ,  8.008
15_Jul_2010  ,  7.7
14_Jul_2010  ,  8.008
13_Jul_2010  ,  7.7
12_Jul_2010  ,  7.85
9_Jul_2010  ,  7.25
8_Jul_2010  ,  7.75
7_Jul_2010  ,  8.008
6_Jul_2010  ,  8.009
5_Jul_2010  ,  7.75
2_Jul_2010  ,  8.009
1_Jul_2010  ,  7.75
30_Jun_2010  ,  7.2
29_Jun_2010  ,  7.75
28_Jun_2010  ,  7.75
25_Jun_2010  ,  8.011
24_Jun_2010  ,  7.65
23_Jun_2010  ,  8.0
22_Jun_2010  ,  7.6
21_Jun_2010  ,  7.65
18_Jun_2010  ,  7.65
17_Jun_2010  ,  7.65
16_Jun_2010  ,  8.014
15_Jun_2010  ,  8.0
14_Jun_2010  ,  7.75
11_Jun_2010  ,  7.849
10_Jun_2010  ,  7.65
9_Jun_2010  ,  7.65
8_Jun_2010  ,  7.85
7_Jun_2010  ,  7.65
4_Jun_2010  ,  7.95
3_Jun_2010  ,  7.7
2_Jun_2010  ,  7.75
1_Jun_2010  ,  7.75
31_May_2010  ,  7.75
28_May_2010  ,  7.95
27_May_2010  ,  8.015
26_May_2010  ,  8.25
25_May_2010  ,  7.75
24_May_2010  ,  8.268
21_May_2010  ,  8.268
20_May_2010  ,  8.268
19_May_2010  ,  7.75
18_May_2010  ,  7.75
17_May_2010  ,  7.75
14_May_2010  ,  7.8
13_May_2010  ,  7.5
12_May_2010  ,  7.799
11_May_2010  ,  7.799
10_May_2010  ,  7.4
7_May_2010  ,  8.5
6_May_2010  ,  8.0
5_May_2010  ,  7.749
4_May_2010  ,  7.409
3_May_2010  ,  7.75
30_Apr_2010  ,  7.7
29_Apr_2010  ,  8.0
28_Apr_2010  ,  8.0
27_Apr_2010  ,  7.25
26_Apr_2010  ,  7.25
