26_Jun_2018  ,  0.7
25_Jun_2018  ,  0.68
23_Jun_2018  ,  0.68
22_Jun_2018  ,  0.71
21_Jun_2018  ,  0.7
20_Jun_2018  ,  0.73
19_Jun_2018  ,  0.73
18_Jun_2018  ,  0.74
17_Jun_2018  ,  0.77
16_Jun_2018  ,  0.77
15_Jun_2018  ,  0.76
14_Jun_2018  ,  0.77
13_Jun_2018  ,  0.81
12_Jun_2018  ,  0.81
11_Jun_2018  ,  0.83
9_Jun_2018  ,  0.83
8_Jun_2018  ,  0.81
7_Jun_2018  ,  0.83
6_Jun_2018  ,  0.81
5_Jun_2018  ,  0.73
4_Jun_2018  ,  0.73
3_Jun_2018  ,  0.73
1_Jun_2018  ,  0.73
31_May_2018  ,  0.72
30_May_2018  ,  0.73
29_May_2018  ,  0.7
28_May_2018  ,  0.7
27_May_2018  ,  0.7
25_May_2018  ,  0.74
24_May_2018  ,  0.77
23_May_2018  ,  0.78
22_May_2018  ,  0.81
21_May_2018  ,  0.79
20_May_2018  ,  0.79
18_May_2018  ,  0.82
17_May_2018  ,  0.85
16_May_2018  ,  0.83
15_May_2018  ,  0.82
14_May_2018  ,  0.8
13_May_2018  ,  0.8
11_May_2018  ,  0.77
10_May_2018  ,  0.77
9_May_2018  ,  0.8
8_May_2018  ,  0.78
7_May_2018  ,  0.78
4_May_2018  ,  0.77
3_May_2018  ,  0.76
2_May_2018  ,  0.79
1_May_2018  ,  0.79
30_Apr_2018  ,  0.78
27_Apr_2018  ,  0.79
26_Apr_2018  ,  0.81
25_Apr_2018  ,  0.82
24_Apr_2018  ,  0.82
23_Apr_2018  ,  0.82
20_Apr_2018  ,  0.82
19_Apr_2018  ,  0.83
18_Apr_2018  ,  0.78
17_Apr_2018  ,  0.75
16_Apr_2018  ,  0.78
14_Apr_2018  ,  0.75
13_Apr_2018  ,  0.77
12_Apr_2018  ,  0.77
11_Apr_2018  ,  0.77
10_Apr_2018  ,  0.8
9_Apr_2018  ,  0.75
6_Apr_2018  ,  0.75
5_Apr_2018  ,  0.79
4_Apr_2018  ,  0.78
3_Apr_2018  ,  0.78
30_Mar_2018  ,  0.79
29_Mar_2018  ,  0.78
28_Mar_2018  ,  0.79
27_Mar_2018  ,  0.77
26_Mar_2018  ,  0.79
24_Mar_2018  ,  0.8
23_Mar_2018  ,  0.82
22_Mar_2018  ,  0.81
21_Mar_2018  ,  0.84
20_Mar_2018  ,  0.84
19_Mar_2018  ,  0.83
16_Mar_2018  ,  0.81
15_Mar_2018  ,  0.81
14_Mar_2018  ,  0.81
13_Mar_2018  ,  0.85
12_Mar_2018  ,  0.83
9_Mar_2018  ,  0.84
8_Mar_2018  ,  0.86
7_Mar_2018  ,  0.87
6_Mar_2018  ,  0.92
5_Mar_2018  ,  0.9
2_Mar_2018  ,  0.9
1_Mar_2018  ,  0.89
28_Feb_2018  ,  0.92
27_Feb_2018  ,  0.94
26_Feb_2018  ,  0.92
23_Feb_2018  ,  0.91
22_Feb_2018  ,  0.95
21_Feb_2018  ,  0.95
20_Feb_2018  ,  0.92
19_Feb_2018  ,  0.91
18_Feb_2018  ,  0.89
16_Feb_2018  ,  0.89
15_Feb_2018  ,  0.96
14_Feb_2018  ,  0.9
13_Feb_2018  ,  0.91
12_Feb_2018  ,  0.96
9_Feb_2018  ,  0.93
8_Feb_2018  ,  0.94
7_Feb_2018  ,  0.92
6_Feb_2018  ,  0.88
5_Feb_2018  ,  0.92
2_Feb_2018  ,  0.94
1_Feb_2018  ,  0.88
31_Jan_2018  ,  0.88
30_Jan_2018  ,  0.86
29_Jan_2018  ,  0.86
26_Jan_2018  ,  0.83
25_Jan_2018  ,  0.8
24_Jan_2018  ,  0.8
23_Jan_2018  ,  0.77
22_Jan_2018  ,  0.77
19_Jan_2018  ,  0.79
18_Jan_2018  ,  0.76
17_Jan_2018  ,  0.78
16_Jan_2018  ,  0.76
15_Jan_2018  ,  0.76
12_Jan_2018  ,  0.79
11_Jan_2018  ,  0.79
10_Jan_2018  ,  0.77
9_Jan_2018  ,  0.72
8_Jan_2018  ,  0.73
7_Jan_2018  ,  0.73
5_Jan_2018  ,  0.72
4_Jan_2018  ,  0.72
3_Jan_2018  ,  0.75
2_Jan_2018  ,  0.76
1_Jan_2018  ,  0.72
29_Dec_2017  ,  0.72
28_Dec_2017  ,  0.73
27_Dec_2017  ,  0.69
26_Dec_2017  ,  0.74
25_Dec_2017  ,  0.71
22_Dec_2017  ,  0.74
21_Dec_2017  ,  0.74
20_Dec_2017  ,  0.72
19_Dec_2017  ,  0.7
18_Dec_2017  ,  0.65
16_Dec_2017  ,  0.62
15_Dec_2017  ,  0.64
14_Dec_2017  ,  0.64
13_Dec_2017  ,  0.64
12_Dec_2017  ,  0.69
11_Dec_2017  ,  0.67
8_Dec_2017  ,  0.65
7_Dec_2017  ,  0.64
6_Dec_2017  ,  0.69
5_Dec_2017  ,  0.7
4_Dec_2017  ,  0.71
2_Dec_2017  ,  0.71
1_Dec_2017  ,  0.68
30_Nov_2017  ,  0.74
29_Nov_2017  ,  0.74
28_Nov_2017  ,  0.72
27_Nov_2017  ,  0.72
24_Nov_2017  ,  0.73
23_Nov_2017  ,  0.73
22_Nov_2017  ,  0.73
21_Nov_2017  ,  0.73
20_Nov_2017  ,  0.74
17_Nov_2017  ,  0.73
16_Nov_2017  ,  0.74
15_Nov_2017  ,  0.74
14_Nov_2017  ,  0.79
13_Nov_2017  ,  0.81
10_Nov_2017  ,  0.81
9_Nov_2017  ,  0.78
8_Nov_2017  ,  0.73
7_Nov_2017  ,  0.76
6_Nov_2017  ,  0.76
3_Nov_2017  ,  0.77
2_Nov_2017  ,  0.78
1_Nov_2017  ,  0.78
31_Oct_2017  ,  0.79
30_Oct_2017  ,  0.8
29_Oct_2017  ,  0.8
27_Oct_2017  ,  0.82
26_Oct_2017  ,  0.84
25_Oct_2017  ,  0.87
24_Oct_2017  ,  0.87
23_Oct_2017  ,  0.84
22_Oct_2017  ,  0.85
20_Oct_2017  ,  0.86
19_Oct_2017  ,  0.81
18_Oct_2017  ,  0.81
17_Oct_2017  ,  0.79
16_Oct_2017  ,  0.79
13_Oct_2017  ,  0.83
12_Oct_2017  ,  0.87
11_Oct_2017  ,  0.91
10_Oct_2017  ,  0.88
9_Oct_2017  ,  0.84
6_Oct_2017  ,  0.85
5_Oct_2017  ,  0.86
4_Oct_2017  ,  0.86
3_Oct_2017  ,  0.86
2_Oct_2017  ,  0.85
29_Sep_2017  ,  0.85
28_Sep_2017  ,  0.88
27_Sep_2017  ,  0.85
26_Sep_2017  ,  0.81
25_Sep_2017  ,  0.81
22_Sep_2017  ,  0.83
21_Sep_2017  ,  0.88
20_Sep_2017  ,  0.83
19_Sep_2017  ,  0.83
18_Sep_2017  ,  0.88
15_Sep_2017  ,  0.88
14_Sep_2017  ,  0.84
13_Sep_2017  ,  0.82
12_Sep_2017  ,  0.83
11_Sep_2017  ,  0.77
8_Sep_2017  ,  0.73
7_Sep_2017  ,  0.72
6_Sep_2017  ,  0.77
5_Sep_2017  ,  0.72
4_Sep_2017  ,  0.81
1_Sep_2017  ,  0.81
31_Aug_2017  ,  0.78
30_Aug_2017  ,  0.79
29_Aug_2017  ,  0.79
28_Aug_2017  ,  0.78
25_Aug_2017  ,  0.78
24_Aug_2017  ,  0.76
23_Aug_2017  ,  0.79
22_Aug_2017  ,  0.78
21_Aug_2017  ,  0.8
18_Aug_2017  ,  0.81
17_Aug_2017  ,  0.83
16_Aug_2017  ,  0.85
15_Aug_2017  ,  0.82
14_Aug_2017  ,  0.81
11_Aug_2017  ,  0.8
10_Aug_2017  ,  0.79
9_Aug_2017  ,  0.81
8_Aug_2017  ,  0.8
7_Aug_2017  ,  0.86
6_Aug_2017  ,  0.86
4_Aug_2017  ,  0.85
3_Aug_2017  ,  0.82
2_Aug_2017  ,  0.86
1_Aug_2017  ,  0.85
31_Jul_2017  ,  0.9
28_Jul_2017  ,  0.89
27_Jul_2017  ,  0.88
26_Jul_2017  ,  0.93
25_Jul_2017  ,  0.95
24_Jul_2017  ,  0.9
21_Jul_2017  ,  0.91
20_Jul_2017  ,  0.94
19_Jul_2017  ,  0.97
18_Jul_2017  ,  0.99
17_Jul_2017  ,  1.01
16_Jul_2017  ,  1.01
14_Jul_2017  ,  1.02
13_Jul_2017  ,  1.02
12_Jul_2017  ,  1.0
11_Jul_2017  ,  1.04
10_Jul_2017  ,  1.03
7_Jul_2017  ,  1.08
6_Jul_2017  ,  1.06
5_Jul_2017  ,  1.06
4_Jul_2017  ,  1.06
3_Jul_2017  ,  1.05
2_Jul_2017  ,  1.05
1_Jul_2017  ,  1.05
30_Jun_2017  ,  1.04
29_Jun_2017  ,  1.02
28_Jun_2017  ,  0.94
27_Jun_2017  ,  0.94
26_Jun_2017  ,  0.87
25_Jun_2017  ,  0.87
23_Jun_2017  ,  0.89
22_Jun_2017  ,  0.88
21_Jun_2017  ,  0.91
20_Jun_2017  ,  0.88
19_Jun_2017  ,  0.93
16_Jun_2017  ,  0.89
15_Jun_2017  ,  0.91
14_Jun_2017  ,  0.87
13_Jun_2017  ,  0.91
12_Jun_2017  ,  0.9
9_Jun_2017  ,  0.92
8_Jun_2017  ,  0.93
7_Jun_2017  ,  0.92
6_Jun_2017  ,  0.93
5_Jun_2017  ,  0.95
2_Jun_2017  ,  0.91
1_Jun_2017  ,  0.92
31_May_2017  ,  0.92
30_May_2017  ,  0.95
29_May_2017  ,  0.98
26_May_2017  ,  0.96
25_May_2017  ,  0.99
24_May_2017  ,  1.04
23_May_2017  ,  1.09
22_May_2017  ,  1.09
19_May_2017  ,  1.06
18_May_2017  ,  1.02
17_May_2017  ,  1.07
16_May_2017  ,  1.1
15_May_2017  ,  1.1
12_May_2017  ,  1.06
11_May_2017  ,  1.09
10_May_2017  ,  1.07
9_May_2017  ,  1.1
8_May_2017  ,  1.1
7_May_2017  ,  1.1
5_May_2017  ,  1.1
4_May_2017  ,  1.12
3_May_2017  ,  1.09
2_May_2017  ,  1.08
28_Apr_2017  ,  1.09
27_Apr_2017  ,  1.09
26_Apr_2017  ,  1.14
25_Apr_2017  ,  1.15
24_Apr_2017  ,  1.13
22_Apr_2017  ,  1.13
21_Apr_2017  ,  1.1
20_Apr_2017  ,  1.07
19_Apr_2017  ,  1.03
18_Apr_2017  ,  1.04
17_Apr_2017  ,  1.03
13_Apr_2017  ,  1.03
12_Apr_2017  ,  1.08
11_Apr_2017  ,  1.05
10_Apr_2017  ,  1.06
7_Apr_2017  ,  1.06
6_Apr_2017  ,  1.09
5_Apr_2017  ,  1.09
4_Apr_2017  ,  1.09
3_Apr_2017  ,  1.09
31_Mar_2017  ,  1.13
30_Mar_2017  ,  1.14
29_Mar_2017  ,  1.13
28_Mar_2017  ,  1.18
27_Mar_2017  ,  1.16
26_Mar_2017  ,  1.16
24_Mar_2017  ,  1.21
23_Mar_2017  ,  1.19
22_Mar_2017  ,  1.18
21_Mar_2017  ,  1.22
20_Mar_2017  ,  1.21
18_Mar_2017  ,  1.21
17_Mar_2017  ,  1.2
16_Mar_2017  ,  1.21
15_Mar_2017  ,  1.19
14_Mar_2017  ,  1.21
13_Mar_2017  ,  1.23
10_Mar_2017  ,  1.25
9_Mar_2017  ,  1.21
8_Mar_2017  ,  1.15
7_Mar_2017  ,  1.11
6_Mar_2017  ,  1.13
3_Mar_2017  ,  1.15
2_Mar_2017  ,  1.1
1_Mar_2017  ,  1.09
28_Feb_2017  ,  1.05
27_Feb_2017  ,  1.02
24_Feb_2017  ,  1.07
23_Feb_2017  ,  1.05
22_Feb_2017  ,  1.08
21_Feb_2017  ,  1.2
20_Feb_2017  ,  1.1
17_Feb_2017  ,  1.18
16_Feb_2017  ,  1.1
15_Feb_2017  ,  1.13
14_Feb_2017  ,  1.15
13_Feb_2017  ,  1.11
10_Feb_2017  ,  1.08
9_Feb_2017  ,  1.09
8_Feb_2017  ,  1.06
7_Feb_2017  ,  1.11
6_Feb_2017  ,  1.1
3_Feb_2017  ,  1.08
2_Feb_2017  ,  1.08
1_Feb_2017  ,  1.12
31_Jan_2017  ,  1.09
30_Jan_2017  ,  1.1
27_Jan_2017  ,  1.14
26_Jan_2017  ,  1.16
25_Jan_2017  ,  1.16
24_Jan_2017  ,  1.11
23_Jan_2017  ,  1.08
20_Jan_2017  ,  1.12
19_Jan_2017  ,  1.08
18_Jan_2017  ,  1.05
17_Jan_2017  ,  1.03
16_Jan_2017  ,  1.05
13_Jan_2017  ,  1.06
12_Jan_2017  ,  1.04
11_Jan_2017  ,  1.03
10_Jan_2017  ,  1.06
9_Jan_2017  ,  1.06
6_Jan_2017  ,  1.06
5_Jan_2017  ,  1.03
4_Jan_2017  ,  1.05
3_Jan_2017  ,  1.04
2_Jan_2017  ,  0.96
30_Dec_2016  ,  0.97
29_Dec_2016  ,  0.96
28_Dec_2016  ,  0.99
27_Dec_2016  ,  1.0
23_Dec_2016  ,  1.0
22_Dec_2016  ,  1.03
21_Dec_2016  ,  1.02
20_Dec_2016  ,  1.05
19_Dec_2016  ,  1.02
16_Dec_2016  ,  1.09
15_Dec_2016  ,  1.1
14_Dec_2016  ,  1.07
13_Dec_2016  ,  1.12
12_Dec_2016  ,  1.19
9_Dec_2016  ,  1.11
8_Dec_2016  ,  1.13
7_Dec_2016  ,  1.07
6_Dec_2016  ,  1.1
5_Dec_2016  ,  1.07
2_Dec_2016  ,  1.04
1_Dec_2016  ,  1.13
30_Nov_2016  ,  1.04
29_Nov_2016  ,  0.98
28_Nov_2016  ,  0.98
25_Nov_2016  ,  1.0
24_Nov_2016  ,  0.97
23_Nov_2016  ,  0.98
22_Nov_2016  ,  0.92
21_Nov_2016  ,  0.93
18_Nov_2016  ,  0.92
17_Nov_2016  ,  0.92
16_Nov_2016  ,  0.92
15_Nov_2016  ,  0.9
14_Nov_2016  ,  0.92
11_Nov_2016  ,  0.88
10_Nov_2016  ,  0.83
9_Nov_2016  ,  0.68
8_Nov_2016  ,  0.65
7_Nov_2016  ,  0.62
4_Nov_2016  ,  0.56
3_Nov_2016  ,  0.61
2_Nov_2016  ,  0.58
1_Nov_2016  ,  0.58
31_Oct_2016  ,  0.61
28_Oct_2016  ,  0.6
27_Oct_2016  ,  0.61
26_Oct_2016  ,  0.53
25_Oct_2016  ,  0.49
24_Oct_2016  ,  0.45
21_Oct_2016  ,  0.48
20_Oct_2016  ,  0.47
19_Oct_2016  ,  0.48
18_Oct_2016  ,  0.49
17_Oct_2016  ,  0.52
15_Oct_2016  ,  0.52
14_Oct_2016  ,  0.47
13_Oct_2016  ,  0.46
12_Oct_2016  ,  0.49
11_Oct_2016  ,  0.48
10_Oct_2016  ,  0.49
8_Oct_2016  ,  0.49
7_Oct_2016  ,  0.46
6_Oct_2016  ,  0.41
5_Oct_2016  ,  0.41
4_Oct_2016  ,  0.36
3_Oct_2016  ,  0.34
1_Oct_2016  ,  0.34
30_Sep_2016  ,  0.32
29_Sep_2016  ,  0.33
28_Sep_2016  ,  0.31
27_Sep_2016  ,  0.32
26_Sep_2016  ,  0.34
25_Sep_2016  ,  0.34
24_Sep_2016  ,  0.34
23_Sep_2016  ,  0.35
22_Sep_2016  ,  0.36
21_Sep_2016  ,  0.43
20_Sep_2016  ,  0.41
19_Sep_2016  ,  0.43
17_Sep_2016  ,  0.43
16_Sep_2016  ,  0.42
15_Sep_2016  ,  0.42
14_Sep_2016  ,  0.4
13_Sep_2016  ,  0.41
12_Sep_2016  ,  0.4
11_Sep_2016  ,  0.4
10_Sep_2016  ,  0.4
9_Sep_2016  ,  0.38
8_Sep_2016  ,  0.31
7_Sep_2016  ,  0.26
6_Sep_2016  ,  0.3
5_Sep_2016  ,  0.32
3_Sep_2016  ,  0.32
2_Sep_2016  ,  0.33
1_Sep_2016  ,  0.33
31_Aug_2016  ,  0.32
30_Aug_2016  ,  0.29
29_Aug_2016  ,  0.29
28_Aug_2016  ,  0.29
27_Aug_2016  ,  0.29
26_Aug_2016  ,  0.3
25_Aug_2016  ,  0.32
24_Aug_2016  ,  0.3
23_Aug_2016  ,  0.3
22_Aug_2016  ,  0.3
19_Aug_2016  ,  0.34
18_Aug_2016  ,  0.31
17_Aug_2016  ,  0.35
16_Aug_2016  ,  0.36
15_Aug_2016  ,  0.32
14_Aug_2016  ,  0.32
13_Aug_2016  ,  0.32
12_Aug_2016  ,  0.29
11_Aug_2016  ,  0.3
10_Aug_2016  ,  0.31
9_Aug_2016  ,  0.33
8_Aug_2016  ,  0.34
6_Aug_2016  ,  0.34
5_Aug_2016  ,  0.35
4_Aug_2016  ,  0.34
3_Aug_2016  ,  0.37
2_Aug_2016  ,  0.39
1_Aug_2016  ,  0.33
29_Jul_2016  ,  0.33
28_Jul_2016  ,  0.36
27_Jul_2016  ,  0.38
26_Jul_2016  ,  0.42
25_Jul_2016  ,  0.46
22_Jul_2016  ,  0.53
21_Jul_2016  ,  0.54
20_Jul_2016  ,  0.52
19_Jul_2016  ,  0.54
18_Jul_2016  ,  0.54
15_Jul_2016  ,  0.55
14_Jul_2016  ,  0.53
13_Jul_2016  ,  0.51
12_Jul_2016  ,  0.54
11_Jul_2016  ,  0.49
10_Jul_2016  ,  0.49
8_Jul_2016  ,  0.49
7_Jul_2016  ,  0.5
6_Jul_2016  ,  0.5
5_Jul_2016  ,  0.5
4_Jul_2016  ,  0.57
3_Jul_2016  ,  0.57
1_Jul_2016  ,  0.59
30_Jun_2016  ,  0.64
29_Jun_2016  ,  0.66
28_Jun_2016  ,  0.7
27_Jun_2016  ,  0.7
24_Jun_2016  ,  0.77
23_Jun_2016  ,  0.8
22_Jun_2016  ,  0.79
21_Jun_2016  ,  0.78
20_Jun_2016  ,  0.78
17_Jun_2016  ,  0.76
16_Jun_2016  ,  0.76
15_Jun_2016  ,  0.78
14_Jun_2016  ,  0.79
13_Jun_2016  ,  0.78
10_Jun_2016  ,  0.79
9_Jun_2016  ,  0.81
8_Jun_2016  ,  0.82
7_Jun_2016  ,  0.82
6_Jun_2016  ,  0.82
5_Jun_2016  ,  0.82
4_Jun_2016  ,  0.82
3_Jun_2016  ,  0.84
2_Jun_2016  ,  0.88
1_Jun_2016  ,  0.87
31_May_2016  ,  0.9
30_May_2016  ,  0.89
28_May_2016  ,  0.89
27_May_2016  ,  0.89
26_May_2016  ,  0.89
25_May_2016  ,  0.89
24_May_2016  ,  0.91
23_May_2016  ,  0.9
21_May_2016  ,  0.9
20_May_2016  ,  0.91
19_May_2016  ,  0.92
18_May_2016  ,  0.91
17_May_2016  ,  0.94
16_May_2016  ,  0.9
14_May_2016  ,  0.9
13_May_2016  ,  0.89
12_May_2016  ,  0.9
11_May_2016  ,  0.87
10_May_2016  ,  0.86
9_May_2016  ,  0.84
7_May_2016  ,  0.84
6_May_2016  ,  0.84
5_May_2016  ,  0.86
4_May_2016  ,  0.86
3_May_2016  ,  0.85
2_May_2016  ,  0.86
30_Apr_2016  ,  0.86
29_Apr_2016  ,  0.87
28_Apr_2016  ,  0.84
27_Apr_2016  ,  0.87
26_Apr_2016  ,  0.84
25_Apr_2016  ,  0.83
23_Apr_2016  ,  0.83
22_Apr_2016  ,  0.82
21_Apr_2016  ,  0.79
20_Apr_2016  ,  0.76
19_Apr_2016  ,  0.76
18_Apr_2016  ,  0.74
16_Apr_2016  ,  0.74
15_Apr_2016  ,  0.71
14_Apr_2016  ,  0.74
13_Apr_2016  ,  0.73
12_Apr_2016  ,  0.74
11_Apr_2016  ,  0.7
9_Apr_2016  ,  0.7
8_Apr_2016  ,  0.7
7_Apr_2016  ,  0.68
6_Apr_2016  ,  0.7
5_Apr_2016  ,  0.7
4_Apr_2016  ,  0.72
2_Apr_2016  ,  0.72
1_Apr_2016  ,  0.72
31_Mar_2016  ,  0.74
30_Mar_2016  ,  0.51
29_Mar_2016  ,  0.49
28_Mar_2016  ,  0.49
26_Mar_2016  ,  0.49
25_Mar_2016  ,  0.49
24_Mar_2016  ,  0.52
23_Mar_2016  ,  0.49
22_Mar_2016  ,  0.5
21_Mar_2016  ,  0.5
19_Mar_2016  ,  0.5
18_Mar_2016  ,  0.45
17_Mar_2016  ,  0.45
16_Mar_2016  ,  0.52
15_Mar_2016  ,  0.53
14_Mar_2016  ,  0.51
12_Mar_2016  ,  0.51
11_Mar_2016  ,  0.51
10_Mar_2016  ,  0.56
9_Mar_2016  ,  0.51
8_Mar_2016  ,  0.49
7_Mar_2016  ,  0.53
4_Mar_2016  ,  0.54
3_Mar_2016  ,  0.49
2_Mar_2016  ,  0.52
1_Mar_2016  ,  0.47
29_Feb_2016  ,  0.44
27_Feb_2016  ,  0.44
26_Feb_2016  ,  0.48
25_Feb_2016  ,  0.47
24_Feb_2016  ,  0.52
23_Feb_2016  ,  0.54
22_Feb_2016  ,  0.54
20_Feb_2016  ,  0.54
19_Feb_2016  ,  0.56
18_Feb_2016  ,  0.59
17_Feb_2016  ,  0.64
16_Feb_2016  ,  0.65
15_Feb_2016  ,  0.63
14_Feb_2016  ,  0.63
13_Feb_2016  ,  0.63
12_Feb_2016  ,  0.66
11_Feb_2016  ,  0.6
10_Feb_2016  ,  0.62
9_Feb_2016  ,  0.61
8_Feb_2016  ,  0.6
6_Feb_2016  ,  0.6
5_Feb_2016  ,  0.62
4_Feb_2016  ,  0.62
3_Feb_2016  ,  0.61
2_Feb_2016  ,  0.65
1_Feb_2016  ,  0.68
30_Jan_2016  ,  0.68
29_Jan_2016  ,  0.68
28_Jan_2016  ,  0.72
27_Jan_2016  ,  0.75
26_Jan_2016  ,  0.74
25_Jan_2016  ,  0.76
23_Jan_2016  ,  0.76
22_Jan_2016  ,  0.8
21_Jan_2016  ,  0.77
20_Jan_2016  ,  0.81
19_Jan_2016  ,  0.86
18_Jan_2016  ,  0.86
16_Jan_2016  ,  0.86
15_Jan_2016  ,  0.84
14_Jan_2016  ,  0.78
13_Jan_2016  ,  0.82
12_Jan_2016  ,  0.72
11_Jan_2016  ,  0.8
10_Jan_2016  ,  0.8
9_Jan_2016  ,  0.8
8_Jan_2016  ,  0.76
7_Jan_2016  ,  0.79
6_Jan_2016  ,  0.79
5_Jan_2016  ,  0.8
4_Jan_2016  ,  0.82
2_Jan_2016  ,  0.82
1_Jan_2016  ,  0.82
31_Dec_2015  ,  0.83
30_Dec_2015  ,  0.87
29_Dec_2015  ,  0.87
28_Dec_2015  ,  0.81
26_Dec_2015  ,  0.81
25_Dec_2015  ,  0.81
24_Dec_2015  ,  0.81
23_Dec_2015  ,  0.87
22_Dec_2015  ,  0.85
21_Dec_2015  ,  0.82
19_Dec_2015  ,  0.82
18_Dec_2015  ,  0.81
17_Dec_2015  ,  0.85
16_Dec_2015  ,  0.91
15_Dec_2015  ,  0.87
14_Dec_2015  ,  0.81
12_Dec_2015  ,  0.81
11_Dec_2015  ,  0.79
10_Dec_2015  ,  0.82
9_Dec_2015  ,  0.78
8_Dec_2015  ,  0.77
7_Dec_2015  ,  0.76
6_Dec_2015  ,  0.76
5_Dec_2015  ,  0.76
4_Dec_2015  ,  0.84
3_Dec_2015  ,  0.83
2_Dec_2015  ,  0.7
1_Dec_2015  ,  0.7
30_Nov_2015  ,  0.7
28_Nov_2015  ,  0.7
27_Nov_2015  ,  0.69
26_Nov_2015  ,  0.71
25_Nov_2015  ,  0.75
24_Nov_2015  ,  0.77
23_Nov_2015  ,  0.78
22_Nov_2015  ,  0.78
21_Nov_2015  ,  0.78
20_Nov_2015  ,  0.75
19_Nov_2015  ,  0.77
18_Nov_2015  ,  0.8
17_Nov_2015  ,  0.8
16_Nov_2015  ,  0.82
14_Nov_2015  ,  0.82
13_Nov_2015  ,  0.85
12_Nov_2015  ,  0.88
11_Nov_2015  ,  0.88
10_Nov_2015  ,  0.86
9_Nov_2015  ,  0.88
7_Nov_2015  ,  0.88
6_Nov_2015  ,  0.92
5_Nov_2015  ,  0.86
4_Nov_2015  ,  0.86
3_Nov_2015  ,  0.86
2_Nov_2015  ,  0.92
31_Oct_2015  ,  0.92
30_Oct_2015  ,  0.83
29_Oct_2015  ,  0.83
28_Oct_2015  ,  0.69
27_Oct_2015  ,  0.73
26_Oct_2015  ,  0.79
24_Oct_2015  ,  0.79
23_Oct_2015  ,  0.81
22_Oct_2015  ,  0.81
21_Oct_2015  ,  0.81
20_Oct_2015  ,  0.86
19_Oct_2015  ,  0.82
18_Oct_2015  ,  0.82
17_Oct_2015  ,  0.82
16_Oct_2015  ,  0.85
15_Oct_2015  ,  0.86
14_Oct_2015  ,  0.85
13_Oct_2015  ,  0.83
12_Oct_2015  ,  0.82
11_Oct_2015  ,  0.82
10_Oct_2015  ,  0.82
9_Oct_2015  ,  0.86
8_Oct_2015  ,  0.84
7_Oct_2015  ,  0.85
6_Oct_2015  ,  0.9
5_Oct_2015  ,  0.88
3_Oct_2015  ,  0.88
2_Oct_2015  ,  0.84
1_Oct_2015  ,  0.88
30_Sep_2015  ,  0.87
29_Sep_2015  ,  0.88
28_Sep_2015  ,  0.9
27_Sep_2015  ,  0.9
26_Sep_2015  ,  0.9
25_Sep_2015  ,  0.94
24_Sep_2015  ,  0.89
23_Sep_2015  ,  0.9
22_Sep_2015  ,  0.92
21_Sep_2015  ,  0.96
19_Sep_2015  ,  0.96
18_Sep_2015  ,  0.99
17_Sep_2015  ,  1.04
16_Sep_2015  ,  1.05
15_Sep_2015  ,  1.05
14_Sep_2015  ,  0.95
12_Sep_2015  ,  0.95
11_Sep_2015  ,  0.96
10_Sep_2015  ,  1.02
9_Sep_2015  ,  1.03
8_Sep_2015  ,  1.0
7_Sep_2015  ,  0.99
6_Sep_2015  ,  0.99
5_Sep_2015  ,  0.99
4_Sep_2015  ,  1.01
3_Sep_2015  ,  1.07
2_Sep_2015  ,  1.13
1_Sep_2015  ,  1.13
31_Aug_2015  ,  1.1
29_Aug_2015  ,  1.1
28_Aug_2015  ,  1.06
27_Aug_2015  ,  1.04
26_Aug_2015  ,  1.04
25_Aug_2015  ,  1.09
24_Aug_2015  ,  0.96
22_Aug_2015  ,  0.96
21_Aug_2015  ,  0.96
20_Aug_2015  ,  0.94
19_Aug_2015  ,  0.95
18_Aug_2015  ,  0.95
17_Aug_2015  ,  0.96
15_Aug_2015  ,  0.96
14_Aug_2015  ,  0.92
13_Aug_2015  ,  0.97
12_Aug_2015  ,  0.95
11_Aug_2015  ,  0.97
10_Aug_2015  ,  1.03
8_Aug_2015  ,  1.03
7_Aug_2015  ,  0.99
6_Aug_2015  ,  1.04
5_Aug_2015  ,  1.09
4_Aug_2015  ,  0.99
3_Aug_2015  ,  0.98
2_Aug_2015  ,  0.98
1_Aug_2015  ,  0.98
31_Jul_2015  ,  1.0
30_Jul_2015  ,  0.99
29_Jul_2015  ,  1.1
28_Jul_2015  ,  1.06
27_Jul_2015  ,  1.05
25_Jul_2015  ,  1.05
24_Jul_2015  ,  1.07
23_Jul_2015  ,  1.1
22_Jul_2015  ,  1.13
21_Jul_2015  ,  1.17
20_Jul_2015  ,  1.15
18_Jul_2015  ,  1.15
17_Jul_2015  ,  1.16
16_Jul_2015  ,  1.27
15_Jul_2015  ,  1.2
14_Jul_2015  ,  1.3
13_Jul_2015  ,  1.34
11_Jul_2015  ,  1.34
10_Jul_2015  ,  1.38
9_Jul_2015  ,  1.41
8_Jul_2015  ,  1.39
7_Jul_2015  ,  1.4
6_Jul_2015  ,  1.5
4_Jul_2015  ,  1.5
3_Jul_2015  ,  1.41
2_Jul_2015  ,  1.5
1_Jul_2015  ,  1.47
30_Jun_2015  ,  1.5
29_Jun_2015  ,  1.48
27_Jun_2015  ,  1.48
26_Jun_2015  ,  1.49
25_Jun_2015  ,  1.42
24_Jun_2015  ,  1.42
23_Jun_2015  ,  1.44
22_Jun_2015  ,  1.53
21_Jun_2015  ,  1.53
20_Jun_2015  ,  1.53
19_Jun_2015  ,  1.5
18_Jun_2015  ,  1.48
17_Jun_2015  ,  1.54
16_Jun_2015  ,  1.52
15_Jun_2015  ,  1.49
13_Jun_2015  ,  1.49
12_Jun_2015  ,  1.37
11_Jun_2015  ,  1.23
10_Jun_2015  ,  1.32
9_Jun_2015  ,  1.39
8_Jun_2015  ,  1.2
7_Jun_2015  ,  1.2
6_Jun_2015  ,  1.2
5_Jun_2015  ,  1.17
4_Jun_2015  ,  1.15
3_Jun_2015  ,  1.16
2_Jun_2015  ,  0.99
1_Jun_2015  ,  0.89
30_May_2015  ,  0.89
29_May_2015  ,  0.91
28_May_2015  ,  0.96
27_May_2015  ,  0.87
26_May_2015  ,  0.96
25_May_2015  ,  0.83
23_May_2015  ,  0.83
22_May_2015  ,  0.91
21_May_2015  ,  1.02
20_May_2015  ,  1.0
19_May_2015  ,  0.92
18_May_2015  ,  0.88
16_May_2015  ,  0.88
15_May_2015  ,  0.87
14_May_2015  ,  0.93
13_May_2015  ,  0.93
12_May_2015  ,  0.86
11_May_2015  ,  0.79
9_May_2015  ,  0.79
8_May_2015  ,  0.79
7_May_2015  ,  0.86
6_May_2015  ,  0.79
5_May_2015  ,  0.64
4_May_2015  ,  0.68
2_May_2015  ,  0.68
1_May_2015  ,  0.68
30_Apr_2015  ,  0.62
29_Apr_2015  ,  0.52
28_Apr_2015  ,  0.42
27_Apr_2015  ,  0.42
25_Apr_2015  ,  0.42
24_Apr_2015  ,  0.41
23_Apr_2015  ,  0.42
22_Apr_2015  ,  0.42
21_Apr_2015  ,  0.39
20_Apr_2015  ,  0.36
18_Apr_2015  ,  0.36
17_Apr_2015  ,  0.43
16_Apr_2015  ,  0.43
15_Apr_2015  ,  0.44
14_Apr_2015  ,  0.48
13_Apr_2015  ,  0.5
11_Apr_2015  ,  0.5
10_Apr_2015  ,  0.48
9_Apr_2015  ,  0.48
8_Apr_2015  ,  0.53
7_Apr_2015  ,  0.48
6_Apr_2015  ,  0.48
4_Apr_2015  ,  0.48
3_Apr_2015  ,  0.48
2_Apr_2015  ,  0.56
1_Apr_2015  ,  0.48
31_Mar_2015  ,  0.54
30_Mar_2015  ,  0.5
28_Mar_2015  ,  0.5
27_Mar_2015  ,  0.5
26_Mar_2015  ,  0.51
25_Mar_2015  ,  0.51
24_Mar_2015  ,  0.63
23_Mar_2015  ,  0.6
21_Mar_2015  ,  0.6
20_Mar_2015  ,  0.51
19_Mar_2015  ,  0.49
18_Mar_2015  ,  0.52
17_Mar_2015  ,  0.52
16_Mar_2015  ,  0.62
14_Mar_2015  ,  0.62
13_Mar_2015  ,  0.61
12_Mar_2015  ,  0.51
11_Mar_2015  ,  0.54
10_Mar_2015  ,  0.64
9_Mar_2015  ,  0.76
8_Mar_2015  ,  0.76
7_Mar_2015  ,  0.76
6_Mar_2015  ,  0.71
5_Mar_2015  ,  0.82
4_Mar_2015  ,  0.83
3_Mar_2015  ,  0.81
2_Mar_2015  ,  0.79
28_Feb_2015  ,  0.79
27_Feb_2015  ,  0.84
26_Feb_2015  ,  0.81
25_Feb_2015  ,  0.85
24_Feb_2015  ,  0.84
23_Feb_2015  ,  0.89
21_Feb_2015  ,  0.89
20_Feb_2015  ,  0.71
19_Feb_2015  ,  0.71
18_Feb_2015  ,  0.73
17_Feb_2015  ,  0.71
16_Feb_2015  ,  0.8
14_Feb_2015  ,  0.8
13_Feb_2015  ,  0.72
12_Feb_2015  ,  0.78
11_Feb_2015  ,  0.74
10_Feb_2015  ,  0.79
9_Feb_2015  ,  0.68
7_Feb_2015  ,  0.68
6_Feb_2015  ,  0.69
5_Feb_2015  ,  0.68
4_Feb_2015  ,  0.79
3_Feb_2015  ,  0.78
2_Feb_2015  ,  0.67
1_Feb_2015  ,  0.67
31_Jan_2015  ,  0.67
30_Jan_2015  ,  0.71
29_Jan_2015  ,  0.75
28_Jan_2015  ,  0.73
27_Jan_2015  ,  0.76
26_Jan_2015  ,  0.88
24_Jan_2015  ,  0.88
23_Jan_2015  ,  0.77
22_Jan_2015  ,  1.03
21_Jan_2015  ,  1.06
20_Jan_2015  ,  0.99
19_Jan_2015  ,  0.97
17_Jan_2015  ,  0.97
16_Jan_2015  ,  0.89
15_Jan_2015  ,  0.96
14_Jan_2015  ,  1.01
13_Jan_2015  ,  1.08
12_Jan_2015  ,  1.13
10_Jan_2015  ,  1.13
9_Jan_2015  ,  1.17
8_Jan_2015  ,  1.19
7_Jan_2015  ,  1.16
6_Jan_2015  ,  1.16
5_Jan_2015  ,  1.2
3_Jan_2015  ,  1.2
2_Jan_2015  ,  1.18
31_Dec_2014  ,  1.18
30_Dec_2014  ,  1.11
29_Dec_2014  ,  1.25
28_Dec_2014  ,  1.25
24_Dec_2014  ,  1.25
23_Dec_2014  ,  1.28
22_Dec_2014  ,  1.3
21_Dec_2014  ,  1.3
20_Dec_2014  ,  1.3
19_Dec_2014  ,  1.28
18_Dec_2014  ,  1.2
17_Dec_2014  ,  1.27
16_Dec_2014  ,  1.26
15_Dec_2014  ,  1.21
14_Dec_2014  ,  1.21
13_Dec_2014  ,  1.21
12_Dec_2014  ,  1.19
11_Dec_2014  ,  1.35
10_Dec_2014  ,  1.24
9_Dec_2014  ,  1.36
8_Dec_2014  ,  1.27
6_Dec_2014  ,  1.27
5_Dec_2014  ,  1.48
4_Dec_2014  ,  1.34
3_Dec_2014  ,  1.34
2_Dec_2014  ,  1.44
1_Dec_2014  ,  1.38
30_Nov_2014  ,  1.38
29_Nov_2014  ,  1.38
28_Nov_2014  ,  1.34
27_Nov_2014  ,  1.38
26_Nov_2014  ,  1.41
25_Nov_2014  ,  1.42
24_Nov_2014  ,  1.45
22_Nov_2014  ,  1.45
21_Nov_2014  ,  1.45
20_Nov_2014  ,  1.48
19_Nov_2014  ,  1.52
18_Nov_2014  ,  1.47
17_Nov_2014  ,  1.47
16_Nov_2014  ,  1.47
15_Nov_2014  ,  1.47
14_Nov_2014  ,  1.41
13_Nov_2014  ,  1.42
12_Nov_2014  ,  1.43
11_Nov_2014  ,  1.49
10_Nov_2014  ,  1.46
8_Nov_2014  ,  1.46
7_Nov_2014  ,  1.51
6_Nov_2014  ,  1.52
5_Nov_2014  ,  1.52
4_Nov_2014  ,  1.46
3_Nov_2014  ,  1.5
1_Nov_2014  ,  1.5
31_Oct_2014  ,  1.49
30_Oct_2014  ,  1.49
29_Oct_2014  ,  1.54
28_Oct_2014  ,  1.54
27_Oct_2014  ,  1.45
25_Oct_2014  ,  1.45
24_Oct_2014  ,  1.48
23_Oct_2014  ,  1.49
22_Oct_2014  ,  1.45
21_Oct_2014  ,  1.4
20_Oct_2014  ,  1.4
18_Oct_2014  ,  1.4
17_Oct_2014  ,  1.4
16_Oct_2014  ,  1.41
15_Oct_2014  ,  1.32
14_Oct_2014  ,  1.38
13_Oct_2014  ,  1.4
11_Oct_2014  ,  1.4
10_Oct_2014  ,  1.43
9_Oct_2014  ,  1.43
8_Oct_2014  ,  1.45
7_Oct_2014  ,  1.48
6_Oct_2014  ,  1.45
4_Oct_2014  ,  1.45
3_Oct_2014  ,  1.46
2_Oct_2014  ,  1.51
1_Oct_2014  ,  1.49
30_Sep_2014  ,  1.49
29_Sep_2014  ,  1.53
27_Sep_2014  ,  1.53
26_Sep_2014  ,  1.49
25_Sep_2014  ,  1.52
24_Sep_2014  ,  1.53
23_Sep_2014  ,  1.57
22_Sep_2014  ,  1.59
20_Sep_2014  ,  1.59
19_Sep_2014  ,  1.61
18_Sep_2014  ,  1.66
17_Sep_2014  ,  1.63
16_Sep_2014  ,  1.64
15_Sep_2014  ,  1.64
13_Sep_2014  ,  1.64
12_Sep_2014  ,  1.72
11_Sep_2014  ,  1.66
10_Sep_2014  ,  1.66
9_Sep_2014  ,  1.67
8_Sep_2014  ,  1.67
6_Sep_2014  ,  1.67
5_Sep_2014  ,  1.71
4_Sep_2014  ,  1.72
3_Sep_2014  ,  1.69
2_Sep_2014  ,  1.68
1_Sep_2014  ,  1.68
31_Aug_2014  ,  1.68
30_Aug_2014  ,  1.68
29_Aug_2014  ,  1.68
28_Aug_2014  ,  1.76
27_Aug_2014  ,  1.78
26_Aug_2014  ,  1.82
25_Aug_2014  ,  1.83
23_Aug_2014  ,  1.83
22_Aug_2014  ,  1.89
21_Aug_2014  ,  1.84
20_Aug_2014  ,  1.86
19_Aug_2014  ,  1.87
18_Aug_2014  ,  1.89
17_Aug_2014  ,  1.89
16_Aug_2014  ,  1.89
15_Aug_2014  ,  1.84
14_Aug_2014  ,  1.89
13_Aug_2014  ,  1.91
12_Aug_2014  ,  1.92
11_Aug_2014  ,  1.94
10_Aug_2014  ,  1.94
9_Aug_2014  ,  1.94
8_Aug_2014  ,  1.95
7_Aug_2014  ,  1.94
6_Aug_2014  ,  1.96
5_Aug_2014  ,  1.98
4_Aug_2014  ,  1.94
2_Aug_2014  ,  1.94
1_Aug_2014  ,  1.94
31_Jul_2014  ,  1.98
30_Jul_2014  ,  1.97
29_Jul_2014  ,  1.93
28_Jul_2014  ,  1.94
27_Jul_2014  ,  1.94
26_Jul_2014  ,  1.94
25_Jul_2014  ,  1.91
24_Jul_2014  ,  1.94
23_Jul_2014  ,  1.93
22_Jul_2014  ,  1.96
21_Jul_2014  ,  1.96
20_Jul_2014  ,  1.96
19_Jul_2014  ,  1.96
18_Jul_2014  ,  1.97
17_Jul_2014  ,  1.96
16_Jul_2014  ,  2.0
15_Jul_2014  ,  2.01
14_Jul_2014  ,  2.0
12_Jul_2014  ,  2.0
11_Jul_2014  ,  2.02
10_Jul_2014  ,  2.06
9_Jul_2014  ,  2.04
8_Jul_2014  ,  2.04
7_Jul_2014  ,  2.08
5_Jul_2014  ,  2.08
4_Jul_2014  ,  2.08
3_Jul_2014  ,  2.1
2_Jul_2014  ,  2.09
1_Jul_2014  ,  2.05
30_Jun_2014  ,  2.06
28_Jun_2014  ,  2.06
27_Jun_2014  ,  2.11
26_Jun_2014  ,  2.05
25_Jun_2014  ,  2.11
24_Jun_2014  ,  2.11
23_Jun_2014  ,  2.13
22_Jun_2014  ,  2.13
21_Jun_2014  ,  2.13
20_Jun_2014  ,  2.1
19_Jun_2014  ,  2.08
18_Jun_2014  ,  2.11
17_Jun_2014  ,  2.15
16_Jun_2014  ,  2.16
14_Jun_2014  ,  2.16
13_Jun_2014  ,  2.17
12_Jun_2014  ,  2.17
11_Jun_2014  ,  2.21
10_Jun_2014  ,  2.21
9_Jun_2014  ,  2.21
7_Jun_2014  ,  2.21
6_Jun_2014  ,  2.19
5_Jun_2014  ,  2.22
4_Jun_2014  ,  2.32
3_Jun_2014  ,  2.25
2_Jun_2014  ,  2.27
31_May_2014  ,  2.27
30_May_2014  ,  2.27
29_May_2014  ,  2.25
28_May_2014  ,  2.24
27_May_2014  ,  2.29
26_May_2014  ,  2.29
25_May_2014  ,  2.29
24_May_2014  ,  2.29
23_May_2014  ,  2.32
22_May_2014  ,  2.31
21_May_2014  ,  2.32
20_May_2014  ,  2.32
19_May_2014  ,  2.29
17_May_2014  ,  2.29
16_May_2014  ,  2.29
15_May_2014  ,  2.25
14_May_2014  ,  2.25
13_May_2014  ,  2.25
12_May_2014  ,  2.25
10_May_2014  ,  2.25
9_May_2014  ,  2.25
8_May_2014  ,  2.25
7_May_2014  ,  2.25
6_May_2014  ,  2.25
5_May_2014  ,  2.25
3_May_2014  ,  2.25
2_May_2014  ,  2.25
1_May_2014  ,  2.25
30_Apr_2014  ,  2.25
29_Apr_2014  ,  2.25
28_Apr_2014  ,  2.25
27_Apr_2014  ,  2.25
26_Apr_2014  ,  2.25
25_Apr_2014  ,  2.25
24_Apr_2014  ,  2.25
23_Apr_2014  ,  2.25
22_Apr_2014  ,  2.25
21_Apr_2014  ,  2.25
19_Apr_2014  ,  2.25
18_Apr_2014  ,  2.25
17_Apr_2014  ,  2.25
16_Apr_2014  ,  2.25
15_Apr_2014  ,  2.25
14_Apr_2014  ,  2.25
12_Apr_2014  ,  2.25
11_Apr_2014  ,  2.25
10_Apr_2014  ,  2.25
9_Apr_2014  ,  2.25
8_Apr_2014  ,  2.25
7_Apr_2014  ,  2.25
5_Apr_2014  ,  2.25
4_Apr_2014  ,  2.25
3_Apr_2014  ,  2.25
2_Apr_2014  ,  2.25
1_Apr_2014  ,  2.25
31_Mar_2014  ,  2.25
29_Mar_2014  ,  2.25
28_Mar_2014  ,  2.25
27_Mar_2014  ,  2.25
26_Mar_2014  ,  2.25
25_Mar_2014  ,  2.25
24_Mar_2014  ,  2.25
22_Mar_2014  ,  2.25
21_Mar_2014  ,  2.25
20_Mar_2014  ,  2.25
19_Mar_2014  ,  2.25
18_Mar_2014  ,  2.25
17_Mar_2014  ,  2.25
15_Mar_2014  ,  2.25
14_Mar_2014  ,  2.25
13_Mar_2014  ,  2.25
12_Mar_2014  ,  2.25
11_Mar_2014  ,  2.25
10_Mar_2014  ,  2.25
9_Mar_2014  ,  2.25
8_Mar_2014  ,  2.25
7_Mar_2014  ,  2.25
6_Mar_2014  ,  2.25
5_Mar_2014  ,  2.25
4_Mar_2014  ,  2.25
3_Mar_2014  ,  2.25
1_Mar_2014  ,  2.25
28_Feb_2014  ,  2.25
27_Feb_2014  ,  2.25
26_Feb_2014  ,  2.25
25_Feb_2014  ,  2.25
24_Feb_2014  ,  2.25
22_Feb_2014  ,  2.25
21_Feb_2014  ,  2.25
20_Feb_2014  ,  2.25
19_Feb_2014  ,  2.25
18_Feb_2014  ,  2.25
17_Feb_2014  ,  2.25
15_Feb_2014  ,  2.25
14_Feb_2014  ,  2.25
13_Feb_2014  ,  2.25
12_Feb_2014  ,  2.25
11_Feb_2014  ,  2.25
10_Feb_2014  ,  2.25
8_Feb_2014  ,  2.25
7_Feb_2014  ,  2.25
6_Feb_2014  ,  2.25
5_Feb_2014  ,  2.25
4_Feb_2014  ,  2.25
3_Feb_2014  ,  2.25
1_Feb_2014  ,  2.25
31_Jan_2014  ,  2.25
30_Jan_2014  ,  2.25
29_Jan_2014  ,  2.25
28_Jan_2014  ,  2.25
27_Jan_2014  ,  2.25
25_Jan_2014  ,  2.25
24_Jan_2014  ,  2.25
23_Jan_2014  ,  2.25
22_Jan_2014  ,  2.25
21_Jan_2014  ,  2.25
20_Jan_2014  ,  2.25
18_Jan_2014  ,  2.25
17_Jan_2014  ,  2.25
16_Jan_2014  ,  2.25
15_Jan_2014  ,  2.25
14_Jan_2014  ,  2.25
13_Jan_2014  ,  2.25
11_Jan_2014  ,  2.25
10_Jan_2014  ,  2.25
9_Jan_2014  ,  2.25
8_Jan_2014  ,  2.25
7_Jan_2014  ,  2.25
6_Jan_2014  ,  2.25
4_Jan_2014  ,  2.25
3_Jan_2014  ,  2.25
2_Jan_2014  ,  2.25
1_Jan_2014  ,  2.25
31_Dec_2013  ,  2.25
30_Dec_2013  ,  2.25
28_Dec_2013  ,  2.25
27_Dec_2013  ,  2.25
26_Dec_2013  ,  2.25
25_Dec_2013  ,  2.25
24_Dec_2013  ,  2.25
23_Dec_2013  ,  2.25
21_Dec_2013  ,  2.25
20_Dec_2013  ,  2.25
19_Dec_2013  ,  2.25
18_Dec_2013  ,  2.25
17_Dec_2013  ,  2.25
16_Dec_2013  ,  2.25
14_Dec_2013  ,  2.25
13_Dec_2013  ,  2.25
12_Dec_2013  ,  2.25
11_Dec_2013  ,  2.25
10_Dec_2013  ,  2.25
9_Dec_2013  ,  2.25
7_Dec_2013  ,  2.25
6_Dec_2013  ,  2.25
5_Dec_2013  ,  2.25
4_Dec_2013  ,  2.25
3_Dec_2013  ,  2.25
2_Dec_2013  ,  2.6
30_Nov_2013  ,  2.6
29_Nov_2013  ,  2.56
28_Nov_2013  ,  2.55
27_Nov_2013  ,  2.56
26_Nov_2013  ,  2.54
25_Nov_2013  ,  2.52
23_Nov_2013  ,  2.52
22_Nov_2013  ,  2.54
21_Nov_2013  ,  2.57
20_Nov_2013  ,  2.57
19_Nov_2013  ,  2.58
18_Nov_2013  ,  2.55
17_Nov_2013  ,  2.55
16_Nov_2013  ,  2.55
15_Nov_2013  ,  2.64
14_Nov_2013  ,  2.6
13_Nov_2013  ,  2.62
12_Nov_2013  ,  2.65
11_Nov_2013  ,  2.7
9_Nov_2013  ,  2.7
8_Nov_2013  ,  2.65
7_Nov_2013  ,  2.61
6_Nov_2013  ,  2.63
5_Nov_2013  ,  2.65
4_Nov_2013  ,  2.61
3_Nov_2013  ,  2.61
2_Nov_2013  ,  2.61
1_Nov_2013  ,  2.61
31_Oct_2013  ,  2.61
30_Oct_2013  ,  2.59
29_Oct_2013  ,  2.64
28_Oct_2013  ,  2.65
27_Oct_2013  ,  2.65
26_Oct_2013  ,  2.65
25_Oct_2013  ,  2.66
24_Oct_2013  ,  2.67
23_Oct_2013  ,  2.65
22_Oct_2013  ,  2.67
21_Oct_2013  ,  2.71
19_Oct_2013  ,  2.71
18_Oct_2013  ,  2.73
17_Oct_2013  ,  2.73
16_Oct_2013  ,  2.8
15_Oct_2013  ,  2.82
14_Oct_2013  ,  2.77
12_Oct_2013  ,  2.77
11_Oct_2013  ,  2.79
10_Oct_2013  ,  2.81
9_Oct_2013  ,  2.76
8_Oct_2013  ,  2.77
7_Oct_2013  ,  2.77
6_Oct_2013  ,  2.77
5_Oct_2013  ,  2.77
4_Oct_2013  ,  2.8
3_Oct_2013  ,  2.76
2_Oct_2013  ,  2.76
1_Oct_2013  ,  2.75
30_Sep_2013  ,  2.73
29_Sep_2013  ,  2.73
28_Sep_2013  ,  2.73
27_Sep_2013  ,  2.71
26_Sep_2013  ,  2.74
25_Sep_2013  ,  2.73
24_Sep_2013  ,  2.76
23_Sep_2013  ,  2.78
22_Sep_2013  ,  2.78
21_Sep_2013  ,  2.78
20_Sep_2013  ,  2.76
19_Sep_2013  ,  2.74
18_Sep_2013  ,  2.84
17_Sep_2013  ,  2.81
16_Sep_2013  ,  2.82
15_Sep_2013  ,  2.82
14_Sep_2013  ,  2.82
13_Sep_2013  ,  2.83
12_Sep_2013  ,  2.76
11_Sep_2013  ,  2.82
10_Sep_2013  ,  2.83
9_Sep_2013  ,  2.79
8_Sep_2013  ,  2.79
7_Sep_2013  ,  2.79
6_Sep_2013  ,  2.78
5_Sep_2013  ,  2.87
4_Sep_2013  ,  2.78
3_Sep_2013  ,  2.79
2_Sep_2013  ,  2.77
1_Sep_2013  ,  2.77
31_Aug_2013  ,  2.77
30_Aug_2013  ,  2.75
29_Aug_2013  ,  2.75
28_Aug_2013  ,  2.79
27_Aug_2013  ,  2.75
26_Aug_2013  ,  2.79
24_Aug_2013  ,  2.79
23_Aug_2013  ,  2.76
22_Aug_2013  ,  2.75
21_Aug_2013  ,  2.69
20_Aug_2013  ,  2.65
19_Aug_2013  ,  2.68
17_Aug_2013  ,  2.68
16_Aug_2013  ,  2.67
15_Aug_2013  ,  2.68
14_Aug_2013  ,  2.65
13_Aug_2013  ,  2.68
12_Aug_2013  ,  2.64
11_Aug_2013  ,  2.64
10_Aug_2013  ,  2.64
9_Aug_2013  ,  2.63
8_Aug_2013  ,  2.66
7_Aug_2013  ,  2.65
6_Aug_2013  ,  2.67
5_Aug_2013  ,  2.64
3_Aug_2013  ,  2.64
2_Aug_2013  ,  2.62
1_Aug_2013  ,  2.68
31_Jul_2013  ,  2.66
30_Jul_2013  ,  2.65
29_Jul_2013  ,  2.67
27_Jul_2013  ,  2.67
26_Jul_2013  ,  2.67
25_Jul_2013  ,  2.63
24_Jul_2013  ,  2.64
23_Jul_2013  ,  2.56
22_Jul_2013  ,  2.54
20_Jul_2013  ,  2.54
19_Jul_2013  ,  2.54
18_Jul_2013  ,  2.53
17_Jul_2013  ,  2.67
16_Jul_2013  ,  2.6
15_Jul_2013  ,  2.73
13_Jul_2013  ,  2.73
12_Jul_2013  ,  2.63
11_Jul_2013  ,  2.55
10_Jul_2013  ,  2.75
9_Jul_2013  ,  2.69
8_Jul_2013  ,  2.75
6_Jul_2013  ,  2.75
5_Jul_2013  ,  2.75
4_Jul_2013  ,  2.71
3_Jul_2013  ,  2.79
2_Jul_2013  ,  2.7
1_Jul_2013  ,  2.72
29_Jun_2013  ,  2.72
28_Jun_2013  ,  2.78
27_Jun_2013  ,  2.72
26_Jun_2013  ,  2.8
25_Jun_2013  ,  2.88
24_Jun_2013  ,  2.76
23_Jun_2013  ,  2.76
22_Jun_2013  ,  2.76
21_Jun_2013  ,  2.74
20_Jun_2013  ,  2.65
19_Jun_2013  ,  2.56
18_Jun_2013  ,  2.56
17_Jun_2013  ,  2.5
16_Jun_2013  ,  2.5
15_Jun_2013  ,  2.5
14_Jun_2013  ,  2.48
13_Jun_2013  ,  2.56
12_Jun_2013  ,  2.61
11_Jun_2013  ,  2.67
10_Jun_2013  ,  2.59
8_Jun_2013  ,  2.59
7_Jun_2013  ,  2.54
6_Jun_2013  ,  2.47
5_Jun_2013  ,  2.42
4_Jun_2013  ,  2.39
3_Jun_2013  ,  2.41
1_Jun_2013  ,  2.41
31_May_2013  ,  2.43
30_May_2013  ,  2.42
29_May_2013  ,  2.46
28_May_2013  ,  2.59
27_May_2013  ,  2.42
25_May_2013  ,  2.42
24_May_2013  ,  2.38
23_May_2013  ,  2.4
22_May_2013  ,  2.5
21_May_2013  ,  2.45
20_May_2013  ,  2.41
18_May_2013  ,  2.41
17_May_2013  ,  2.48
16_May_2013  ,  2.5
15_May_2013  ,  2.46
14_May_2013  ,  2.48
13_May_2013  ,  2.47
11_May_2013  ,  2.47
10_May_2013  ,  2.55
9_May_2013  ,  2.45
8_May_2013  ,  2.45
7_May_2013  ,  2.47
6_May_2013  ,  2.46
4_May_2013  ,  2.46
3_May_2013  ,  2.56
2_May_2013  ,  2.49
1_May_2013  ,  2.49
30_Apr_2013  ,  2.57
29_Apr_2013  ,  2.57
27_Apr_2013  ,  2.57
26_Apr_2013  ,  2.65
25_Apr_2013  ,  2.68
24_Apr_2013  ,  2.79
23_Apr_2013  ,  2.74
22_Apr_2013  ,  2.85
20_Apr_2013  ,  2.85
19_Apr_2013  ,  2.81
18_Apr_2013  ,  2.79
17_Apr_2013  ,  2.83
16_Apr_2013  ,  2.92
15_Apr_2013  ,  2.93
13_Apr_2013  ,  2.93
12_Apr_2013  ,  2.89
11_Apr_2013  ,  2.9
10_Apr_2013  ,  2.92
9_Apr_2013  ,  2.91
8_Apr_2013  ,  2.88
6_Apr_2013  ,  2.88
5_Apr_2013  ,  2.89
4_Apr_2013  ,  2.96
3_Apr_2013  ,  3.0
2_Apr_2013  ,  2.96
30_Mar_2013  ,  2.96
29_Mar_2013  ,  2.96
28_Mar_2013  ,  2.98
27_Mar_2013  ,  2.98
26_Mar_2013  ,  2.96
25_Mar_2013  ,  2.96
23_Mar_2013  ,  2.96
22_Mar_2013  ,  2.99
21_Mar_2013  ,  2.99
20_Mar_2013  ,  2.99
19_Mar_2013  ,  3.07
18_Mar_2013  ,  2.96
17_Mar_2013  ,  2.96
16_Mar_2013  ,  2.96
15_Mar_2013  ,  2.96
14_Mar_2013  ,  2.96
13_Mar_2013  ,  2.96
12_Mar_2013  ,  2.96
11_Mar_2013  ,  2.96
9_Mar_2013  ,  2.96
8_Mar_2013  ,  2.96
7_Mar_2013  ,  2.96
6_Mar_2013  ,  2.96
5_Mar_2013  ,  2.96
4_Mar_2013  ,  2.96
2_Mar_2013  ,  2.96
1_Mar_2013  ,  2.96
28_Feb_2013  ,  2.96
27_Feb_2013  ,  2.96
26_Feb_2013  ,  2.96
25_Feb_2013  ,  2.96
23_Feb_2013  ,  2.96
22_Feb_2013  ,  2.96
21_Feb_2013  ,  2.96
20_Feb_2013  ,  2.96
19_Feb_2013  ,  2.96
18_Feb_2013  ,  2.96
17_Feb_2013  ,  2.96
16_Feb_2013  ,  2.96
15_Feb_2013  ,  2.96
14_Feb_2013  ,  2.96
13_Feb_2013  ,  2.96
12_Feb_2013  ,  2.96
11_Feb_2013  ,  2.96
10_Feb_2013  ,  2.96
9_Feb_2013  ,  2.96
8_Feb_2013  ,  2.96
7_Feb_2013  ,  2.96
6_Feb_2013  ,  2.96
5_Feb_2013  ,  2.96
4_Feb_2013  ,  2.96
2_Feb_2013  ,  2.96
1_Feb_2013  ,  2.96
31_Jan_2013  ,  2.96
30_Jan_2013  ,  2.96
29_Jan_2013  ,  2.96
28_Jan_2013  ,  2.96
26_Jan_2013  ,  2.96
25_Jan_2013  ,  2.96
24_Jan_2013  ,  2.96
23_Jan_2013  ,  2.96
22_Jan_2013  ,  2.96
21_Jan_2013  ,  2.96
19_Jan_2013  ,  2.96
18_Jan_2013  ,  2.96
17_Jan_2013  ,  2.96
16_Jan_2013  ,  2.96
15_Jan_2013  ,  2.96
14_Jan_2013  ,  2.96
13_Jan_2013  ,  2.96
12_Jan_2013  ,  2.96
11_Jan_2013  ,  2.96
10_Jan_2013  ,  2.96
9_Jan_2013  ,  2.96
8_Jan_2013  ,  2.96
7_Jan_2013  ,  2.96
5_Jan_2013  ,  2.96
4_Jan_2013  ,  2.96
3_Jan_2013  ,  2.96
2_Jan_2013  ,  2.96
1_Jan_2013  ,  2.96
31_Dec_2012  ,  2.96
30_Dec_2012  ,  2.96
29_Dec_2012  ,  2.96
28_Dec_2012  ,  2.96
27_Dec_2012  ,  2.96
26_Dec_2012  ,  2.96
25_Dec_2012  ,  2.96
24_Dec_2012  ,  2.96
23_Dec_2012  ,  2.96
22_Dec_2012  ,  2.96
21_Dec_2012  ,  2.96
20_Dec_2012  ,  2.96
19_Dec_2012  ,  2.96
18_Dec_2012  ,  2.96
17_Dec_2012  ,  2.96
15_Dec_2012  ,  2.96
14_Dec_2012  ,  2.96
13_Dec_2012  ,  2.96
12_Dec_2012  ,  2.96
11_Dec_2012  ,  2.96
10_Dec_2012  ,  2.96
8_Dec_2012  ,  2.96
7_Dec_2012  ,  2.96
6_Dec_2012  ,  2.96
5_Dec_2012  ,  2.96
4_Dec_2012  ,  2.96
3_Dec_2012  ,  2.96
1_Dec_2012  ,  2.96
30_Nov_2012  ,  2.96
29_Nov_2012  ,  2.96
28_Nov_2012  ,  2.96
27_Nov_2012  ,  2.96
26_Nov_2012  ,  2.96
24_Nov_2012  ,  2.96
23_Nov_2012  ,  2.96
22_Nov_2012  ,  2.96
21_Nov_2012  ,  2.96
20_Nov_2012  ,  2.96
19_Nov_2012  ,  2.96
17_Nov_2012  ,  2.96
16_Nov_2012  ,  2.96
15_Nov_2012  ,  2.96
14_Nov_2012  ,  2.96
13_Nov_2012  ,  2.96
12_Nov_2012  ,  2.96
10_Nov_2012  ,  2.96
9_Nov_2012  ,  2.96
8_Nov_2012  ,  2.96
7_Nov_2012  ,  2.96
6_Nov_2012  ,  2.96
5_Nov_2012  ,  2.96
3_Nov_2012  ,  2.96
2_Nov_2012  ,  2.96
1_Nov_2012  ,  2.96
31_Oct_2012  ,  2.96
30_Oct_2012  ,  2.96
29_Oct_2012  ,  2.96
27_Oct_2012  ,  2.96
26_Oct_2012  ,  2.96
25_Oct_2012  ,  2.96
24_Oct_2012  ,  2.96
23_Oct_2012  ,  2.96
22_Oct_2012  ,  2.96
19_Oct_2012  ,  2.96
18_Oct_2012  ,  2.96
17_Oct_2012  ,  2.96
16_Oct_2012  ,  2.96
15_Oct_2012  ,  2.96
13_Oct_2012  ,  2.96
12_Oct_2012  ,  2.96
11_Oct_2012  ,  2.96
10_Oct_2012  ,  2.96
9_Oct_2012  ,  2.96
8_Oct_2012  ,  2.96
6_Oct_2012  ,  2.96
5_Oct_2012  ,  2.96
4_Oct_2012  ,  2.96
3_Oct_2012  ,  2.96
2_Oct_2012  ,  2.96
1_Oct_2012  ,  2.96
29_Sep_2012  ,  2.96
28_Sep_2012  ,  2.96
27_Sep_2012  ,  2.96
26_Sep_2012  ,  2.96
25_Sep_2012  ,  2.96
24_Sep_2012  ,  2.96
23_Sep_2012  ,  2.96
22_Sep_2012  ,  2.96
21_Sep_2012  ,  2.96
20_Sep_2012  ,  2.96
19_Sep_2012  ,  2.96
18_Sep_2012  ,  2.96
17_Sep_2012  ,  2.96
15_Sep_2012  ,  2.96
14_Sep_2012  ,  2.96
13_Sep_2012  ,  2.96
12_Sep_2012  ,  2.96
11_Sep_2012  ,  2.96
10_Sep_2012  ,  2.96
8_Sep_2012  ,  2.96
7_Sep_2012  ,  2.96
6_Sep_2012  ,  2.96
5_Sep_2012  ,  2.96
4_Sep_2012  ,  2.96
3_Sep_2012  ,  2.96
1_Sep_2012  ,  2.96
31_Aug_2012  ,  2.96
30_Aug_2012  ,  2.96
29_Aug_2012  ,  2.96
28_Aug_2012  ,  2.96
27_Aug_2012  ,  2.96
25_Aug_2012  ,  2.96
24_Aug_2012  ,  2.96
23_Aug_2012  ,  2.96
22_Aug_2012  ,  2.96
21_Aug_2012  ,  2.96
20_Aug_2012  ,  2.96
18_Aug_2012  ,  2.96
17_Aug_2012  ,  2.96
16_Aug_2012  ,  2.96
15_Aug_2012  ,  2.96
14_Aug_2012  ,  2.96
13_Aug_2012  ,  2.96
11_Aug_2012  ,  2.96
10_Aug_2012  ,  2.96
9_Aug_2012  ,  2.96
8_Aug_2012  ,  2.96
7_Aug_2012  ,  2.96
6_Aug_2012  ,  2.96
5_Aug_2012  ,  2.96
4_Aug_2012  ,  2.96
3_Aug_2012  ,  2.96
2_Aug_2012  ,  2.96
1_Aug_2012  ,  2.96
31_Jul_2012  ,  2.96
30_Jul_2012  ,  2.96
28_Jul_2012  ,  2.96
27_Jul_2012  ,  2.96
26_Jul_2012  ,  2.96
25_Jul_2012  ,  2.96
24_Jul_2012  ,  2.96
23_Jul_2012  ,  2.96
21_Jul_2012  ,  2.96
20_Jul_2012  ,  2.96
19_Jul_2012  ,  2.96
18_Jul_2012  ,  2.96
17_Jul_2012  ,  2.96
16_Jul_2012  ,  2.96
14_Jul_2012  ,  2.96
13_Jul_2012  ,  2.96
12_Jul_2012  ,  2.96
11_Jul_2012  ,  2.96
10_Jul_2012  ,  2.96
9_Jul_2012  ,  2.96
8_Jul_2012  ,  2.96
7_Jul_2012  ,  2.96
6_Jul_2012  ,  2.96
5_Jul_2012  ,  2.96
4_Jul_2012  ,  2.96
3_Jul_2012  ,  2.96
2_Jul_2012  ,  2.96
1_Jul_2012  ,  2.96
30_Jun_2012  ,  2.96
29_Jun_2012  ,  2.96
28_Jun_2012  ,  2.96
27_Jun_2012  ,  2.96
26_Jun_2012  ,  2.96
25_Jun_2012  ,  2.96
24_Jun_2012  ,  2.96
22_Jun_2012  ,  2.96
21_Jun_2012  ,  2.96
20_Jun_2012  ,  2.96
19_Jun_2012  ,  2.96
18_Jun_2012  ,  2.96
17_Jun_2012  ,  2.96
16_Jun_2012  ,  2.96
15_Jun_2012  ,  2.96
14_Jun_2012  ,  2.96
13_Jun_2012  ,  2.96
12_Jun_2012  ,  2.96
11_Jun_2012  ,  2.96
10_Jun_2012  ,  2.96
8_Jun_2012  ,  2.96
7_Jun_2012  ,  2.96
6_Jun_2012  ,  2.96
5_Jun_2012  ,  2.96
4_Jun_2012  ,  2.96
3_Jun_2012  ,  2.96
1_Jun_2012  ,  2.96
31_May_2012  ,  2.96
30_May_2012  ,  2.96
29_May_2012  ,  2.96
28_May_2012  ,  2.96
27_May_2012  ,  2.96
26_May_2012  ,  2.96
25_May_2012  ,  2.96
24_May_2012  ,  2.96
23_May_2012  ,  2.96
22_May_2012  ,  2.96
21_May_2012  ,  2.96
20_May_2012  ,  2.96
19_May_2012  ,  2.96
18_May_2012  ,  2.96
17_May_2012  ,  2.96
16_May_2012  ,  2.96
15_May_2012  ,  2.96
14_May_2012  ,  2.96
13_May_2012  ,  2.96
11_May_2012  ,  2.96
10_May_2012  ,  2.96
9_May_2012  ,  2.96
8_May_2012  ,  2.96
7_May_2012  ,  2.96
6_May_2012  ,  2.96
5_May_2012  ,  2.96
4_May_2012  ,  2.96
3_May_2012  ,  2.96
2_May_2012  ,  2.96
1_May_2012  ,  2.96
30_Apr_2012  ,  2.96
29_Apr_2012  ,  2.96
27_Apr_2012  ,  2.96
26_Apr_2012  ,  2.96
25_Apr_2012  ,  2.96
24_Apr_2012  ,  2.96
23_Apr_2012  ,  2.96
22_Apr_2012  ,  2.96
21_Apr_2012  ,  2.96
20_Apr_2012  ,  2.96
19_Apr_2012  ,  2.96
18_Apr_2012  ,  2.96
17_Apr_2012  ,  2.96
16_Apr_2012  ,  2.96
15_Apr_2012  ,  2.96
14_Apr_2012  ,  2.96
13_Apr_2012  ,  2.96
12_Apr_2012  ,  2.96
11_Apr_2012  ,  2.96
10_Apr_2012  ,  2.96
9_Apr_2012  ,  2.96
8_Apr_2012  ,  2.96
7_Apr_2012  ,  2.96
6_Apr_2012  ,  2.96
5_Apr_2012  ,  2.96
4_Apr_2012  ,  2.96
3_Apr_2012  ,  2.96
2_Apr_2012  ,  2.96
1_Apr_2012  ,  2.96
31_Mar_2012  ,  2.96
30_Mar_2012  ,  2.96
29_Mar_2012  ,  2.96
28_Mar_2012  ,  2.96
27_Mar_2012  ,  2.96
26_Mar_2012  ,  2.96
25_Mar_2012  ,  2.96
24_Mar_2012  ,  2.96
23_Mar_2012  ,  2.96
22_Mar_2012  ,  2.96
21_Mar_2012  ,  2.96
20_Mar_2012  ,  2.96
19_Mar_2012  ,  2.96
18_Mar_2012  ,  2.96
17_Mar_2012  ,  2.96
16_Mar_2012  ,  2.96
15_Mar_2012  ,  2.96
14_Mar_2012  ,  2.96
13_Mar_2012  ,  2.96
12_Mar_2012  ,  2.96
11_Mar_2012  ,  2.96
10_Mar_2012  ,  2.96
9_Mar_2012  ,  2.96
8_Mar_2012  ,  2.96
7_Mar_2012  ,  2.96
6_Mar_2012  ,  2.96
5_Mar_2012  ,  2.96
4_Mar_2012  ,  2.96
3_Mar_2012  ,  2.96
2_Mar_2012  ,  2.96
1_Mar_2012  ,  2.96
29_Feb_2012  ,  2.96
28_Feb_2012  ,  2.96
27_Feb_2012  ,  2.96
25_Feb_2012  ,  2.96
24_Feb_2012  ,  2.96
23_Feb_2012  ,  2.96
22_Feb_2012  ,  2.96
21_Feb_2012  ,  2.96
20_Feb_2012  ,  2.96
19_Feb_2012  ,  2.96
18_Feb_2012  ,  2.96
17_Feb_2012  ,  2.96
16_Feb_2012  ,  2.96
15_Feb_2012  ,  2.96
14_Feb_2012  ,  2.96
13_Feb_2012  ,  2.96
10_Feb_2012  ,  2.96
9_Feb_2012  ,  2.96
8_Feb_2012  ,  2.96
7_Feb_2012  ,  2.96
6_Feb_2012  ,  2.96
3_Feb_2012  ,  2.96
2_Feb_2012  ,  2.96
1_Feb_2012  ,  2.96
31_Jan_2012  ,  2.96
30_Jan_2012  ,  2.96
27_Jan_2012  ,  2.96
26_Jan_2012  ,  2.96
25_Jan_2012  ,  2.96
24_Jan_2012  ,  2.96
23_Jan_2012  ,  2.96
20_Jan_2012  ,  2.96
19_Jan_2012  ,  2.96
18_Jan_2012  ,  2.96
17_Jan_2012  ,  2.96
16_Jan_2012  ,  2.96
13_Jan_2012  ,  2.96
12_Jan_2012  ,  2.96
11_Jan_2012  ,  2.96
10_Jan_2012  ,  2.96
9_Jan_2012  ,  2.96
6_Jan_2012  ,  2.96
5_Jan_2012  ,  2.96
4_Jan_2012  ,  2.96
3_Jan_2012  ,  2.96
2_Jan_2012  ,  2.96
30_Dec_2011  ,  2.96
29_Dec_2011  ,  2.96
28_Dec_2011  ,  2.96
27_Dec_2011  ,  2.96
23_Dec_2011  ,  2.96
22_Dec_2011  ,  2.96
21_Dec_2011  ,  2.96
20_Dec_2011  ,  2.96
19_Dec_2011  ,  2.96
16_Dec_2011  ,  2.96
15_Dec_2011  ,  2.96
14_Dec_2011  ,  2.96
13_Dec_2011  ,  2.96
12_Dec_2011  ,  2.96
9_Dec_2011  ,  2.96
8_Dec_2011  ,  2.96
7_Dec_2011  ,  2.96
6_Dec_2011  ,  2.96
5_Dec_2011  ,  2.96
2_Dec_2011  ,  2.96
1_Dec_2011  ,  2.96
30_Nov_2011  ,  2.96
29_Nov_2011  ,  2.96
28_Nov_2011  ,  2.96
25_Nov_2011  ,  2.96
24_Nov_2011  ,  2.96
23_Nov_2011  ,  2.96
22_Nov_2011  ,  2.96
21_Nov_2011  ,  2.96
18_Nov_2011  ,  2.96
17_Nov_2011  ,  2.96
16_Nov_2011  ,  2.96
15_Nov_2011  ,  2.96
14_Nov_2011  ,  2.96
11_Nov_2011  ,  2.96
10_Nov_2011  ,  2.96
9_Nov_2011  ,  2.96
8_Nov_2011  ,  2.96
7_Nov_2011  ,  2.96
4_Nov_2011  ,  2.96
3_Nov_2011  ,  2.96
2_Nov_2011  ,  2.96
1_Nov_2011  ,  2.96
31_Oct_2011  ,  2.96
28_Oct_2011  ,  2.96
27_Oct_2011  ,  2.96
26_Oct_2011  ,  2.96
25_Oct_2011  ,  2.96
24_Oct_2011  ,  2.96
21_Oct_2011  ,  2.96
20_Oct_2011  ,  2.96
19_Oct_2011  ,  2.96
18_Oct_2011  ,  2.96
17_Oct_2011  ,  2.96
14_Oct_2011  ,  2.96
13_Oct_2011  ,  2.96
12_Oct_2011  ,  2.96
11_Oct_2011  ,  2.96
10_Oct_2011  ,  2.96
7_Oct_2011  ,  2.96
6_Oct_2011  ,  2.96
5_Oct_2011  ,  2.96
4_Oct_2011  ,  2.96
3_Oct_2011  ,  2.96
30_Sep_2011  ,  2.96
29_Sep_2011  ,  2.96
28_Sep_2011  ,  2.96
27_Sep_2011  ,  2.96
26_Sep_2011  ,  2.96
23_Sep_2011  ,  2.96
22_Sep_2011  ,  2.96
21_Sep_2011  ,  2.96
20_Sep_2011  ,  2.96
19_Sep_2011  ,  2.96
16_Sep_2011  ,  2.96
15_Sep_2011  ,  2.96
14_Sep_2011  ,  2.96
13_Sep_2011  ,  2.96
12_Sep_2011  ,  2.96
9_Sep_2011  ,  2.96
8_Sep_2011  ,  2.96
7_Sep_2011  ,  2.96
6_Sep_2011  ,  2.96
5_Sep_2011  ,  2.96
2_Sep_2011  ,  2.96
1_Sep_2011  ,  2.96
31_Aug_2011  ,  2.96
30_Aug_2011  ,  2.96
29_Aug_2011  ,  2.96
26_Aug_2011  ,  2.96
25_Aug_2011  ,  2.96
24_Aug_2011  ,  2.96
23_Aug_2011  ,  2.96
22_Aug_2011  ,  2.96
19_Aug_2011  ,  2.96
18_Aug_2011  ,  2.96
17_Aug_2011  ,  2.96
16_Aug_2011  ,  2.96
15_Aug_2011  ,  2.96
12_Aug_2011  ,  2.96
11_Aug_2011  ,  2.96
10_Aug_2011  ,  2.96
9_Aug_2011  ,  2.96
8_Aug_2011  ,  2.96
5_Aug_2011  ,  2.96
4_Aug_2011  ,  2.96
3_Aug_2011  ,  2.96
2_Aug_2011  ,  2.96
1_Aug_2011  ,  2.96
29_Jul_2011  ,  2.96
28_Jul_2011  ,  2.96
27_Jul_2011  ,  2.96
26_Jul_2011  ,  2.96
25_Jul_2011  ,  2.96
22_Jul_2011  ,  2.96
21_Jul_2011  ,  2.96
20_Jul_2011  ,  2.96
19_Jul_2011  ,  2.96
18_Jul_2011  ,  2.96
15_Jul_2011  ,  2.96
14_Jul_2011  ,  2.96
13_Jul_2011  ,  2.96
12_Jul_2011  ,  2.96
11_Jul_2011  ,  2.96
8_Jul_2011  ,  2.96
7_Jul_2011  ,  2.96
6_Jul_2011  ,  2.96
5_Jul_2011  ,  2.96
4_Jul_2011  ,  2.96
1_Jul_2011  ,  2.96
30_Jun_2011  ,  2.96
29_Jun_2011  ,  2.96
28_Jun_2011  ,  2.96
27_Jun_2011  ,  2.96
24_Jun_2011  ,  2.96
23_Jun_2011  ,  2.96
22_Jun_2011  ,  2.96
21_Jun_2011  ,  2.96
20_Jun_2011  ,  2.96
17_Jun_2011  ,  2.96
16_Jun_2011  ,  2.96
15_Jun_2011  ,  2.96
14_Jun_2011  ,  2.96
13_Jun_2011  ,  2.96
10_Jun_2011  ,  2.96
9_Jun_2011  ,  2.96
8_Jun_2011  ,  2.96
7_Jun_2011  ,  2.96
6_Jun_2011  ,  2.96
3_Jun_2011  ,  2.96
2_Jun_2011  ,  2.96
1_Jun_2011  ,  2.96
31_May_2011  ,  2.96
30_May_2011  ,  2.96
27_May_2011  ,  2.96
26_May_2011  ,  2.96
25_May_2011  ,  2.96
24_May_2011  ,  2.96
23_May_2011  ,  2.96
20_May_2011  ,  2.96
19_May_2011  ,  2.96
18_May_2011  ,  2.96
17_May_2011  ,  2.96
16_May_2011  ,  2.96
13_May_2011  ,  2.96
12_May_2011  ,  2.96
11_May_2011  ,  2.96
10_May_2011  ,  2.96
9_May_2011  ,  2.96
6_May_2011  ,  2.96
5_May_2011  ,  2.96
4_May_2011  ,  2.96
3_May_2011  ,  2.96
2_May_2011  ,  2.96
29_Apr_2011  ,  2.96
28_Apr_2011  ,  2.96
27_Apr_2011  ,  2.96
26_Apr_2011  ,  2.96
21_Apr_2011  ,  2.96
20_Apr_2011  ,  2.96
19_Apr_2011  ,  2.96
18_Apr_2011  ,  2.96
15_Apr_2011  ,  2.96
14_Apr_2011  ,  2.96
13_Apr_2011  ,  2.96
12_Apr_2011  ,  2.96
11_Apr_2011  ,  2.96
8_Apr_2011  ,  2.96
7_Apr_2011  ,  2.96
6_Apr_2011  ,  2.96
5_Apr_2011  ,  2.96
4_Apr_2011  ,  2.96
1_Apr_2011  ,  2.96
31_Mar_2011  ,  2.96
30_Mar_2011  ,  2.96
29_Mar_2011  ,  2.96
28_Mar_2011  ,  2.96
25_Mar_2011  ,  2.96
24_Mar_2011  ,  2.96
23_Mar_2011  ,  2.96
22_Mar_2011  ,  2.96
21_Mar_2011  ,  2.96
18_Mar_2011  ,  2.96
17_Mar_2011  ,  2.96
16_Mar_2011  ,  2.96
15_Mar_2011  ,  2.96
14_Mar_2011  ,  2.96
11_Mar_2011  ,  2.96
10_Mar_2011  ,  2.96
9_Mar_2011  ,  2.96
8_Mar_2011  ,  2.96
7_Mar_2011  ,  2.96
4_Mar_2011  ,  4.31
3_Mar_2011  ,  4.38
2_Mar_2011  ,  4.29
1_Mar_2011  ,  4.31
28_Feb_2011  ,  4.28
25_Feb_2011  ,  4.27
24_Feb_2011  ,  4.3
23_Feb_2011  ,  4.26
22_Feb_2011  ,  4.28
21_Feb_2011  ,  4.31
18_Feb_2011  ,  4.37
17_Feb_2011  ,  4.33
16_Feb_2011  ,  4.37
15_Feb_2011  ,  4.38
14_Feb_2011  ,  4.39
11_Feb_2011  ,  4.37
10_Feb_2011  ,  4.42
9_Feb_2011  ,  4.35
8_Feb_2011  ,  4.33
7_Feb_2011  ,  4.33
4_Feb_2011  ,  4.42
3_Feb_2011  ,  4.31
2_Feb_2011  ,  4.32
1_Feb_2011  ,  4.38
31_Jan_2011  ,  4.39
28_Jan_2011  ,  4.4
27_Jan_2011  ,  4.41
26_Jan_2011  ,  4.2
25_Jan_2011  ,  4.34
24_Jan_2011  ,  4.36
21_Jan_2011  ,  4.38
20_Jan_2011  ,  4.38
19_Jan_2011  ,  4.34
18_Jan_2011  ,  4.36
17_Jan_2011  ,  4.35
14_Jan_2011  ,  4.17
13_Jan_2011  ,  4.35
12_Jan_2011  ,  4.38
11_Jan_2011  ,  4.21
10_Jan_2011  ,  4.21
7_Jan_2011  ,  4.16
6_Jan_2011  ,  4.16
5_Jan_2011  ,  4.19
4_Jan_2011  ,  4.14
3_Jan_2011  ,  4.22
31_Dec_2010  ,  4.35
30_Dec_2010  ,  4.33
29_Dec_2010  ,  4.38
28_Dec_2010  ,  4.34
27_Dec_2010  ,  4.39
24_Dec_2010  ,  4.39
23_Dec_2010  ,  4.34
22_Dec_2010  ,  4.22
21_Dec_2010  ,  4.25
20_Dec_2010  ,  4.25
17_Dec_2010  ,  4.37
16_Dec_2010  ,  4.41
15_Dec_2010  ,  4.18
14_Dec_2010  ,  4.33
13_Dec_2010  ,  4.3
10_Dec_2010  ,  4.35
9_Dec_2010  ,  4.28
8_Dec_2010  ,  4.25
7_Dec_2010  ,  4.25
6_Dec_2010  ,  4.13
3_Dec_2010  ,  4.26
2_Dec_2010  ,  4.26
1_Dec_2010  ,  4.17
30_Nov_2010  ,  4.24
29_Nov_2010  ,  4.18
26_Nov_2010  ,  4.09
25_Nov_2010  ,  4.13
24_Nov_2010  ,  4.08
23_Nov_2010  ,  3.95
22_Nov_2010  ,  4.03
19_Nov_2010  ,  4.05
18_Nov_2010  ,  4.09
17_Nov_2010  ,  4.09
16_Nov_2010  ,  4.04
15_Nov_2010  ,  4.0
12_Nov_2010  ,  3.96
11_Nov_2010  ,  3.93
10_Nov_2010  ,  3.92
9_Nov_2010  ,  3.87
8_Nov_2010  ,  3.84
5_Nov_2010  ,  3.87
4_Nov_2010  ,  3.85
3_Nov_2010  ,  3.8
2_Nov_2010  ,  3.84
1_Nov_2010  ,  3.84
29_Oct_2010  ,  3.82
28_Oct_2010  ,  3.83
27_Oct_2010  ,  3.88
26_Oct_2010  ,  3.8
25_Oct_2010  ,  3.83
22_Oct_2010  ,  3.82
21_Oct_2010  ,  3.84
20_Oct_2010  ,  3.79
19_Oct_2010  ,  3.85
18_Oct_2010  ,  3.86
15_Oct_2010  ,  3.84
14_Oct_2010  ,  3.77
13_Oct_2010  ,  3.75
12_Oct_2010  ,  3.74
11_Oct_2010  ,  3.73
8_Oct_2010  ,  3.77
7_Oct_2010  ,  3.78
6_Oct_2010  ,  3.73
5_Oct_2010  ,  3.85
4_Oct_2010  ,  3.74
1_Oct_2010  ,  3.87
30_Sep_2010  ,  3.77
29_Sep_2010  ,  3.75
28_Sep_2010  ,  3.68
27_Sep_2010  ,  3.81
24_Sep_2010  ,  3.82
23_Sep_2010  ,  3.83
22_Sep_2010  ,  3.72
21_Sep_2010  ,  3.81
20_Sep_2010  ,  3.84
17_Sep_2010  ,  3.81
16_Sep_2010  ,  3.84
15_Sep_2010  ,  3.84
14_Sep_2010  ,  3.7
13_Sep_2010  ,  3.75
10_Sep_2010  ,  3.77
9_Sep_2010  ,  3.7
8_Sep_2010  ,  3.73
7_Sep_2010  ,  3.71
6_Sep_2010  ,  3.86
3_Sep_2010  ,  3.87
2_Sep_2010  ,  3.76
1_Sep_2010  ,  3.76
31_Aug_2010  ,  3.68
30_Aug_2010  ,  3.66
27_Aug_2010  ,  3.68
26_Aug_2010  ,  3.65
25_Aug_2010  ,  3.63
24_Aug_2010  ,  3.65
23_Aug_2010  ,  3.69
20_Aug_2010  ,  3.73
19_Aug_2010  ,  3.69
18_Aug_2010  ,  3.76
17_Aug_2010  ,  3.78
16_Aug_2010  ,  3.74
13_Aug_2010  ,  3.79
12_Aug_2010  ,  3.77
11_Aug_2010  ,  3.68
10_Aug_2010  ,  3.81
9_Aug_2010  ,  3.83
6_Aug_2010  ,  4.0
5_Aug_2010  ,  3.83
4_Aug_2010  ,  3.86
3_Aug_2010  ,  3.88
2_Aug_2010  ,  3.94
30_Jul_2010  ,  3.99
29_Jul_2010  ,  3.98
28_Jul_2010  ,  4.0
27_Jul_2010  ,  4.01
26_Jul_2010  ,  4.01
23_Jul_2010  ,  4.03
22_Jul_2010  ,  3.97
21_Jul_2010  ,  3.9
20_Jul_2010  ,  3.96
19_Jul_2010  ,  3.97
16_Jul_2010  ,  3.92
15_Jul_2010  ,  3.96
14_Jul_2010  ,  3.95
13_Jul_2010  ,  3.92
12_Jul_2010  ,  3.88
9_Jul_2010  ,  3.94
8_Jul_2010  ,  3.92
7_Jul_2010  ,  3.94
6_Jul_2010  ,  3.93
5_Jul_2010  ,  3.93
2_Jul_2010  ,  3.94
1_Jul_2010  ,  3.92
30_Jun_2010  ,  3.96
29_Jun_2010  ,  3.96
28_Jun_2010  ,  3.98
25_Jun_2010  ,  4.0
24_Jun_2010  ,  3.92
23_Jun_2010  ,  3.98
22_Jun_2010  ,  3.98
21_Jun_2010  ,  4.04
18_Jun_2010  ,  4.05
17_Jun_2010  ,  4.0
16_Jun_2010  ,  4.0
15_Jun_2010  ,  4.0
14_Jun_2010  ,  3.98
11_Jun_2010  ,  4.2
10_Jun_2010  ,  4.0
9_Jun_2010  ,  3.97
8_Jun_2010  ,  4.19
7_Jun_2010  ,  4.24
4_Jun_2010  ,  3.96
3_Jun_2010  ,  3.98
2_Jun_2010  ,  3.99
1_Jun_2010  ,  3.98
31_May_2010  ,  3.96
28_May_2010  ,  4.0
27_May_2010  ,  3.99
26_May_2010  ,  4.13
25_May_2010  ,  3.9
24_May_2010  ,  3.98
21_May_2010  ,  3.93
20_May_2010  ,  3.79
19_May_2010  ,  3.83
18_May_2010  ,  3.87
17_May_2010  ,  3.96
14_May_2010  ,  3.94
13_May_2010  ,  3.98
12_May_2010  ,  3.98
11_May_2010  ,  4.0
10_May_2010  ,  3.99
7_May_2010  ,  3.89
6_May_2010  ,  3.92
5_May_2010  ,  3.88
4_May_2010  ,  3.94
3_May_2010  ,  3.98
30_Apr_2010  ,  3.95
29_Apr_2010  ,  4.0
28_Apr_2010  ,  3.92
27_Apr_2010  ,  3.99
26_Apr_2010  ,  4.04
