26_Jun_2018  ,  0.5
25_Jun_2018  ,  0.4825
23_Jun_2018  ,  0.5
22_Jun_2018  ,  0.5
21_Jun_2018  ,  0.507
20_Jun_2018  ,  0.511
19_Jun_2018  ,  0.491
18_Jun_2018  ,  0.531
17_Jun_2018  ,  0.5345
16_Jun_2018  ,  0.6155
15_Jun_2018  ,  0.5345
14_Jun_2018  ,  0.6155
13_Jun_2018  ,  0.632
12_Jun_2018  ,  0.6525
11_Jun_2018  ,  0.6465
9_Jun_2018  ,  0.609
8_Jun_2018  ,  0.609
7_Jun_2018  ,  0.654
6_Jun_2018  ,  0.577
5_Jun_2018  ,  0.548
4_Jun_2018  ,  0.541
3_Jun_2018  ,  0.531
1_Jun_2018  ,  0.531
31_May_2018  ,  0.522
30_May_2018  ,  0.457
29_May_2018  ,  0.442
28_May_2018  ,  0.573
27_May_2018  ,  0.617
25_May_2018  ,  0.617
24_May_2018  ,  0.663
23_May_2018  ,  0.69
22_May_2018  ,  0.699
21_May_2018  ,  0.699
20_May_2018  ,  0.726
18_May_2018  ,  0.743
17_May_2018  ,  0.744
16_May_2018  ,  0.753
15_May_2018  ,  0.7715
14_May_2018  ,  0.75
13_May_2018  ,  0.724
11_May_2018  ,  0.724
10_May_2018  ,  0.737
9_May_2018  ,  0.7245
8_May_2018  ,  0.6925
7_May_2018  ,  0.678
4_May_2018  ,  0.6755
3_May_2018  ,  0.693
2_May_2018  ,  0.7115
1_May_2018  ,  0.727
30_Apr_2018  ,  0.727
27_Apr_2018  ,  0.7215
26_Apr_2018  ,  0.7675
25_Apr_2018  ,  0.796
24_Apr_2018  ,  0.783
23_Apr_2018  ,  0.7785
20_Apr_2018  ,  0.7475
19_Apr_2018  ,  0.718
18_Apr_2018  ,  0.6635
17_Apr_2018  ,  0.6735
16_Apr_2018  ,  0.677
14_Apr_2018  ,  0.6625
13_Apr_2018  ,  0.6625
12_Apr_2018  ,  0.662
11_Apr_2018  ,  0.685
10_Apr_2018  ,  0.6915
9_Apr_2018  ,  0.694
6_Apr_2018  ,  0.7005
5_Apr_2018  ,  0.703
4_Apr_2018  ,  0.684
3_Apr_2018  ,  0.6825
30_Mar_2018  ,  0.688
29_Mar_2018  ,  0.698
28_Mar_2018  ,  0.7105
27_Mar_2018  ,  0.7385
26_Mar_2018  ,  0.7475
24_Mar_2018  ,  0.735
23_Mar_2018  ,  0.735
22_Mar_2018  ,  0.7475
21_Mar_2018  ,  0.784
20_Mar_2018  ,  0.7675
19_Mar_2018  ,  0.7625
16_Mar_2018  ,  0.7505
15_Mar_2018  ,  0.773
14_Mar_2018  ,  0.784
13_Mar_2018  ,  0.8
12_Mar_2018  ,  0.7985
9_Mar_2018  ,  0.8215
8_Mar_2018  ,  0.844
7_Mar_2018  ,  0.8245
6_Mar_2018  ,  0.8315
5_Mar_2018  ,  0.787
2_Mar_2018  ,  0.7845
1_Mar_2018  ,  0.794
28_Feb_2018  ,  0.8305
27_Feb_2018  ,  0.836
26_Feb_2018  ,  0.8335
23_Feb_2018  ,  0.834
22_Feb_2018  ,  0.867
21_Feb_2018  ,  0.8715
20_Feb_2018  ,  0.9205
19_Feb_2018  ,  0.937
18_Feb_2018  ,  0.927
16_Feb_2018  ,  0.9475
15_Feb_2018  ,  0.976
14_Feb_2018  ,  0.9485
13_Feb_2018  ,  0.9335
12_Feb_2018  ,  0.9485
9_Feb_2018  ,  0.9605
8_Feb_2018  ,  0.954
7_Feb_2018  ,  0.9215
6_Feb_2018  ,  0.9215
5_Feb_2018  ,  0.977
2_Feb_2018  ,  0.979
1_Feb_2018  ,  0.951
31_Jan_2018  ,  0.9245
30_Jan_2018  ,  0.9385
29_Jan_2018  ,  0.9435
26_Jan_2018  ,  0.891
25_Jan_2018  ,  0.871
24_Jan_2018  ,  0.8625
23_Jan_2018  ,  0.866
22_Jan_2018  ,  0.885
19_Jan_2018  ,  0.8725
18_Jan_2018  ,  0.8745
17_Jan_2018  ,  0.84
16_Jan_2018  ,  0.8365
15_Jan_2018  ,  0.8415
12_Jan_2018  ,  0.8655
11_Jan_2018  ,  0.84
10_Jan_2018  ,  0.8125
9_Jan_2018  ,  0.7555
8_Jan_2018  ,  0.7525
7_Jan_2018  ,  0.7635
5_Jan_2018  ,  0.7635
4_Jan_2018  ,  0.7875
3_Jan_2018  ,  0.784
2_Jan_2018  ,  0.7965
1_Jan_2018  ,  0.785
29_Dec_2017  ,  0.773
28_Dec_2017  ,  0.743
27_Dec_2017  ,  0.7365
26_Dec_2017  ,  0.745
25_Dec_2017  ,  0.745
22_Dec_2017  ,  0.7535
21_Dec_2017  ,  0.7745
20_Dec_2017  ,  0.771
19_Dec_2017  ,  0.7625
18_Dec_2017  ,  0.741
16_Dec_2017  ,  0.735
15_Dec_2017  ,  0.722
14_Dec_2017  ,  0.716
13_Dec_2017  ,  0.711
12_Dec_2017  ,  0.681
11_Dec_2017  ,  0.662
8_Dec_2017  ,  0.6855
7_Dec_2017  ,  0.682
6_Dec_2017  ,  0.6755
5_Dec_2017  ,  0.6915
4_Dec_2017  ,  0.7085
2_Dec_2017  ,  0.7245
1_Dec_2017  ,  0.7245
30_Nov_2017  ,  0.7435
29_Nov_2017  ,  0.728
28_Nov_2017  ,  0.6985
27_Nov_2017  ,  0.711
24_Nov_2017  ,  0.7065
23_Nov_2017  ,  0.703
22_Nov_2017  ,  0.728
21_Nov_2017  ,  0.7185
20_Nov_2017  ,  0.7285
17_Nov_2017  ,  0.735
16_Nov_2017  ,  0.7565
15_Nov_2017  ,  0.761
14_Nov_2017  ,  0.812
13_Nov_2017  ,  0.826
10_Nov_2017  ,  0.83
9_Nov_2017  ,  0.797
8_Nov_2017  ,  0.778
7_Nov_2017  ,  0.7755
6_Nov_2017  ,  0.7775
3_Nov_2017  ,  0.786
2_Nov_2017  ,  0.8085
1_Nov_2017  ,  0.803
31_Oct_2017  ,  0.7905
30_Oct_2017  ,  0.8175
29_Oct_2017  ,  0.835
27_Oct_2017  ,  0.8415
26_Oct_2017  ,  0.881
25_Oct_2017  ,  0.8945
24_Oct_2017  ,  0.89
23_Oct_2017  ,  0.865
22_Oct_2017  ,  0.867
20_Oct_2017  ,  0.8635
19_Oct_2017  ,  0.835
18_Oct_2017  ,  0.8575
17_Oct_2017  ,  0.846
16_Oct_2017  ,  0.8635
13_Oct_2017  ,  0.886
12_Oct_2017  ,  0.9135
11_Oct_2017  ,  0.9335
10_Oct_2017  ,  0.922
9_Oct_2017  ,  0.9125
6_Oct_2017  ,  0.9295
5_Oct_2017  ,  0.9245
4_Oct_2017  ,  0.926
3_Oct_2017  ,  0.9475
2_Oct_2017  ,  0.932
29_Sep_2017  ,  0.927
28_Sep_2017  ,  0.9635
27_Sep_2017  ,  0.92
26_Sep_2017  ,  0.872
25_Sep_2017  ,  0.8685
22_Sep_2017  ,  0.8885
21_Sep_2017  ,  0.8775
20_Sep_2017  ,  0.8535
19_Sep_2017  ,  0.8695
18_Sep_2017  ,  0.8735
15_Sep_2017  ,  0.8575
14_Sep_2017  ,  0.829
13_Sep_2017  ,  0.8025
12_Sep_2017  ,  0.785
11_Sep_2017  ,  0.7435
8_Sep_2017  ,  0.7435
7_Sep_2017  ,  0.791
6_Sep_2017  ,  0.806
5_Sep_2017  ,  0.852
4_Sep_2017  ,  0.639
1_Sep_2017  ,  0.628
31_Aug_2017  ,  0.586
30_Aug_2017  ,  0.598
29_Aug_2017  ,  0.576
28_Aug_2017  ,  0.592
25_Aug_2017  ,  0.606
24_Aug_2017  ,  0.591
23_Aug_2017  ,  0.622
22_Aug_2017  ,  0.629
21_Aug_2017  ,  0.596
18_Aug_2017  ,  0.629
17_Aug_2017  ,  0.653
16_Aug_2017  ,  0.679
15_Aug_2017  ,  0.675
14_Aug_2017  ,  0.622
11_Aug_2017  ,  0.583
10_Aug_2017  ,  0.605
9_Aug_2017  ,  0.59
8_Aug_2017  ,  0.643
7_Aug_2017  ,  0.643
6_Aug_2017  ,  0.687
4_Aug_2017  ,  0.687
3_Aug_2017  ,  0.669
2_Aug_2017  ,  0.68
1_Aug_2017  ,  0.713
31_Jul_2017  ,  0.721
28_Jul_2017  ,  0.703
27_Jul_2017  ,  0.642
26_Jul_2017  ,  0.641
25_Jul_2017  ,  0.663
24_Jul_2017  ,  0.628
21_Jul_2017  ,  0.62
20_Jul_2017  ,  0.641
19_Jul_2017  ,  0.646
18_Jul_2017  ,  0.658
17_Jul_2017  ,  0.705
16_Jul_2017  ,  0.692
14_Jul_2017  ,  0.692
13_Jul_2017  ,  0.694
12_Jul_2017  ,  0.643
11_Jul_2017  ,  0.683
10_Jul_2017  ,  0.683
7_Jul_2017  ,  0.68
6_Jul_2017  ,  0.705
5_Jul_2017  ,  0.629
4_Jul_2017  ,  0.611
3_Jul_2017  ,  0.649
2_Jul_2017  ,  0.659
1_Jul_2017  ,  0.659
30_Jun_2017  ,  0.659
29_Jun_2017  ,  0.628
28_Jun_2017  ,  0.559
27_Jun_2017  ,  0.498
26_Jun_2017  ,  0.451
25_Jun_2017  ,  0.45
23_Jun_2017  ,  0.45
22_Jun_2017  ,  0.438
21_Jun_2017  ,  0.46
20_Jun_2017  ,  0.453
19_Jun_2017  ,  0.458
16_Jun_2017  ,  0.464
15_Jun_2017  ,  0.453
14_Jun_2017  ,  0.395
13_Jun_2017  ,  0.408
12_Jun_2017  ,  0.386
9_Jun_2017  ,  0.41
8_Jun_2017  ,  0.412
7_Jun_2017  ,  0.411
6_Jun_2017  ,  0.435
5_Jun_2017  ,  0.429
2_Jun_2017  ,  0.417
1_Jun_2017  ,  0.441
31_May_2017  ,  0.468
30_May_2017  ,  0.498
29_May_2017  ,  0.5
26_May_2017  ,  0.511
25_May_2017  ,  0.519
24_May_2017  ,  0.519
23_May_2017  ,  0.53
22_May_2017  ,  0.518
19_May_2017  ,  0.511
18_May_2017  ,  0.508
17_May_2017  ,  0.549
16_May_2017  ,  0.581
15_May_2017  ,  0.573
12_May_2017  ,  0.597
11_May_2017  ,  0.621
10_May_2017  ,  0.614
9_May_2017  ,  0.647
8_May_2017  ,  0.651
7_May_2017  ,  0.648
5_May_2017  ,  0.648
4_May_2017  ,  0.604
3_May_2017  ,  0.577
2_May_2017  ,  0.593
28_Apr_2017  ,  0.567
27_Apr_2017  ,  0.583
26_Apr_2017  ,  0.651
25_Apr_2017  ,  0.647
24_Apr_2017  ,  0.595
22_Apr_2017  ,  0.546
21_Apr_2017  ,  0.546
20_Apr_2017  ,  0.564
19_Apr_2017  ,  0.538
18_Apr_2017  ,  0.524
17_Apr_2017  ,  0.508
13_Apr_2017  ,  0.512
12_Apr_2017  ,  0.565
11_Apr_2017  ,  0.546
10_Apr_2017  ,  0.544
7_Apr_2017  ,  0.534
6_Apr_2017  ,  0.57
5_Apr_2017  ,  0.586
4_Apr_2017  ,  0.57
3_Apr_2017  ,  0.597
31_Mar_2017  ,  0.601
30_Mar_2017  ,  0.61
29_Mar_2017  ,  0.615
28_Mar_2017  ,  0.639
27_Mar_2017  ,  0.642
26_Mar_2017  ,  0.676
24_Mar_2017  ,  0.676
23_Mar_2017  ,  0.689
22_Mar_2017  ,  0.697
21_Mar_2017  ,  0.758
20_Mar_2017  ,  0.757
18_Mar_2017  ,  0.751
17_Mar_2017  ,  0.751
16_Mar_2017  ,  0.756
15_Mar_2017  ,  0.741
14_Mar_2017  ,  0.75
13_Mar_2017  ,  0.768
10_Mar_2017  ,  0.781
9_Mar_2017  ,  0.73
8_Mar_2017  ,  0.699
7_Mar_2017  ,  0.649
6_Mar_2017  ,  0.67
3_Mar_2017  ,  0.692
2_Mar_2017  ,  0.657
1_Mar_2017  ,  0.626
28_Feb_2017  ,  0.529
27_Feb_2017  ,  0.53
24_Feb_2017  ,  0.553
23_Feb_2017  ,  0.607
22_Feb_2017  ,  0.619
21_Feb_2017  ,  0.656
20_Feb_2017  ,  0.661
17_Feb_2017  ,  0.681
16_Feb_2017  ,  0.733
15_Feb_2017  ,  0.744
14_Feb_2017  ,  0.751
13_Feb_2017  ,  0.718
10_Feb_2017  ,  0.645
9_Feb_2017  ,  0.641
8_Feb_2017  ,  0.647
7_Feb_2017  ,  0.684
6_Feb_2017  ,  0.708
3_Feb_2017  ,  0.701
2_Feb_2017  ,  0.706
1_Feb_2017  ,  0.753
31_Jan_2017  ,  0.739
30_Jan_2017  ,  0.758
27_Jan_2017  ,  0.755
26_Jan_2017  ,  0.761
25_Jan_2017  ,  0.737
24_Jan_2017  ,  0.667
23_Jan_2017  ,  0.662
20_Jan_2017  ,  0.702
19_Jan_2017  ,  0.665
18_Jan_2017  ,  0.618
17_Jan_2017  ,  0.606
16_Jan_2017  ,  0.611
13_Jan_2017  ,  0.626
12_Jan_2017  ,  0.581
11_Jan_2017  ,  0.571
10_Jan_2017  ,  0.59
9_Jan_2017  ,  0.602
6_Jan_2017  ,  0.619
5_Jan_2017  ,  0.613
4_Jan_2017  ,  0.603
3_Jan_2017  ,  0.601
2_Jan_2017  ,  0.53
30_Dec_2016  ,  0.552
29_Dec_2016  ,  0.54
28_Dec_2016  ,  0.575
27_Dec_2016  ,  0.56
23_Dec_2016  ,  0.628
22_Dec_2016  ,  0.654
21_Dec_2016  ,  0.665
20_Dec_2016  ,  0.678
19_Dec_2016  ,  0.643
16_Dec_2016  ,  0.642
15_Dec_2016  ,  0.634
14_Dec_2016  ,  0.567
13_Dec_2016  ,  0.606
12_Dec_2016  ,  0.639
9_Dec_2016  ,  0.6
8_Dec_2016  ,  0.648
7_Dec_2016  ,  0.579
6_Dec_2016  ,  0.621
5_Dec_2016  ,  0.626
2_Dec_2016  ,  0.566
1_Dec_2016  ,  0.575
30_Nov_2016  ,  0.519
29_Nov_2016  ,  0.5
28_Nov_2016  ,  0.516
25_Nov_2016  ,  0.531
24_Nov_2016  ,  0.517
23_Nov_2016  ,  0.518
22_Nov_2016  ,  0.477
21_Nov_2016  ,  0.523
18_Nov_2016  ,  0.503
17_Nov_2016  ,  0.498
16_Nov_2016  ,  0.519
15_Nov_2016  ,  0.494
14_Nov_2016  ,  0.541
11_Nov_2016  ,  0.461
10_Nov_2016  ,  0.458
9_Nov_2016  ,  0.302
8_Nov_2016  ,  0.268
7_Nov_2016  ,  0.262
4_Nov_2016  ,  0.247
3_Nov_2016  ,  0.264
2_Nov_2016  ,  0.25
1_Nov_2016  ,  0.283
31_Oct_2016  ,  0.26
28_Oct_2016  ,  0.266
27_Oct_2016  ,  0.257
26_Oct_2016  ,  0.211
25_Oct_2016  ,  0.15
24_Oct_2016  ,  0.152
21_Oct_2016  ,  0.165
20_Oct_2016  ,  0.223
19_Oct_2016  ,  0.262
18_Oct_2016  ,  0.271
17_Oct_2016  ,  0.288
15_Oct_2016  ,  0.284
14_Oct_2016  ,  0.284
13_Oct_2016  ,  0.247
12_Oct_2016  ,  0.246
11_Oct_2016  ,  0.234
10_Oct_2016  ,  0.289
8_Oct_2016  ,  0.275
7_Oct_2016  ,  0.275
6_Oct_2016  ,  0.27
5_Oct_2016  ,  0.253
4_Oct_2016  ,  0.193
3_Oct_2016  ,  0.175
1_Oct_2016  ,  0.163
30_Sep_2016  ,  0.163
29_Sep_2016  ,  0.182
28_Sep_2016  ,  0.147
27_Sep_2016  ,  0.138
26_Sep_2016  ,  0.178
25_Sep_2016  ,  0.211
24_Sep_2016  ,  0.211
23_Sep_2016  ,  0.211
22_Sep_2016  ,  0.23
21_Sep_2016  ,  0.29
20_Sep_2016  ,  0.278
19_Sep_2016  ,  0.304
17_Sep_2016  ,  0.292
16_Sep_2016  ,  0.292
15_Sep_2016  ,  0.316
14_Sep_2016  ,  0.279
13_Sep_2016  ,  0.282
12_Sep_2016  ,  0.307
11_Sep_2016  ,  0.281
10_Sep_2016  ,  0.187
9_Sep_2016  ,  0.281
8_Sep_2016  ,  0.187
7_Sep_2016  ,  0.142
6_Sep_2016  ,  0.15
5_Sep_2016  ,  0.142
3_Sep_2016  ,  0.141
2_Sep_2016  ,  0.141
1_Sep_2016  ,  0.133
31_Aug_2016  ,  0.091
30_Aug_2016  ,  0.095
29_Aug_2016  ,  0.125
28_Aug_2016  ,  0.098
27_Aug_2016  ,  0.109
26_Aug_2016  ,  0.098
25_Aug_2016  ,  0.109
24_Aug_2016  ,  0.098
23_Aug_2016  ,  0.092
22_Aug_2016  ,  0.128
19_Aug_2016  ,  0.134
18_Aug_2016  ,  0.075
17_Aug_2016  ,  0.068
16_Aug_2016  ,  0.067
15_Aug_2016  ,  0.055
14_Aug_2016  ,  0.036
13_Aug_2016  ,  0.036
12_Aug_2016  ,  0.036
11_Aug_2016  ,  0.065
10_Aug_2016  ,  0.069
9_Aug_2016  ,  0.121
8_Aug_2016  ,  0.131
6_Aug_2016  ,  0.114
5_Aug_2016  ,  0.114
4_Aug_2016  ,  0.123
3_Aug_2016  ,  0.136
2_Aug_2016  ,  0.128
1_Aug_2016  ,  0.059
29_Jul_2016  ,  0.103
28_Jul_2016  ,  0.11
27_Jul_2016  ,  0.179
26_Jul_2016  ,  0.207
25_Jul_2016  ,  0.194
22_Jul_2016  ,  0.193
21_Jul_2016  ,  0.186
20_Jul_2016  ,  0.181
19_Jul_2016  ,  0.173
18_Jul_2016  ,  0.175
15_Jul_2016  ,  0.218
14_Jul_2016  ,  0.188
13_Jul_2016  ,  0.163
12_Jul_2016  ,  0.188
11_Jul_2016  ,  0.132
10_Jul_2016  ,  0.15
8_Jul_2016  ,  0.15
7_Jul_2016  ,  0.126
6_Jul_2016  ,  0.101
5_Jul_2016  ,  0.108
4_Jul_2016  ,  0.174
3_Jul_2016  ,  0.235
1_Jul_2016  ,  0.235
30_Jun_2016  ,  0.266
29_Jun_2016  ,  0.314
28_Jun_2016  ,  0.36
27_Jun_2016  ,  0.371
24_Jun_2016  ,  0.603
23_Jun_2016  ,  0.583
22_Jun_2016  ,  0.582
21_Jun_2016  ,  0.583
20_Jun_2016  ,  0.579
17_Jun_2016  ,  0.526
16_Jun_2016  ,  0.453
15_Jun_2016  ,  0.499
14_Jun_2016  ,  0.462
13_Jun_2016  ,  0.482
10_Jun_2016  ,  0.482
9_Jun_2016  ,  0.518
8_Jun_2016  ,  0.564
7_Jun_2016  ,  0.623
6_Jun_2016  ,  0.66
5_Jun_2016  ,  0.657
4_Jun_2016  ,  0.73
3_Jun_2016  ,  0.657
2_Jun_2016  ,  0.73
1_Jun_2016  ,  0.737
31_May_2016  ,  0.771
30_May_2016  ,  0.803
28_May_2016  ,  0.773
27_May_2016  ,  0.773
26_May_2016  ,  0.786
25_May_2016  ,  0.79
24_May_2016  ,  0.792
23_May_2016  ,  0.788
21_May_2016  ,  0.795
20_May_2016  ,  0.795
19_May_2016  ,  0.775
18_May_2016  ,  0.766
17_May_2016  ,  0.743
16_May_2016  ,  0.741
14_May_2016  ,  0.718
13_May_2016  ,  0.719
12_May_2016  ,  0.724
11_May_2016  ,  0.727
10_May_2016  ,  0.747
9_May_2016  ,  0.752
7_May_2016  ,  0.755
6_May_2016  ,  0.76
5_May_2016  ,  0.793
4_May_2016  ,  0.796
3_May_2016  ,  0.814
2_May_2016  ,  0.865
30_Apr_2016  ,  0.885
29_Apr_2016  ,  0.885
28_Apr_2016  ,  0.883
27_Apr_2016  ,  0.913
26_Apr_2016  ,  0.954
25_Apr_2016  ,  0.945
23_Apr_2016  ,  0.924
22_Apr_2016  ,  0.922
21_Apr_2016  ,  0.861
20_Apr_2016  ,  0.773
19_Apr_2016  ,  0.786
18_Apr_2016  ,  0.77
16_Apr_2016  ,  0.794
15_Apr_2016  ,  0.794
14_Apr_2016  ,  0.823
13_Apr_2016  ,  0.805
12_Apr_2016  ,  0.799
11_Apr_2016  ,  0.747
9_Apr_2016  ,  0.749
8_Apr_2016  ,  0.749
7_Apr_2016  ,  0.725
6_Apr_2016  ,  0.682
5_Apr_2016  ,  0.697
4_Apr_2016  ,  0.738
2_Apr_2016  ,  0.765
1_Apr_2016  ,  0.765
31_Mar_2016  ,  0.8
30_Mar_2016  ,  0.804
29_Mar_2016  ,  0.783
28_Mar_2016  ,  0.792
26_Mar_2016  ,  0.79
25_Mar_2016  ,  0.812
24_Mar_2016  ,  0.792
23_Mar_2016  ,  0.79
22_Mar_2016  ,  0.812
21_Mar_2016  ,  0.829
19_Mar_2016  ,  0.817
18_Mar_2016  ,  0.819
17_Mar_2016  ,  0.84
16_Mar_2016  ,  0.896
15_Mar_2016  ,  0.915
14_Mar_2016  ,  0.888
12_Mar_2016  ,  0.885
11_Mar_2016  ,  0.885
10_Mar_2016  ,  0.816
9_Mar_2016  ,  0.811
8_Mar_2016  ,  0.764
7_Mar_2016  ,  0.815
4_Mar_2016  ,  0.821
3_Mar_2016  ,  0.806
2_Mar_2016  ,  0.814
1_Mar_2016  ,  0.757
29_Feb_2016  ,  0.743
27_Feb_2016  ,  0.733
26_Feb_2016  ,  0.736
25_Feb_2016  ,  0.728
24_Feb_2016  ,  0.728
23_Feb_2016  ,  0.802
22_Feb_2016  ,  0.773
20_Feb_2016  ,  0.776
19_Feb_2016  ,  0.776
18_Feb_2016  ,  0.805
17_Feb_2016  ,  0.807
16_Feb_2016  ,  0.818
15_Feb_2016  ,  0.782
14_Feb_2016  ,  0.729
13_Feb_2016  ,  0.729
12_Feb_2016  ,  0.729
11_Feb_2016  ,  0.676
10_Feb_2016  ,  0.722
9_Feb_2016  ,  0.732
8_Feb_2016  ,  0.735
6_Feb_2016  ,  0.801
5_Feb_2016  ,  0.801
4_Feb_2016  ,  0.804
3_Feb_2016  ,  0.796
2_Feb_2016  ,  0.831
1_Feb_2016  ,  0.85
30_Jan_2016  ,  0.865
29_Jan_2016  ,  0.865
28_Jan_2016  ,  0.922
27_Jan_2016  ,  0.957
26_Jan_2016  ,  0.942
25_Jan_2016  ,  0.961
23_Jan_2016  ,  0.978
22_Jan_2016  ,  0.978
21_Jan_2016  ,  0.909
20_Jan_2016  ,  0.961
19_Jan_2016  ,  1.053
18_Jan_2016  ,  1.025
16_Jan_2016  ,  1.004
15_Jan_2016  ,  1.004
14_Jan_2016  ,  1.023
13_Jan_2016  ,  1.062
12_Jan_2016  ,  1.107
11_Jan_2016  ,  1.119
10_Jan_2016  ,  1.107
9_Jan_2016  ,  1.107
8_Jan_2016  ,  1.107
7_Jan_2016  ,  1.122
6_Jan_2016  ,  1.14
5_Jan_2016  ,  1.141
4_Jan_2016  ,  1.189
2_Jan_2016  ,  1.265
1_Jan_2016  ,  1.265
31_Dec_2015  ,  1.265
30_Dec_2015  ,  1.259
29_Dec_2015  ,  1.307
28_Dec_2015  ,  1.326
26_Dec_2015  ,  1.315
25_Dec_2015  ,  1.315
24_Dec_2015  ,  1.315
23_Dec_2015  ,  1.302
22_Dec_2015  ,  1.283
21_Dec_2015  ,  1.251
19_Dec_2015  ,  1.225
18_Dec_2015  ,  1.225
17_Dec_2015  ,  1.259
16_Dec_2015  ,  1.252
15_Dec_2015  ,  0.943
14_Dec_2015  ,  0.871
12_Dec_2015  ,  0.845
11_Dec_2015  ,  0.845
10_Dec_2015  ,  0.871
9_Dec_2015  ,  0.908
8_Dec_2015  ,  0.0
7_Dec_2015  ,  0.899
6_Dec_2015  ,  0.96
5_Dec_2015  ,  0.957
4_Dec_2015  ,  0.957
3_Dec_2015  ,  0.87
2_Dec_2015  ,  0.763
1_Dec_2015  ,  0.773
30_Nov_2015  ,  0.755
28_Nov_2015  ,  0.727
27_Nov_2015  ,  0.727
26_Nov_2015  ,  0.727
25_Nov_2015  ,  0.772
24_Nov_2015  ,  0.835
23_Nov_2015  ,  0.864
22_Nov_2015  ,  0.821
21_Nov_2015  ,  0.824
20_Nov_2015  ,  0.824
19_Nov_2015  ,  0.858
18_Nov_2015  ,  0.8325
17_Nov_2015  ,  0.8465
16_Nov_2015  ,  0.8705
14_Nov_2015  ,  0.875
13_Nov_2015  ,  0.897
12_Nov_2015  ,  0.866
11_Nov_2015  ,  0.8205
10_Nov_2015  ,  0.839
9_Nov_2015  ,  0.876
7_Nov_2015  ,  0.849
6_Nov_2015  ,  0.7755
5_Nov_2015  ,  0.754
4_Nov_2015  ,  0.705
3_Nov_2015  ,  0.678
2_Nov_2015  ,  0.657
31_Oct_2015  ,  0.625
30_Oct_2015  ,  0.627
29_Oct_2015  ,  0.5905
28_Oct_2015  ,  0.562
27_Oct_2015  ,  0.6485
26_Oct_2015  ,  0.6765
24_Oct_2015  ,  0.683
23_Oct_2015  ,  0.6885
22_Oct_2015  ,  0.7375
21_Oct_2015  ,  0.7505
20_Oct_2015  ,  0.693
19_Oct_2015  ,  0.6515
18_Oct_2015  ,  0.634
17_Oct_2015  ,  0.634
16_Oct_2015  ,  0.6345
15_Oct_2015  ,  0.634
14_Oct_2015  ,  0.6555
13_Oct_2015  ,  0.6735
12_Oct_2015  ,  0.6815
11_Oct_2015  ,  0.684
10_Oct_2015  ,  0.684
9_Oct_2015  ,  0.68
8_Oct_2015  ,  0.647
7_Oct_2015  ,  0.6885
6_Oct_2015  ,  0.6705
5_Oct_2015  ,  0.625
3_Oct_2015  ,  0.59
2_Oct_2015  ,  0.6375
1_Oct_2015  ,  0.698
30_Sep_2015  ,  0.7215
29_Sep_2015  ,  0.683
28_Sep_2015  ,  0.711
27_Sep_2015  ,  0.727
26_Sep_2015  ,  0.727
25_Sep_2015  ,  0.7265
24_Sep_2015  ,  0.6855
23_Sep_2015  ,  0.704
22_Sep_2015  ,  0.721
21_Sep_2015  ,  0.752
19_Sep_2015  ,  0.732
18_Sep_2015  ,  0.7465
17_Sep_2015  ,  0.851
16_Sep_2015  ,  0.8085
15_Sep_2015  ,  0.716
14_Sep_2015  ,  0.6575
12_Sep_2015  ,  0.645
11_Sep_2015  ,  0.67
10_Sep_2015  ,  0.633
9_Sep_2015  ,  0.651
8_Sep_2015  ,  0.623
7_Sep_2015  ,  0.639
6_Sep_2015  ,  0.654
5_Sep_2015  ,  0.665
4_Sep_2015  ,  0.673
3_Sep_2015  ,  0.7345
2_Sep_2015  ,  0.7445
1_Sep_2015  ,  0.738
31_Aug_2015  ,  0.6935
29_Aug_2015  ,  0.658
28_Aug_2015  ,  0.658
27_Aug_2015  ,  0.686
26_Aug_2015  ,  0.629
25_Aug_2015  ,  0.583
24_Aug_2015  ,  0.511
22_Aug_2015  ,  0.579
21_Aug_2015  ,  0.579
20_Aug_2015  ,  0.5905
19_Aug_2015  ,  0.649
18_Aug_2015  ,  0.6565
17_Aug_2015  ,  0.667
15_Aug_2015  ,  0.658
14_Aug_2015  ,  0.658
13_Aug_2015  ,  0.6365
12_Aug_2015  ,  0.579
11_Aug_2015  ,  0.634
10_Aug_2015  ,  0.704
8_Aug_2015  ,  0.711
7_Aug_2015  ,  0.711
6_Aug_2015  ,  0.761
5_Aug_2015  ,  0.751
4_Aug_2015  ,  0.7435
3_Aug_2015  ,  0.748
2_Aug_2015  ,  0.7515
1_Aug_2015  ,  0.749
31_Jul_2015  ,  0.7515
30_Jul_2015  ,  0.749
29_Jul_2015  ,  0.739
28_Jul_2015  ,  0.74
27_Jul_2015  ,  0.7025
25_Jul_2015  ,  0.72
24_Jul_2015  ,  0.7325
23_Jul_2015  ,  0.769
22_Jul_2015  ,  0.797
21_Jul_2015  ,  0.802
20_Jul_2015  ,  0.814
18_Jul_2015  ,  0.82
17_Jul_2015  ,  0.817
16_Jul_2015  ,  0.833
15_Jul_2015  ,  0.835
14_Jul_2015  ,  0.86
13_Jul_2015  ,  0.918
11_Jul_2015  ,  0.8375
10_Jul_2015  ,  0.8375
9_Jul_2015  ,  0.751
8_Jul_2015  ,  0.747
7_Jul_2015  ,  0.812
6_Jul_2015  ,  0.866
4_Jul_2015  ,  0.887
3_Jul_2015  ,  0.912
2_Jul_2015  ,  0.999
1_Jul_2015  ,  1.022
30_Jun_2015  ,  0.98
29_Jun_2015  ,  0.9785
27_Jun_2015  ,  1.082
26_Jun_2015  ,  1.063
25_Jun_2015  ,  1.03
24_Jun_2015  ,  1.0375
23_Jun_2015  ,  1.0605
22_Jun_2015  ,  1.037
21_Jun_2015  ,  0.97
20_Jun_2015  ,  0.958
19_Jun_2015  ,  0.964
18_Jun_2015  ,  0.987
17_Jun_2015  ,  1.026
16_Jun_2015  ,  0.9865
15_Jun_2015  ,  0.9985
13_Jun_2015  ,  1.06
12_Jun_2015  ,  1.06
11_Jun_2015  ,  1.105
10_Jun_2015  ,  1.0865
9_Jun_2015  ,  1.017
8_Jun_2015  ,  0.9735
7_Jun_2015  ,  0.977
6_Jun_2015  ,  0.981
5_Jun_2015  ,  0.981
4_Jun_2015  ,  1.0255
3_Jun_2015  ,  0.9215
2_Jun_2015  ,  0.7725
1_Jun_2015  ,  0.661
30_May_2015  ,  0.665
29_May_2015  ,  0.695
28_May_2015  ,  0.727
27_May_2015  ,  0.745
26_May_2015  ,  0.76
25_May_2015  ,  0.7995
23_May_2015  ,  0.785
22_May_2015  ,  0.79
21_May_2015  ,  0.823
20_May_2015  ,  0.7755
19_May_2015  ,  0.7275
18_May_2015  ,  0.752
16_May_2015  ,  0.752
15_May_2015  ,  0.7675
14_May_2015  ,  0.745
13_May_2015  ,  0.7905
12_May_2015  ,  0.8305
11_May_2015  ,  0.7475
9_May_2015  ,  0.7675
8_May_2015  ,  0.7675
7_May_2015  ,  0.861
6_May_2015  ,  0.734
5_May_2015  ,  0.674
4_May_2015  ,  0.537
2_May_2015  ,  0.495
1_May_2015  ,  0.495
30_Apr_2015  ,  0.46
29_Apr_2015  ,  0.359
28_Apr_2015  ,  0.3295
27_Apr_2015  ,  0.3395
25_Apr_2015  ,  0.355
24_Apr_2015  ,  0.364
23_Apr_2015  ,  0.341
22_Apr_2015  ,  0.324
21_Apr_2015  ,  0.279
20_Apr_2015  ,  0.2515
18_Apr_2015  ,  0.229
17_Apr_2015  ,  0.2345
16_Apr_2015  ,  0.2595
15_Apr_2015  ,  0.286
14_Apr_2015  ,  0.3105
13_Apr_2015  ,  0.3395
11_Apr_2015  ,  0.359
10_Apr_2015  ,  0.375
9_Apr_2015  ,  0.391
8_Apr_2015  ,  0.393
7_Apr_2015  ,  0.409
6_Apr_2015  ,  0.41
4_Apr_2015  ,  0.421
3_Apr_2015  ,  0.423
2_Apr_2015  ,  0.421
1_Apr_2015  ,  0.423
31_Mar_2015  ,  0.443
30_Mar_2015  ,  0.4165
28_Mar_2015  ,  0.394
27_Mar_2015  ,  0.407
26_Mar_2015  ,  0.3925
25_Mar_2015  ,  0.389
24_Mar_2015  ,  0.3875
23_Mar_2015  ,  0.402
21_Mar_2015  ,  0.416
20_Mar_2015  ,  0.4515
19_Mar_2015  ,  0.452
18_Mar_2015  ,  0.541
17_Mar_2015  ,  0.608
16_Mar_2015  ,  0.6185
14_Mar_2015  ,  0.6475
13_Mar_2015  ,  0.6475
12_Mar_2015  ,  0.699
11_Mar_2015  ,  0.732
10_Mar_2015  ,  0.7505
9_Mar_2015  ,  0.8185
8_Mar_2015  ,  0.821
7_Mar_2015  ,  0.8145
6_Mar_2015  ,  0.821
5_Mar_2015  ,  0.8145
4_Mar_2015  ,  0.774
3_Mar_2015  ,  0.7475
2_Mar_2015  ,  0.722
28_Feb_2015  ,  0.678
27_Feb_2015  ,  0.678
26_Feb_2015  ,  0.6325
25_Feb_2015  ,  0.65
24_Feb_2015  ,  0.679
23_Feb_2015  ,  0.6705
21_Feb_2015  ,  0.623
20_Feb_2015  ,  0.623
19_Feb_2015  ,  0.5845
18_Feb_2015  ,  0.538
17_Feb_2015  ,  0.493
16_Feb_2015  ,  0.502
14_Feb_2015  ,  0.5195
13_Feb_2015  ,  0.5195
12_Feb_2015  ,  0.5765
11_Feb_2015  ,  0.649
10_Feb_2015  ,  0.6675
9_Feb_2015  ,  0.641
7_Feb_2015  ,  0.6435
6_Feb_2015  ,  0.6435
5_Feb_2015  ,  0.646
4_Feb_2015  ,  0.6495
3_Feb_2015  ,  0.61
2_Feb_2015  ,  0.588
1_Feb_2015  ,  0.641
31_Jan_2015  ,  0.641
30_Jan_2015  ,  0.6745
29_Jan_2015  ,  0.701
28_Jan_2015  ,  0.7395
27_Jan_2015  ,  0.727
26_Jan_2015  ,  0.6895
24_Jan_2015  ,  0.698
23_Jan_2015  ,  0.698
22_Jan_2015  ,  0.815
21_Jan_2015  ,  0.767
20_Jan_2015  ,  0.7565
19_Jan_2015  ,  0.767
17_Jan_2015  ,  0.767
16_Jan_2015  ,  0.7735
15_Jan_2015  ,  0.7945
14_Jan_2015  ,  0.811
13_Jan_2015  ,  0.824
12_Jan_2015  ,  0.8355
10_Jan_2015  ,  0.843
9_Jan_2015  ,  0.8595
8_Jan_2015  ,  0.8675
7_Jan_2015  ,  0.8565
6_Jan_2015  ,  0.917
5_Jan_2015  ,  0.916
3_Jan_2015  ,  0.897
2_Jan_2015  ,  0.9265
31_Dec_2014  ,  0.939
30_Dec_2014  ,  0.9435
29_Dec_2014  ,  0.9745
28_Dec_2014  ,  0.978
24_Dec_2014  ,  0.978
23_Dec_2014  ,  0.992
22_Dec_2014  ,  1.006
21_Dec_2014  ,  0.991
20_Dec_2014  ,  0.991
19_Dec_2014  ,  0.992
18_Dec_2014  ,  0.9465
17_Dec_2014  ,  0.9225
16_Dec_2014  ,  0.9325
15_Dec_2014  ,  0.9785
14_Dec_2014  ,  0.972
13_Dec_2014  ,  0.972
12_Dec_2014  ,  0.9755
11_Dec_2014  ,  1.0015
10_Dec_2014  ,  1.0245
9_Dec_2014  ,  1.051
8_Dec_2014  ,  1.085
6_Dec_2014  ,  1.095
5_Dec_2014  ,  1.0985
4_Dec_2014  ,  1.0935
3_Dec_2014  ,  1.081
2_Dec_2014  ,  1.0695
1_Dec_2014  ,  1.0355
30_Nov_2014  ,  1.02
29_Nov_2014  ,  1.02
28_Nov_2014  ,  1.031
27_Nov_2014  ,  1.029
26_Nov_2014  ,  1.059
25_Nov_2014  ,  1.086
24_Nov_2014  ,  1.107
22_Nov_2014  ,  1.093
21_Nov_2014  ,  1.114
20_Nov_2014  ,  1.138
19_Nov_2014  ,  1.134
18_Nov_2014  ,  1.125
17_Nov_2014  ,  1.131
16_Nov_2014  ,  1.142
15_Nov_2014  ,  1.141
14_Nov_2014  ,  1.141
13_Nov_2014  ,  1.151
12_Nov_2014  ,  1.141
11_Nov_2014  ,  1.193
10_Nov_2014  ,  1.193
8_Nov_2014  ,  1.192
7_Nov_2014  ,  1.218
6_Nov_2014  ,  1.211
5_Nov_2014  ,  1.161
4_Nov_2014  ,  1.215
3_Nov_2014  ,  1.214
1_Nov_2014  ,  1.189
31_Oct_2014  ,  1.183
30_Oct_2014  ,  1.169
29_Oct_2014  ,  1.188
28_Oct_2014  ,  1.166
27_Oct_2014  ,  1.271
25_Oct_2014  ,  1.26
24_Oct_2014  ,  1.27
23_Oct_2014  ,  1.253
22_Oct_2014  ,  1.233
21_Oct_2014  ,  1.224
20_Oct_2014  ,  1.218
18_Oct_2014  ,  1.24
17_Oct_2014  ,  1.207
16_Oct_2014  ,  1.141
15_Oct_2014  ,  1.203
14_Oct_2014  ,  1.327
13_Oct_2014  ,  1.384
11_Oct_2014  ,  1.375
10_Oct_2014  ,  1.386
9_Oct_2014  ,  1.384
8_Oct_2014  ,  1.413
7_Oct_2014  ,  1.44
6_Oct_2014  ,  1.457
4_Oct_2014  ,  1.473
3_Oct_2014  ,  1.473
2_Oct_2014  ,  1.458
1_Oct_2014  ,  1.475
30_Sep_2014  ,  1.51
29_Sep_2014  ,  1.511
27_Sep_2014  ,  1.497
26_Sep_2014  ,  1.487
25_Sep_2014  ,  1.519
24_Sep_2014  ,  1.543
23_Sep_2014  ,  1.538
22_Sep_2014  ,  1.285
20_Sep_2014  ,  1.593
19_Sep_2014  ,  1.593
18_Sep_2014  ,  1.589
17_Sep_2014  ,  1.569
16_Sep_2014  ,  1.564
15_Sep_2014  ,  1.6
13_Sep_2014  ,  1.565
12_Sep_2014  ,  1.551
11_Sep_2014  ,  1.497
10_Sep_2014  ,  1.502
9_Sep_2014  ,  1.48
8_Sep_2014  ,  1.415
6_Sep_2014  ,  1.413
5_Sep_2014  ,  1.44
4_Sep_2014  ,  1.459
3_Sep_2014  ,  1.466
2_Sep_2014  ,  1.438
1_Sep_2014  ,  1.4
31_Aug_2014  ,  1.398
30_Aug_2014  ,  1.398
29_Aug_2014  ,  1.405
28_Aug_2014  ,  1.414
27_Aug_2014  ,  1.455
26_Aug_2014  ,  1.5
25_Aug_2014  ,  1.525
23_Aug_2014  ,  1.563
22_Aug_2014  ,  1.56
21_Aug_2014  ,  1.578
20_Aug_2014  ,  1.566
19_Aug_2014  ,  1.591
18_Aug_2014  ,  1.597
17_Aug_2014  ,  1.599
16_Aug_2014  ,  1.598
15_Aug_2014  ,  1.599
14_Aug_2014  ,  1.598
13_Aug_2014  ,  1.633
12_Aug_2014  ,  1.624
11_Aug_2014  ,  1.616
10_Aug_2014  ,  1.577
9_Aug_2014  ,  1.572
8_Aug_2014  ,  1.572
7_Aug_2014  ,  1.633
6_Aug_2014  ,  1.689
5_Aug_2014  ,  1.717
4_Aug_2014  ,  1.695
2_Aug_2014  ,  1.703
1_Aug_2014  ,  1.719
31_Jul_2014  ,  1.707
30_Jul_2014  ,  1.657
29_Jul_2014  ,  1.663
28_Jul_2014  ,  1.672
27_Jul_2014  ,  1.663
26_Jul_2014  ,  1.663
25_Jul_2014  ,  1.676
24_Jul_2014  ,  1.672
23_Jul_2014  ,  1.664
22_Jul_2014  ,  1.671
21_Jul_2014  ,  1.66
20_Jul_2014  ,  1.663
19_Jul_2014  ,  1.663
18_Jul_2014  ,  1.668
17_Jul_2014  ,  1.696
16_Jul_2014  ,  1.73
15_Jul_2014  ,  1.737
14_Jul_2014  ,  1.748
12_Jul_2014  ,  1.753
11_Jul_2014  ,  1.766
10_Jul_2014  ,  1.776
9_Jul_2014  ,  1.788
8_Jul_2014  ,  1.79
7_Jul_2014  ,  1.814
5_Jul_2014  ,  1.842
4_Jul_2014  ,  1.842
3_Jul_2014  ,  1.853
2_Jul_2014  ,  1.857
1_Jul_2014  ,  1.856
30_Jun_2014  ,  1.863
28_Jun_2014  ,  1.864
27_Jun_2014  ,  1.858
26_Jun_2014  ,  1.868
25_Jun_2014  ,  1.903
24_Jun_2014  ,  1.944
23_Jun_2014  ,  1.959
22_Jun_2014  ,  1.949
21_Jun_2014  ,  1.956
20_Jun_2014  ,  1.949
19_Jun_2014  ,  1.956
18_Jun_2014  ,  1.98
17_Jun_2014  ,  1.829
16_Jun_2014  ,  1.786
14_Jun_2014  ,  1.802
13_Jun_2014  ,  1.813
12_Jun_2014  ,  1.801
11_Jun_2014  ,  1.821
10_Jun_2014  ,  1.823
9_Jun_2014  ,  1.823
7_Jun_2014  ,  1.875
6_Jun_2014  ,  1.875
5_Jun_2014  ,  1.874
4_Jun_2014  ,  1.883
3_Jun_2014  ,  1.859
2_Jun_2014  ,  1.816
31_May_2014  ,  1.805
30_May_2014  ,  1.807
29_May_2014  ,  1.828
28_May_2014  ,  1.814
27_May_2014  ,  1.839
26_May_2014  ,  1.851
25_May_2014  ,  1.84
24_May_2014  ,  1.84
23_May_2014  ,  1.838
22_May_2014  ,  1.864
21_May_2014  ,  1.871
20_May_2014  ,  1.849
19_May_2014  ,  1.829
17_May_2014  ,  1.836
16_May_2014  ,  1.836
15_May_2014  ,  1.807
14_May_2014  ,  1.85
13_May_2014  ,  1.898
12_May_2014  ,  1.933
10_May_2014  ,  1.903
9_May_2014  ,  1.906
8_May_2014  ,  1.921
7_May_2014  ,  1.95
6_May_2014  ,  1.946
5_May_2014  ,  1.922
3_May_2014  ,  1.962
2_May_2014  ,  1.952
1_May_2014  ,  1.987
30_Apr_2014  ,  1.987
29_Apr_2014  ,  1.988
28_Apr_2014  ,  2.011
27_Apr_2014  ,  1.984
26_Apr_2014  ,  2.03
25_Apr_2014  ,  1.984
24_Apr_2014  ,  2.03
23_Apr_2014  ,  2.038
22_Apr_2014  ,  2.065
21_Apr_2014  ,  2.055
19_Apr_2014  ,  2.018
18_Apr_2014  ,  2.022
17_Apr_2014  ,  2.022
16_Apr_2014  ,  2.003
15_Apr_2014  ,  1.966
14_Apr_2014  ,  2.036
12_Apr_2014  ,  2.038
11_Apr_2014  ,  2.032
10_Apr_2014  ,  2.08
9_Apr_2014  ,  2.138
8_Apr_2014  ,  2.114
7_Apr_2014  ,  2.099
5_Apr_2014  ,  2.13
4_Apr_2014  ,  2.135
3_Apr_2014  ,  2.15
2_Apr_2014  ,  2.16
1_Apr_2014  ,  2.137
31_Mar_2014  ,  2.126
29_Mar_2014  ,  2.131
28_Mar_2014  ,  2.131
27_Mar_2014  ,  2.109
26_Mar_2014  ,  2.133
25_Mar_2014  ,  2.158
24_Mar_2014  ,  2.189
22_Mar_2014  ,  2.21
21_Mar_2014  ,  2.21
20_Mar_2014  ,  2.221
19_Mar_2014  ,  2.143
18_Mar_2014  ,  2.119
17_Mar_2014  ,  2.113
15_Mar_2014  ,  2.076
14_Mar_2014  ,  2.079
13_Mar_2014  ,  2.106
12_Mar_2014  ,  2.127
11_Mar_2014  ,  2.172
10_Mar_2014  ,  2.192
9_Mar_2014  ,  2.231
8_Mar_2014  ,  2.231
7_Mar_2014  ,  2.231
6_Mar_2014  ,  2.226
5_Mar_2014  ,  2.195
4_Mar_2014  ,  2.183
3_Mar_2014  ,  2.143
1_Mar_2014  ,  2.228
28_Feb_2014  ,  2.228
27_Feb_2014  ,  2.151
26_Feb_2014  ,  2.194
25_Feb_2014  ,  2.219
24_Feb_2014  ,  2.22
22_Feb_2014  ,  2.192
21_Feb_2014  ,  2.192
20_Feb_2014  ,  2.182
19_Feb_2014  ,  2.151
18_Feb_2014  ,  2.224
17_Feb_2014  ,  2.277
15_Feb_2014  ,  2.26
14_Feb_2014  ,  2.26
13_Feb_2014  ,  2.251
12_Feb_2014  ,  2.266
11_Feb_2014  ,  2.263
10_Feb_2014  ,  2.232
8_Feb_2014  ,  2.23
7_Feb_2014  ,  2.23
6_Feb_2014  ,  2.274
5_Feb_2014  ,  2.204
4_Feb_2014  ,  2.218
3_Feb_2014  ,  2.214
1_Feb_2014  ,  2.209
31_Jan_2014  ,  2.209
30_Jan_2014  ,  2.255
29_Jan_2014  ,  2.276
28_Jan_2014  ,  2.309
27_Jan_2014  ,  2.288
25_Jan_2014  ,  2.269
24_Jan_2014  ,  2.269
23_Jan_2014  ,  2.333
22_Jan_2014  ,  2.368
21_Jan_2014  ,  2.341
20_Jan_2014  ,  2.354
18_Jan_2014  ,  2.375
17_Jan_2014  ,  2.375
16_Jan_2014  ,  2.394
15_Jan_2014  ,  2.428
14_Jan_2014  ,  2.405
13_Jan_2014  ,  2.384
11_Jan_2014  ,  2.424
10_Jan_2014  ,  2.424
9_Jan_2014  ,  2.45
8_Jan_2014  ,  2.434
7_Jan_2014  ,  2.454
6_Jan_2014  ,  2.494
4_Jan_2014  ,  2.504
3_Jan_2014  ,  2.504
2_Jan_2014  ,  2.512
1_Jan_2014  ,  2.525
31_Dec_2013  ,  2.516
30_Dec_2013  ,  2.525
28_Dec_2013  ,  2.516
27_Dec_2013  ,  2.516
26_Dec_2013  ,  2.456
25_Dec_2013  ,  2.456
24_Dec_2013  ,  2.456
23_Dec_2013  ,  2.456
21_Dec_2013  ,  2.444
20_Dec_2013  ,  2.444
19_Dec_2013  ,  2.446
18_Dec_2013  ,  2.394
17_Dec_2013  ,  2.361
16_Dec_2013  ,  2.325
14_Dec_2013  ,  2.345
13_Dec_2013  ,  2.345
12_Dec_2013  ,  2.357
11_Dec_2013  ,  2.345
10_Dec_2013  ,  2.339
9_Dec_2013  ,  2.354
7_Dec_2013  ,  2.377
6_Dec_2013  ,  2.377
5_Dec_2013  ,  2.377
4_Dec_2013  ,  2.356
3_Dec_2013  ,  2.327
2_Dec_2013  ,  2.312
30_Nov_2013  ,  2.241
29_Nov_2013  ,  2.241
28_Nov_2013  ,  2.23
27_Nov_2013  ,  2.252
26_Nov_2013  ,  2.265
25_Nov_2013  ,  2.279
23_Nov_2013  ,  2.306
22_Nov_2013  ,  2.306
21_Nov_2013  ,  2.266
20_Nov_2013  ,  2.211
19_Nov_2013  ,  2.21
18_Nov_2013  ,  2.217
17_Nov_2013  ,  2.268
16_Nov_2013  ,  2.268
15_Nov_2013  ,  2.268
14_Nov_2013  ,  2.285
13_Nov_2013  ,  2.316
12_Nov_2013  ,  2.376
11_Nov_2013  ,  2.409
9_Nov_2013  ,  2.41
8_Nov_2013  ,  2.41
7_Nov_2013  ,  2.354
6_Nov_2013  ,  2.404
5_Nov_2013  ,  2.372
4_Nov_2013  ,  2.294
3_Nov_2013  ,  2.287
2_Nov_2013  ,  2.287
1_Nov_2013  ,  2.287
31_Oct_2013  ,  2.292
30_Oct_2013  ,  2.26
29_Oct_2013  ,  2.306
28_Oct_2013  ,  2.309
27_Oct_2013  ,  2.353
26_Oct_2013  ,  2.353
25_Oct_2013  ,  2.353
24_Oct_2013  ,  2.343
23_Oct_2013  ,  2.367
22_Oct_2013  ,  2.378
21_Oct_2013  ,  2.432
19_Oct_2013  ,  2.451
18_Oct_2013  ,  2.451
17_Oct_2013  ,  2.491
16_Oct_2013  ,  2.555
15_Oct_2013  ,  2.509
14_Oct_2013  ,  2.484
12_Oct_2013  ,  2.484
11_Oct_2013  ,  2.484
10_Oct_2013  ,  2.49
9_Oct_2013  ,  2.477
8_Oct_2013  ,  2.503
7_Oct_2013  ,  2.495
6_Oct_2013  ,  2.521
5_Oct_2013  ,  2.52
4_Oct_2013  ,  2.521
3_Oct_2013  ,  2.52
2_Oct_2013  ,  2.5
1_Oct_2013  ,  2.49
30_Sep_2013  ,  2.446
29_Sep_2013  ,  2.451
28_Sep_2013  ,  2.451
27_Sep_2013  ,  2.451
26_Sep_2013  ,  2.481
25_Sep_2013  ,  2.465
24_Sep_2013  ,  2.539
23_Sep_2013  ,  2.582
22_Sep_2013  ,  2.605
21_Sep_2013  ,  2.605
20_Sep_2013  ,  2.605
19_Sep_2013  ,  2.584
18_Sep_2013  ,  2.674
17_Sep_2013  ,  2.655
16_Sep_2013  ,  2.592
15_Sep_2013  ,  2.646
14_Sep_2013  ,  2.646
13_Sep_2013  ,  2.646
12_Sep_2013  ,  2.696
11_Sep_2013  ,  2.728
10_Sep_2013  ,  2.743
9_Sep_2013  ,  2.664
8_Sep_2013  ,  2.66
7_Sep_2013  ,  2.66
6_Sep_2013  ,  2.66
5_Sep_2013  ,  2.744
4_Sep_2013  ,  2.592
3_Sep_2013  ,  2.573
2_Sep_2013  ,  2.517
1_Sep_2013  ,  2.447
31_Aug_2013  ,  2.447
30_Aug_2013  ,  2.447
29_Aug_2013  ,  2.47
28_Aug_2013  ,  2.495
27_Aug_2013  ,  2.449
26_Aug_2013  ,  2.488
24_Aug_2013  ,  2.513
23_Aug_2013  ,  2.513
22_Aug_2013  ,  2.492
21_Aug_2013  ,  2.405
20_Aug_2013  ,  2.377
19_Aug_2013  ,  2.436
17_Aug_2013  ,  2.394
16_Aug_2013  ,  2.394
15_Aug_2013  ,  2.398
14_Aug_2013  ,  2.324
13_Aug_2013  ,  2.287
12_Aug_2013  ,  2.195
11_Aug_2013  ,  2.202
10_Aug_2013  ,  2.202
9_Aug_2013  ,  2.202
8_Aug_2013  ,  2.195
7_Aug_2013  ,  2.19
6_Aug_2013  ,  2.195
5_Aug_2013  ,  2.19
3_Aug_2013  ,  2.168
2_Aug_2013  ,  2.168
1_Aug_2013  ,  2.183
31_Jul_2013  ,  2.19
30_Jul_2013  ,  2.181
29_Jul_2013  ,  2.205
27_Jul_2013  ,  2.19
26_Jul_2013  ,  2.19
25_Jul_2013  ,  2.212
24_Jul_2013  ,  2.182
23_Jul_2013  ,  2.144
22_Jul_2013  ,  2.101
20_Jul_2013  ,  2.09
19_Jul_2013  ,  2.09
18_Jul_2013  ,  2.065
17_Jul_2013  ,  2.08
16_Jul_2013  ,  2.093
15_Jul_2013  ,  2.122
13_Jul_2013  ,  2.086
12_Jul_2013  ,  2.086
11_Jul_2013  ,  2.147
10_Jul_2013  ,  2.188
9_Jul_2013  ,  2.196
8_Jul_2013  ,  2.245
6_Jul_2013  ,  2.25
5_Jul_2013  ,  2.25
4_Jul_2013  ,  2.15
3_Jul_2013  ,  2.153
2_Jul_2013  ,  2.192
1_Jul_2013  ,  2.229
29_Jun_2013  ,  2.202
28_Jun_2013  ,  2.202
27_Jun_2013  ,  2.178
26_Jun_2013  ,  2.226
25_Jun_2013  ,  2.291
24_Jun_2013  ,  2.287
23_Jun_2013  ,  2.15
22_Jun_2013  ,  2.15
21_Jun_2013  ,  2.15
20_Jun_2013  ,  2.15
19_Jun_2013  ,  2.0
18_Jun_2013  ,  1.975
17_Jun_2013  ,  1.929
16_Jun_2013  ,  1.923
15_Jun_2013  ,  1.923
14_Jun_2013  ,  1.923
13_Jun_2013  ,  1.946
12_Jun_2013  ,  1.981
11_Jun_2013  ,  1.978
10_Jun_2013  ,  1.942
8_Jun_2013  ,  1.936
7_Jun_2013  ,  1.936
6_Jun_2013  ,  1.954
5_Jun_2013  ,  1.954
4_Jun_2013  ,  1.973
3_Jun_2013  ,  1.955
1_Jun_2013  ,  1.925
31_May_2013  ,  1.925
30_May_2013  ,  1.899
29_May_2013  ,  1.923
28_May_2013  ,  1.86
27_May_2013  ,  1.827
25_May_2013  ,  1.813
24_May_2013  ,  1.813
23_May_2013  ,  1.838
22_May_2013  ,  1.778
21_May_2013  ,  1.845
20_May_2013  ,  1.802
18_May_2013  ,  1.735
17_May_2013  ,  1.735
16_May_2013  ,  1.747
15_May_2013  ,  1.776
14_May_2013  ,  1.756
13_May_2013  ,  1.785
11_May_2013  ,  1.789
10_May_2013  ,  1.789
9_May_2013  ,  1.762
8_May_2013  ,  1.762
7_May_2013  ,  1.76
6_May_2013  ,  1.72
4_May_2013  ,  1.676
3_May_2013  ,  1.676
2_May_2013  ,  1.594
1_May_2013  ,  1.607
30_Apr_2013  ,  1.607
29_Apr_2013  ,  1.588
27_Apr_2013  ,  1.568
26_Apr_2013  ,  1.568
25_Apr_2013  ,  1.574
24_Apr_2013  ,  1.556
23_Apr_2013  ,  1.571
22_Apr_2013  ,  1.58
20_Apr_2013  ,  1.614
19_Apr_2013  ,  1.614
18_Apr_2013  ,  1.578
17_Apr_2013  ,  1.607
16_Apr_2013  ,  1.69
15_Apr_2013  ,  1.675
13_Apr_2013  ,  1.684
12_Apr_2013  ,  1.684
11_Apr_2013  ,  1.741
10_Apr_2013  ,  1.728
9_Apr_2013  ,  1.675
8_Apr_2013  ,  1.663
6_Apr_2013  ,  1.656
5_Apr_2013  ,  1.656
4_Apr_2013  ,  1.734
3_Apr_2013  ,  1.839
2_Apr_2013  ,  1.864
30_Mar_2013  ,  1.809
29_Mar_2013  ,  1.809
28_Mar_2013  ,  1.809
27_Mar_2013  ,  1.83
26_Mar_2013  ,  1.872
25_Mar_2013  ,  1.873
23_Mar_2013  ,  1.881
22_Mar_2013  ,  1.881
21_Mar_2013  ,  1.907
20_Mar_2013  ,  1.96
19_Mar_2013  ,  1.876
18_Mar_2013  ,  1.889
17_Mar_2013  ,  1.947
16_Mar_2013  ,  1.947
15_Mar_2013  ,  1.947
14_Mar_2013  ,  1.963
13_Mar_2013  ,  1.945
12_Mar_2013  ,  1.96
11_Mar_2013  ,  1.982
9_Mar_2013  ,  2.007
8_Mar_2013  ,  2.007
7_Mar_2013  ,  1.971
6_Mar_2013  ,  2.0
5_Mar_2013  ,  1.987
4_Mar_2013  ,  1.908
2_Mar_2013  ,  1.881
1_Mar_2013  ,  1.881
28_Feb_2013  ,  1.887
27_Feb_2013  ,  1.867
26_Feb_2013  ,  1.934
25_Feb_2013  ,  2.03
23_Feb_2013  ,  2.004
22_Feb_2013  ,  2.004
21_Feb_2013  ,  2.008
20_Feb_2013  ,  2.086
19_Feb_2013  ,  2.045
18_Feb_2013  ,  2.032
17_Feb_2013  ,  2.015
16_Feb_2013  ,  2.015
15_Feb_2013  ,  2.015
14_Feb_2013  ,  2.047
13_Feb_2013  ,  2.121
12_Feb_2013  ,  2.039
11_Feb_2013  ,  1.996
10_Feb_2013  ,  1.979
9_Feb_2013  ,  1.979
8_Feb_2013  ,  1.979
7_Feb_2013  ,  1.961
6_Feb_2013  ,  1.972
5_Feb_2013  ,  1.981
4_Feb_2013  ,  1.978
2_Feb_2013  ,  1.991
1_Feb_2013  ,  1.991
31_Jan_2013  ,  1.984
30_Jan_2013  ,  1.992
29_Jan_2013  ,  1.921
28_Jan_2013  ,  1.911
26_Jan_2013  ,  1.859
25_Jan_2013  ,  1.859
24_Jan_2013  ,  1.798
23_Jan_2013  ,  1.788
22_Jan_2013  ,  1.81
21_Jan_2013  ,  1.833
19_Jan_2013  ,  1.802
18_Jan_2013  ,  1.802
17_Jan_2013  ,  1.809
16_Jan_2013  ,  1.745
15_Jan_2013  ,  1.749
14_Jan_2013  ,  1.773
13_Jan_2013  ,  1.829
12_Jan_2013  ,  1.829
11_Jan_2013  ,  1.829
10_Jan_2013  ,  1.793
9_Jan_2013  ,  1.707
8_Jan_2013  ,  1.702
7_Jan_2013  ,  1.743
5_Jan_2013  ,  1.719
4_Jan_2013  ,  1.719
3_Jan_2013  ,  1.671
2_Jan_2013  ,  1.634
1_Jan_2013  ,  1.534
31_Dec_2012  ,  1.534
30_Dec_2012  ,  1.534
29_Dec_2012  ,  1.534
28_Dec_2012  ,  1.534
27_Dec_2012  ,  1.565
26_Dec_2012  ,  1.603
25_Dec_2012  ,  1.603
24_Dec_2012  ,  1.603
23_Dec_2012  ,  1.603
22_Dec_2012  ,  1.603
21_Dec_2012  ,  1.603
20_Dec_2012  ,  1.604
19_Dec_2012  ,  1.599
18_Dec_2012  ,  1.554
17_Dec_2012  ,  1.505
15_Dec_2012  ,  1.491
14_Dec_2012  ,  1.491
13_Dec_2012  ,  1.465
12_Dec_2012  ,  1.452
11_Dec_2012  ,  1.45
10_Dec_2012  ,  1.43
8_Dec_2012  ,  1.432
7_Dec_2012  ,  1.432
6_Dec_2012  ,  1.442
5_Dec_2012  ,  1.467
4_Dec_2012  ,  1.504
3_Dec_2012  ,  1.516
1_Dec_2012  ,  1.473
30_Nov_2012  ,  1.473
29_Nov_2012  ,  1.477
28_Nov_2012  ,  1.455
27_Nov_2012  ,  1.514
26_Nov_2012  ,  1.496
24_Nov_2012  ,  1.542
23_Nov_2012  ,  1.542
22_Nov_2012  ,  1.527
21_Nov_2012  ,  1.529
20_Nov_2012  ,  1.507
19_Nov_2012  ,  1.457
17_Nov_2012  ,  1.442
16_Nov_2012  ,  1.442
15_Nov_2012  ,  1.447
14_Nov_2012  ,  1.43
13_Nov_2012  ,  1.403
12_Nov_2012  ,  1.399
10_Nov_2012  ,  1.382
9_Nov_2012  ,  1.382
8_Nov_2012  ,  1.399
7_Nov_2012  ,  1.394
6_Nov_2012  ,  1.441
5_Nov_2012  ,  1.424
3_Nov_2012  ,  1.464
2_Nov_2012  ,  1.464
1_Nov_2012  ,  1.491
31_Oct_2012  ,  1.531
30_Oct_2012  ,  1.523
29_Oct_2012  ,  1.52
27_Oct_2012  ,  1.565
26_Oct_2012  ,  1.565
25_Oct_2012  ,  1.601
24_Oct_2012  ,  1.567
23_Oct_2012  ,  1.622
22_Oct_2012  ,  1.65
19_Oct_2012  ,  1.651
18_Oct_2012  ,  1.653
17_Oct_2012  ,  1.642
16_Oct_2012  ,  1.563
15_Oct_2012  ,  1.484
13_Oct_2012  ,  1.471
12_Oct_2012  ,  1.471
11_Oct_2012  ,  1.486
10_Oct_2012  ,  1.491
9_Oct_2012  ,  1.486
8_Oct_2012  ,  1.489
6_Oct_2012  ,  1.523
5_Oct_2012  ,  1.523
4_Oct_2012  ,  1.473
3_Oct_2012  ,  1.461
2_Oct_2012  ,  1.496
1_Oct_2012  ,  1.496
29_Sep_2012  ,  1.472
28_Sep_2012  ,  1.472
27_Sep_2012  ,  1.476
26_Sep_2012  ,  1.483
25_Sep_2012  ,  1.543
24_Sep_2012  ,  1.549
23_Sep_2012  ,  1.559
22_Sep_2012  ,  1.559
21_Sep_2012  ,  1.559
20_Sep_2012  ,  1.533
19_Sep_2012  ,  1.575
18_Sep_2012  ,  1.593
17_Sep_2012  ,  1.634
15_Sep_2012  ,  1.624
14_Sep_2012  ,  1.624
13_Sep_2012  ,  1.5
12_Sep_2012  ,  1.532
11_Sep_2012  ,  1.453
10_Sep_2012  ,  1.48
8_Sep_2012  ,  1.462
7_Sep_2012  ,  1.462
6_Sep_2012  ,  1.493
5_Sep_2012  ,  1.423
4_Sep_2012  ,  1.39
3_Sep_2012  ,  1.389
1_Sep_2012  ,  1.409
31_Aug_2012  ,  1.409
30_Aug_2012  ,  1.367
29_Aug_2012  ,  1.399
28_Aug_2012  ,  1.371
27_Aug_2012  ,  1.411
25_Aug_2012  ,  1.391
24_Aug_2012  ,  1.391
23_Aug_2012  ,  1.405
22_Aug_2012  ,  1.476
21_Aug_2012  ,  1.55
20_Aug_2012  ,  1.52
18_Aug_2012  ,  1.513
17_Aug_2012  ,  1.513
16_Aug_2012  ,  1.507
15_Aug_2012  ,  1.515
14_Aug_2012  ,  1.462
13_Aug_2012  ,  1.421
11_Aug_2012  ,  1.425
10_Aug_2012  ,  1.425
9_Aug_2012  ,  1.476
8_Aug_2012  ,  1.418
7_Aug_2012  ,  1.459
6_Aug_2012  ,  1.41
5_Aug_2012  ,  1.39
4_Aug_2012  ,  1.39
3_Aug_2012  ,  1.39
2_Aug_2012  ,  1.315
1_Aug_2012  ,  1.41
31_Jul_2012  ,  1.385
30_Jul_2012  ,  1.465
28_Jul_2012  ,  1.417
27_Jul_2012  ,  1.417
26_Jul_2012  ,  1.35
25_Jul_2012  ,  1.257
24_Jul_2012  ,  1.238
23_Jul_2012  ,  1.19
21_Jul_2012  ,  1.202
20_Jul_2012  ,  1.202
19_Jul_2012  ,  1.254
18_Jul_2012  ,  1.237
17_Jul_2012  ,  1.288
16_Jul_2012  ,  1.261
14_Jul_2012  ,  1.274
13_Jul_2012  ,  1.274
12_Jul_2012  ,  1.294
11_Jul_2012  ,  1.312
10_Jul_2012  ,  1.323
9_Jul_2012  ,  1.317
8_Jul_2012  ,  1.325
7_Jul_2012  ,  1.325
6_Jul_2012  ,  1.325
5_Jul_2012  ,  1.406
4_Jul_2012  ,  1.483
3_Jul_2012  ,  1.522
2_Jul_2012  ,  1.531
1_Jul_2012  ,  1.601
30_Jun_2012  ,  1.601
29_Jun_2012  ,  1.601
28_Jun_2012  ,  1.535
27_Jun_2012  ,  1.56
26_Jun_2012  ,  1.503
25_Jun_2012  ,  1.422
24_Jun_2012  ,  1.512
22_Jun_2012  ,  1.512
21_Jun_2012  ,  1.512
20_Jun_2012  ,  1.554
19_Jun_2012  ,  1.515
18_Jun_2012  ,  1.471
17_Jun_2012  ,  1.508
16_Jun_2012  ,  1.534
15_Jun_2012  ,  1.508
14_Jun_2012  ,  1.534
13_Jun_2012  ,  1.573
12_Jun_2012  ,  1.499
11_Jun_2012  ,  1.443
10_Jun_2012  ,  1.413
8_Jun_2012  ,  1.413
7_Jun_2012  ,  1.465
6_Jun_2012  ,  1.125
5_Jun_2012  ,  1.125
4_Jun_2012  ,  1.145
3_Jun_2012  ,  1.176
1_Jun_2012  ,  1.176
31_May_2012  ,  1.282
30_May_2012  ,  1.342
29_May_2012  ,  1.413
28_May_2012  ,  1.409
27_May_2012  ,  1.443
26_May_2012  ,  1.467
25_May_2012  ,  1.443
24_May_2012  ,  1.467
23_May_2012  ,  1.496
22_May_2012  ,  1.54
21_May_2012  ,  1.485
20_May_2012  ,  1.427
19_May_2012  ,  1.459
18_May_2012  ,  1.427
17_May_2012  ,  1.459
16_May_2012  ,  1.459
15_May_2012  ,  1.466
14_May_2012  ,  1.437
13_May_2012  ,  1.511
11_May_2012  ,  1.511
10_May_2012  ,  1.548
9_May_2012  ,  1.581
8_May_2012  ,  1.658
7_May_2012  ,  1.658
6_May_2012  ,  1.699
5_May_2012  ,  1.699
4_May_2012  ,  1.699
3_May_2012  ,  1.709
2_May_2012  ,  1.704
1_May_2012  ,  1.792
30_Apr_2012  ,  1.792
29_Apr_2012  ,  1.8
27_Apr_2012  ,  1.8
26_Apr_2012  ,  1.822
25_Apr_2012  ,  1.835
24_Apr_2012  ,  1.79
23_Apr_2012  ,  1.728
22_Apr_2012  ,  1.8
21_Apr_2012  ,  1.8
20_Apr_2012  ,  1.8
19_Apr_2012  ,  1.8
18_Apr_2012  ,  1.829
17_Apr_2012  ,  1.817
16_Apr_2012  ,  1.753
15_Apr_2012  ,  1.763
14_Apr_2012  ,  1.805
13_Apr_2012  ,  1.763
12_Apr_2012  ,  1.805
11_Apr_2012  ,  1.807
10_Apr_2012  ,  1.744
9_Apr_2012  ,  1.855
8_Apr_2012  ,  1.855
7_Apr_2012  ,  1.855
6_Apr_2012  ,  1.855
5_Apr_2012  ,  1.855
4_Apr_2012  ,  1.938
3_Apr_2012  ,  1.978
2_Apr_2012  ,  1.995
1_Apr_2012  ,  1.98
31_Mar_2012  ,  1.993
30_Mar_2012  ,  1.98
29_Mar_2012  ,  1.993
28_Mar_2012  ,  2.029
27_Mar_2012  ,  2.045
26_Mar_2012  ,  2.045
25_Mar_2012  ,  1.972
24_Mar_2012  ,  2.004
23_Mar_2012  ,  1.972
22_Mar_2012  ,  2.004
21_Mar_2012  ,  2.072
20_Mar_2012  ,  2.111
19_Mar_2012  ,  2.091
18_Mar_2012  ,  2.115
17_Mar_2012  ,  1.985
16_Mar_2012  ,  2.115
15_Mar_2012  ,  1.985
14_Mar_2012  ,  1.947
13_Mar_2012  ,  1.868
12_Mar_2012  ,  1.764
11_Mar_2012  ,  1.815
10_Mar_2012  ,  1.796
9_Mar_2012  ,  1.815
8_Mar_2012  ,  1.796
7_Mar_2012  ,  1.784
6_Mar_2012  ,  1.803
5_Mar_2012  ,  1.837
4_Mar_2012  ,  1.838
3_Mar_2012  ,  1.927
2_Mar_2012  ,  1.838
1_Mar_2012  ,  1.927
29_Feb_2012  ,  1.902
28_Feb_2012  ,  1.891
27_Feb_2012  ,  1.888
25_Feb_2012  ,  1.915
24_Feb_2012  ,  1.915
23_Feb_2012  ,  1.911
22_Feb_2012  ,  1.912
21_Feb_2012  ,  1.947
20_Feb_2012  ,  1.954
19_Feb_2012  ,  1.896
18_Feb_2012  ,  1.896
17_Feb_2012  ,  1.896
16_Feb_2012  ,  1.846
15_Feb_2012  ,  1.826
14_Feb_2012  ,  1.855
13_Feb_2012  ,  1.885
10_Feb_2012  ,  1.866
9_Feb_2012  ,  1.967
8_Feb_2012  ,  1.936
7_Feb_2012  ,  1.89
6_Feb_2012  ,  1.881
3_Feb_2012  ,  1.892
2_Feb_2012  ,  1.818
1_Feb_2012  ,  1.732
31_Jan_2012  ,  1.713
30_Jan_2012  ,  1.707
27_Jan_2012  ,  1.756
26_Jan_2012  ,  1.787
25_Jan_2012  ,  1.845
24_Jan_2012  ,  1.864
23_Jan_2012  ,  1.832
20_Jan_2012  ,  1.76
19_Jan_2012  ,  1.687
18_Jan_2012  ,  1.616
17_Jan_2012  ,  1.618
16_Jan_2012  ,  1.601
13_Jan_2012  ,  1.589
12_Jan_2012  ,  1.618
11_Jan_2012  ,  1.67
10_Jan_2012  ,  1.694
9_Jan_2012  ,  1.668
6_Jan_2012  ,  1.684
5_Jan_2012  ,  1.684
4_Jan_2012  ,  1.703
3_Jan_2012  ,  1.7
2_Jan_2012  ,  1.685
30_Dec_2011  ,  1.616
29_Dec_2011  ,  1.632
28_Dec_2011  ,  1.658
27_Dec_2011  ,  1.67
23_Dec_2011  ,  1.714
22_Dec_2011  ,  1.715
21_Dec_2011  ,  1.684
20_Dec_2011  ,  1.686
19_Dec_2011  ,  1.605
16_Dec_2011  ,  1.593
15_Dec_2011  ,  1.625
14_Dec_2011  ,  1.561
13_Dec_2011  ,  1.615
12_Dec_2011  ,  1.61
9_Dec_2011  ,  1.658
8_Dec_2011  ,  1.682
7_Dec_2011  ,  1.708
6_Dec_2011  ,  1.785
5_Dec_2011  ,  1.807
2_Dec_2011  ,  1.79
1_Dec_2011  ,  1.8
30_Nov_2011  ,  1.775
29_Nov_2011  ,  1.771
28_Nov_2011  ,  1.712
25_Nov_2011  ,  1.618
24_Nov_2011  ,  1.589
23_Nov_2011  ,  1.644
22_Nov_2011  ,  1.673
21_Nov_2011  ,  1.668
18_Nov_2011  ,  1.751
17_Nov_2011  ,  1.691
16_Nov_2011  ,  1.65
15_Nov_2011  ,  1.595
14_Nov_2011  ,  1.652
11_Nov_2011  ,  1.695
10_Nov_2011  ,  1.63
9_Nov_2011  ,  1.612
8_Nov_2011  ,  1.734
7_Nov_2011  ,  1.724
4_Nov_2011  ,  1.795
3_Nov_2011  ,  1.787
2_Nov_2011  ,  1.772
1_Nov_2011  ,  1.69
31_Oct_2011  ,  1.932
28_Oct_2011  ,  2.072
27_Oct_2011  ,  2.057
26_Oct_2011  ,  1.921
25_Oct_2011  ,  1.946
24_Oct_2011  ,  1.937
21_Oct_2011  ,  1.957
20_Oct_2011  ,  1.933
19_Oct_2011  ,  1.94
18_Oct_2011  ,  1.859
17_Oct_2011  ,  1.932
14_Oct_2011  ,  1.996
13_Oct_2011  ,  1.943
12_Oct_2011  ,  2.026
11_Oct_2011  ,  1.945
10_Oct_2011  ,  1.921
7_Oct_2011  ,  1.844
6_Oct_2011  ,  1.769
5_Oct_2011  ,  1.722
4_Oct_2011  ,  1.621
3_Oct_2011  ,  1.685
30_Sep_2011  ,  1.747
29_Sep_2011  ,  1.835
28_Sep_2011  ,  1.869
27_Sep_2011  ,  1.867
26_Sep_2011  ,  1.705
23_Sep_2011  ,  1.701
22_Sep_2011  ,  1.68
21_Sep_2011  ,  1.757
20_Sep_2011  ,  1.76
19_Sep_2011  ,  1.787
16_Sep_2011  ,  1.883
15_Sep_2011  ,  1.945
14_Sep_2011  ,  1.834
13_Sep_2011  ,  1.752
12_Sep_2011  ,  1.705
9_Sep_2011  ,  1.79
8_Sep_2011  ,  1.894
7_Sep_2011  ,  1.915
6_Sep_2011  ,  1.856
5_Sep_2011  ,  1.892
2_Sep_2011  ,  2.015
1_Sep_2011  ,  2.11
31_Aug_2011  ,  2.1
30_Aug_2011  ,  2.055
29_Aug_2011  ,  2.11
26_Aug_2011  ,  2.025
25_Aug_2011  ,  2.088
24_Aug_2011  ,  2.097
23_Aug_2011  ,  2.025
22_Aug_2011  ,  2.027
19_Aug_2011  ,  1.997
18_Aug_2011  ,  1.93
17_Aug_2011  ,  2.141
16_Aug_2011  ,  2.19
15_Aug_2011  ,  2.195
12_Aug_2011  ,  2.175
11_Aug_2011  ,  2.075
10_Aug_2011  ,  2.06
9_Aug_2011  ,  2.214
8_Aug_2011  ,  2.254
5_Aug_2011  ,  2.355
4_Aug_2011  ,  2.37
3_Aug_2011  ,  2.414
2_Aug_2011  ,  2.446
1_Aug_2011  ,  2.47
29_Jul_2011  ,  2.506
28_Jul_2011  ,  2.546
27_Jul_2011  ,  2.63
26_Jul_2011  ,  2.706
25_Jul_2011  ,  2.751
22_Jul_2011  ,  2.81
21_Jul_2011  ,  2.89
20_Jul_2011  ,  2.79
19_Jul_2011  ,  2.735
18_Jul_2011  ,  2.675
15_Jul_2011  ,  2.69
14_Jul_2011  ,  2.717
13_Jul_2011  ,  2.686
12_Jul_2011  ,  2.69
11_Jul_2011  ,  2.658
8_Jul_2011  ,  2.81
7_Jul_2011  ,  2.921
6_Jul_2011  ,  2.859
5_Jul_2011  ,  2.927
4_Jul_2011  ,  2.924
1_Jul_2011  ,  2.925
30_Jun_2011  ,  2.91
29_Jun_2011  ,  2.889
28_Jun_2011  ,  2.83
27_Jun_2011  ,  2.792
24_Jun_2011  ,  2.843
23_Jun_2011  ,  2.843
22_Jun_2011  ,  2.858
21_Jun_2011  ,  2.865
20_Jun_2011  ,  2.86
17_Jun_2011  ,  2.868
16_Jun_2011  ,  2.865
15_Jun_2011  ,  2.904
14_Jun_2011  ,  2.923
13_Jun_2011  ,  2.865
10_Jun_2011  ,  2.868
9_Jun_2011  ,  2.915
8_Jun_2011  ,  2.95
7_Jun_2011  ,  2.97
6_Jun_2011  ,  2.904
3_Jun_2011  ,  2.904
2_Jun_2011  ,  2.937
1_Jun_2011  ,  2.937
31_May_2011  ,  2.907
30_May_2011  ,  2.855
27_May_2011  ,  2.865
26_May_2011  ,  2.872
25_May_2011  ,  2.9
24_May_2011  ,  2.92
23_May_2011  ,  2.869
20_May_2011  ,  2.915
19_May_2011  ,  2.96
18_May_2011  ,  2.955
17_May_2011  ,  3.035
16_May_2011  ,  3.075
13_May_2011  ,  3.042
12_May_2011  ,  3.059
11_May_2011  ,  3.085
10_May_2011  ,  3.064
9_May_2011  ,  3.05
6_May_2011  ,  3.13
5_May_2011  ,  3.167
4_May_2011  ,  3.185
3_May_2011  ,  3.182
2_May_2011  ,  3.22
29_Apr_2011  ,  3.21
28_Apr_2011  ,  3.207
27_Apr_2011  ,  3.231
26_Apr_2011  ,  3.204
21_Apr_2011  ,  3.25
20_Apr_2011  ,  3.247
19_Apr_2011  ,  3.255
18_Apr_2011  ,  3.275
15_Apr_2011  ,  3.345
14_Apr_2011  ,  3.334
13_Apr_2011  ,  3.37
12_Apr_2011  ,  3.36
11_Apr_2011  ,  3.425
8_Apr_2011  ,  3.413
7_Apr_2011  ,  3.334
6_Apr_2011  ,  3.305
5_Apr_2011  ,  3.277
4_Apr_2011  ,  3.336
1_Apr_2011  ,  3.38
31_Mar_2011  ,  3.329
30_Mar_2011  ,  3.355
29_Mar_2011  ,  3.362
28_Mar_2011  ,  3.375
25_Mar_2011  ,  3.35
24_Mar_2011  ,  3.335
23_Mar_2011  ,  3.334
22_Mar_2011  ,  3.34
21_Mar_2011  ,  3.327
18_Mar_2011  ,  3.275
17_Mar_2011  ,  3.265
16_Mar_2011  ,  3.195
15_Mar_2011  ,  3.25
14_Mar_2011  ,  3.36
11_Mar_2011  ,  3.375
10_Mar_2011  ,  3.407
9_Mar_2011  ,  3.435
8_Mar_2011  ,  3.425
7_Mar_2011  ,  3.44
4_Mar_2011  ,  3.415
3_Mar_2011  ,  3.435
2_Mar_2011  ,  3.35
1_Mar_2011  ,  3.36
28_Feb_2011  ,  3.325
25_Feb_2011  ,  3.32
24_Feb_2011  ,  3.285
23_Feb_2011  ,  3.305
22_Feb_2011  ,  3.34
21_Feb_2011  ,  3.345
18_Feb_2011  ,  3.395
17_Feb_2011  ,  3.375
16_Feb_2011  ,  3.448
15_Feb_2011  ,  3.505
14_Feb_2011  ,  3.493
11_Feb_2011  ,  3.445
10_Feb_2011  ,  3.473
9_Feb_2011  ,  3.47
8_Feb_2011  ,  3.461
7_Feb_2011  ,  3.456
4_Feb_2011  ,  3.446
3_Feb_2011  ,  3.435
2_Feb_2011  ,  3.42
1_Feb_2011  ,  3.424
31_Jan_2011  ,  3.345
28_Jan_2011  ,  3.396
27_Jan_2011  ,  3.406
26_Jan_2011  ,  3.398
25_Jan_2011  ,  3.357
24_Jan_2011  ,  3.355
21_Jan_2011  ,  3.35
20_Jan_2011  ,  3.29
19_Jan_2011  ,  3.25
18_Jan_2011  ,  3.255
17_Jan_2011  ,  3.235
14_Jan_2011  ,  3.213
13_Jan_2011  ,  3.264
12_Jan_2011  ,  3.24
11_Jan_2011  ,  3.172
10_Jan_2011  ,  3.165
7_Jan_2011  ,  3.215
6_Jan_2011  ,  3.225
5_Jan_2011  ,  3.225
4_Jan_2011  ,  3.225
3_Jan_2011  ,  3.275
31_Dec_2010  ,  3.275
30_Dec_2010  ,  3.275
29_Dec_2010  ,  3.305
28_Dec_2010  ,  3.26
27_Dec_2010  ,  3.297
24_Dec_2010  ,  3.215
23_Dec_2010  ,  3.215
22_Dec_2010  ,  3.23
21_Dec_2010  ,  3.222
20_Dec_2010  ,  3.195
17_Dec_2010  ,  3.279
16_Dec_2010  ,  3.305
15_Dec_2010  ,  3.271
14_Dec_2010  ,  3.245
13_Dec_2010  ,  3.209
10_Dec_2010  ,  3.156
9_Dec_2010  ,  3.175
8_Dec_2010  ,  3.209
7_Dec_2010  ,  3.153
6_Dec_2010  ,  3.088
3_Dec_2010  ,  3.125
2_Dec_2010  ,  3.076
1_Dec_2010  ,  3.023
30_Nov_2010  ,  2.948
29_Nov_2010  ,  2.996
26_Nov_2010  ,  2.986
25_Nov_2010  ,  2.937
24_Nov_2010  ,  2.918
23_Nov_2010  ,  2.825
22_Nov_2010  ,  2.916
19_Nov_2010  ,  2.955
18_Nov_2010  ,  2.96
17_Nov_2010  ,  2.89
16_Nov_2010  ,  2.9
15_Nov_2010  ,  2.905
12_Nov_2010  ,  2.84
11_Nov_2010  ,  2.78
10_Nov_2010  ,  2.783
9_Nov_2010  ,  2.756
8_Nov_2010  ,  2.745
5_Nov_2010  ,  2.715
4_Nov_2010  ,  2.745
3_Nov_2010  ,  2.759
2_Nov_2010  ,  2.78
1_Nov_2010  ,  2.811
29_Oct_2010  ,  2.86
28_Oct_2010  ,  2.873
27_Oct_2010  ,  2.881
26_Oct_2010  ,  2.805
25_Oct_2010  ,  2.795
22_Oct_2010  ,  2.779
21_Oct_2010  ,  2.721
20_Oct_2010  ,  2.695
19_Oct_2010  ,  2.673
18_Oct_2010  ,  2.655
15_Oct_2010  ,  2.655
14_Oct_2010  ,  2.558
13_Oct_2010  ,  2.51
12_Oct_2010  ,  2.468
11_Oct_2010  ,  2.485
8_Oct_2010  ,  2.49
7_Oct_2010  ,  2.486
6_Oct_2010  ,  2.446
5_Oct_2010  ,  2.497
4_Oct_2010  ,  2.515
1_Oct_2010  ,  2.57
30_Sep_2010  ,  2.527
29_Sep_2010  ,  2.47
28_Sep_2010  ,  2.429
27_Sep_2010  ,  2.45
24_Sep_2010  ,  2.524
23_Sep_2010  ,  2.496
22_Sep_2010  ,  2.566
21_Sep_2010  ,  2.636
20_Sep_2010  ,  2.655
17_Sep_2010  ,  2.608
16_Sep_2010  ,  2.645
15_Sep_2010  ,  2.62
14_Sep_2010  ,  2.58
13_Sep_2010  ,  2.635
10_Sep_2010  ,  2.577
9_Sep_2010  ,  2.505
8_Sep_2010  ,  2.467
7_Sep_2010  ,  2.42
6_Sep_2010  ,  2.485
3_Sep_2010  ,  2.497
2_Sep_2010  ,  2.424
1_Sep_2010  ,  2.361
31_Aug_2010  ,  2.24
30_Aug_2010  ,  2.24
27_Aug_2010  ,  2.238
26_Aug_2010  ,  2.246
25_Aug_2010  ,  2.244
24_Aug_2010  ,  2.295
23_Aug_2010  ,  2.395
20_Aug_2010  ,  2.37
19_Aug_2010  ,  2.397
18_Aug_2010  ,  2.379
17_Aug_2010  ,  2.405
16_Aug_2010  ,  2.387
13_Aug_2010  ,  2.451
12_Aug_2010  ,  2.467
11_Aug_2010  ,  2.495
10_Aug_2010  ,  2.588
9_Aug_2010  ,  2.585
6_Aug_2010  ,  2.59
5_Aug_2010  ,  2.64
4_Aug_2010  ,  2.686
3_Aug_2010  ,  2.718
2_Aug_2010  ,  2.785
30_Jul_2010  ,  2.758
29_Jul_2010  ,  2.798
28_Jul_2010  ,  2.811
27_Jul_2010  ,  2.805
26_Jul_2010  ,  2.77
23_Jul_2010  ,  2.726
22_Jul_2010  ,  2.695
21_Jul_2010  ,  2.702
20_Jul_2010  ,  2.69
19_Jul_2010  ,  2.703
16_Jul_2010  ,  2.71
15_Jul_2010  ,  2.717
14_Jul_2010  ,  2.704
13_Jul_2010  ,  2.693
12_Jul_2010  ,  2.668
9_Jul_2010  ,  2.68
8_Jul_2010  ,  2.67
7_Jul_2010  ,  2.64
6_Jul_2010  ,  2.65
5_Jul_2010  ,  2.606
2_Jul_2010  ,  2.635
1_Jul_2010  ,  2.628
30_Jun_2010  ,  2.679
29_Jun_2010  ,  2.64
28_Jun_2010  ,  2.633
25_Jun_2010  ,  2.652
24_Jun_2010  ,  2.652
23_Jun_2010  ,  2.691
22_Jun_2010  ,  2.726
21_Jun_2010  ,  2.754
18_Jun_2010  ,  2.705
17_Jun_2010  ,  2.594
16_Jun_2010  ,  2.573
15_Jun_2010  ,  2.545
14_Jun_2010  ,  2.516
11_Jun_2010  ,  2.519
10_Jun_2010  ,  2.53
9_Jun_2010  ,  2.483
8_Jun_2010  ,  2.451
7_Jun_2010  ,  2.501
4_Jun_2010  ,  2.607
3_Jun_2010  ,  2.67
2_Jun_2010  ,  2.636
1_Jun_2010  ,  2.642
31_May_2010  ,  2.64
28_May_2010  ,  2.687
27_May_2010  ,  2.64
26_May_2010  ,  2.61
25_May_2010  ,  2.547
24_May_2010  ,  2.615
21_May_2010  ,  2.591
20_May_2010  ,  2.527
19_May_2010  ,  2.615
18_May_2010  ,  2.685
17_May_2010  ,  2.731
14_May_2010  ,  2.73
13_May_2010  ,  2.842
12_May_2010  ,  2.842
11_May_2010  ,  2.84
10_May_2010  ,  2.888
7_May_2010  ,  2.685
6_May_2010  ,  2.792
5_May_2010  ,  2.854
4_May_2010  ,  2.959
3_May_2010  ,  3.039
30_Apr_2010  ,  2.976
29_Apr_2010  ,  2.979
28_Apr_2010  ,  2.944
27_Apr_2010  ,  2.992
26_Apr_2010  ,  3.066
