26_Jun_2018  ,  1.3
25_Jun_2018  ,  1.292
23_Jun_2018  ,  1.322
22_Jun_2018  ,  1.32
21_Jun_2018  ,  1.277
20_Jun_2018  ,  1.299
19_Jun_2018  ,  1.281
18_Jun_2018  ,  1.323
17_Jun_2018  ,  1.323
16_Jun_2018  ,  1.329
15_Jun_2018  ,  1.326
14_Jun_2018  ,  1.335
13_Jun_2018  ,  1.368
12_Jun_2018  ,  1.4
11_Jun_2018  ,  1.406
9_Jun_2018  ,  1.391
8_Jun_2018  ,  1.389
7_Jun_2018  ,  1.399
6_Jun_2018  ,  1.374
5_Jun_2018  ,  1.285
4_Jun_2018  ,  1.297
3_Jun_2018  ,  1.297
1_Jun_2018  ,  1.283
31_May_2018  ,  1.229
30_May_2018  ,  1.257
29_May_2018  ,  1.195
28_May_2018  ,  1.325
27_May_2018  ,  1.325
25_May_2018  ,  1.323
24_May_2018  ,  1.401
23_May_2018  ,  1.439
22_May_2018  ,  1.522
21_May_2018  ,  1.476
20_May_2018  ,  1.501
18_May_2018  ,  1.5
17_May_2018  ,  1.562
16_May_2018  ,  1.503
15_May_2018  ,  1.518
14_May_2018  ,  1.472
13_May_2018  ,  1.441
11_May_2018  ,  1.439
10_May_2018  ,  1.43
9_May_2018  ,  1.459
8_May_2018  ,  1.445
7_May_2018  ,  1.399
4_May_2018  ,  1.4
3_May_2018  ,  1.391
2_May_2018  ,  1.458
1_May_2018  ,  1.407
30_Apr_2018  ,  1.418
27_Apr_2018  ,  1.446
26_Apr_2018  ,  1.506
25_Apr_2018  ,  1.541
24_Apr_2018  ,  1.541
23_Apr_2018  ,  1.537
20_Apr_2018  ,  1.481
19_Apr_2018  ,  1.516
18_Apr_2018  ,  1.416
17_Apr_2018  ,  1.437
16_Apr_2018  ,  1.464
14_Apr_2018  ,  1.464
13_Apr_2018  ,  1.436
12_Apr_2018  ,  1.457
11_Apr_2018  ,  1.388
10_Apr_2018  ,  1.407
9_Apr_2018  ,  1.406
6_Apr_2018  ,  1.395
5_Apr_2018  ,  1.418
4_Apr_2018  ,  1.368
3_Apr_2018  ,  1.359
30_Mar_2018  ,  1.343
29_Mar_2018  ,  1.35
28_Mar_2018  ,  1.367
27_Mar_2018  ,  1.419
26_Mar_2018  ,  1.44
24_Mar_2018  ,  1.44
23_Mar_2018  ,  1.446
22_Mar_2018  ,  1.439
21_Mar_2018  ,  1.529
20_Mar_2018  ,  1.485
19_Mar_2018  ,  1.445
16_Mar_2018  ,  1.431
15_Mar_2018  ,  1.44
14_Mar_2018  ,  1.439
13_Mar_2018  ,  1.488
12_Mar_2018  ,  1.497
9_Mar_2018  ,  1.494
8_Mar_2018  ,  1.474
7_Mar_2018  ,  1.494
6_Mar_2018  ,  1.522
5_Mar_2018  ,  1.498
2_Mar_2018  ,  1.473
1_Mar_2018  ,  1.467
28_Feb_2018  ,  1.502
27_Feb_2018  ,  1.561
26_Feb_2018  ,  1.511
23_Feb_2018  ,  1.523
22_Feb_2018  ,  1.549
21_Feb_2018  ,  1.556
20_Feb_2018  ,  1.587
19_Feb_2018  ,  1.604
18_Feb_2018  ,  1.58
16_Feb_2018  ,  1.582
15_Feb_2018  ,  1.649
14_Feb_2018  ,  1.641
13_Feb_2018  ,  1.618
12_Feb_2018  ,  1.601
9_Feb_2018  ,  1.573
8_Feb_2018  ,  1.619
7_Feb_2018  ,  1.552
6_Feb_2018  ,  1.522
5_Feb_2018  ,  1.559
2_Feb_2018  ,  1.578
1_Feb_2018  ,  1.534
31_Jan_2018  ,  1.512
30_Jan_2018  ,  1.462
29_Jan_2018  ,  1.455
26_Jan_2018  ,  1.444
25_Jan_2018  ,  1.414
24_Jan_2018  ,  1.408
23_Jan_2018  ,  1.354
22_Jan_2018  ,  1.361
19_Jan_2018  ,  1.339
18_Jan_2018  ,  1.333
17_Jan_2018  ,  1.309
16_Jan_2018  ,  1.304
15_Jan_2018  ,  1.324
12_Jan_2018  ,  1.337
11_Jan_2018  ,  1.31
10_Jan_2018  ,  1.288
9_Jan_2018  ,  1.284
8_Jan_2018  ,  1.238
7_Jan_2018  ,  1.238
5_Jan_2018  ,  1.247
4_Jan_2018  ,  1.235
3_Jan_2018  ,  1.215
2_Jan_2018  ,  1.288
1_Jan_2018  ,  1.192
29_Dec_2017  ,  1.188
28_Dec_2017  ,  1.198
27_Dec_2017  ,  1.173
26_Dec_2017  ,  1.173
25_Dec_2017  ,  1.243
22_Dec_2017  ,  1.243
21_Dec_2017  ,  1.263
20_Dec_2017  ,  1.252
19_Dec_2017  ,  1.208
18_Dec_2017  ,  1.149
16_Dec_2017  ,  1.146
15_Dec_2017  ,  1.152
14_Dec_2017  ,  1.175
13_Dec_2017  ,  1.215
12_Dec_2017  ,  1.223
11_Dec_2017  ,  1.204
8_Dec_2017  ,  1.279
7_Dec_2017  ,  1.253
6_Dec_2017  ,  1.23
5_Dec_2017  ,  1.257
4_Dec_2017  ,  1.286
2_Dec_2017  ,  1.286
1_Dec_2017  ,  1.235
30_Nov_2017  ,  1.331
29_Nov_2017  ,  1.34
28_Nov_2017  ,  1.254
27_Nov_2017  ,  1.254
24_Nov_2017  ,  1.251
23_Nov_2017  ,  1.25
22_Nov_2017  ,  1.278
21_Nov_2017  ,  1.276
20_Nov_2017  ,  1.293
17_Nov_2017  ,  1.296
16_Nov_2017  ,  1.309
15_Nov_2017  ,  1.285
14_Nov_2017  ,  1.321
13_Nov_2017  ,  1.329
10_Nov_2017  ,  1.341
9_Nov_2017  ,  1.265
8_Nov_2017  ,  1.227
7_Nov_2017  ,  1.232
6_Nov_2017  ,  1.258
3_Nov_2017  ,  1.267
2_Nov_2017  ,  1.262
1_Nov_2017  ,  1.344
31_Oct_2017  ,  1.333
30_Oct_2017  ,  1.336
29_Oct_2017  ,  1.358
27_Oct_2017  ,  1.349
26_Oct_2017  ,  1.385
25_Oct_2017  ,  1.409
24_Oct_2017  ,  1.356
23_Oct_2017  ,  1.314
22_Oct_2017  ,  1.328
20_Oct_2017  ,  1.331
19_Oct_2017  ,  1.282
18_Oct_2017  ,  1.317
17_Oct_2017  ,  1.277
16_Oct_2017  ,  1.337
13_Oct_2017  ,  1.37
12_Oct_2017  ,  1.381
11_Oct_2017  ,  1.382
10_Oct_2017  ,  1.364
9_Oct_2017  ,  1.36
6_Oct_2017  ,  1.366
5_Oct_2017  ,  1.391
4_Oct_2017  ,  1.379
3_Oct_2017  ,  1.353
2_Oct_2017  ,  1.328
29_Sep_2017  ,  1.366
28_Sep_2017  ,  1.375
27_Sep_2017  ,  1.382
26_Sep_2017  ,  1.333
25_Sep_2017  ,  1.334
22_Sep_2017  ,  1.356
21_Sep_2017  ,  1.367
20_Sep_2017  ,  1.342
19_Sep_2017  ,  1.332
18_Sep_2017  ,  1.303
15_Sep_2017  ,  1.309
14_Sep_2017  ,  1.233
13_Sep_2017  ,  1.145
12_Sep_2017  ,  1.135
11_Sep_2017  ,  1.044
8_Sep_2017  ,  0.99
7_Sep_2017  ,  0.97
6_Sep_2017  ,  1.005
5_Sep_2017  ,  1.013
4_Sep_2017  ,  1.058
1_Sep_2017  ,  1.057
31_Aug_2017  ,  1.036
30_Aug_2017  ,  1.031
29_Aug_2017  ,  0.998
28_Aug_2017  ,  0.998
25_Aug_2017  ,  1.053
24_Aug_2017  ,  1.056
23_Aug_2017  ,  1.059
22_Aug_2017  ,  1.088
21_Aug_2017  ,  1.073
18_Aug_2017  ,  1.09
17_Aug_2017  ,  1.096
16_Aug_2017  ,  1.105
15_Aug_2017  ,  1.085
14_Aug_2017  ,  1.072
11_Aug_2017  ,  1.063
10_Aug_2017  ,  1.082
9_Aug_2017  ,  1.111
8_Aug_2017  ,  1.157
7_Aug_2017  ,  1.141
6_Aug_2017  ,  1.177
4_Aug_2017  ,  1.175
3_Aug_2017  ,  1.15
2_Aug_2017  ,  1.237
1_Aug_2017  ,  1.213
31_Jul_2017  ,  1.231
28_Jul_2017  ,  1.216
27_Jul_2017  ,  1.202
26_Jul_2017  ,  1.235
25_Jul_2017  ,  1.258
24_Jul_2017  ,  1.191
21_Jul_2017  ,  1.175
20_Jul_2017  ,  1.207
19_Jul_2017  ,  1.194
18_Jul_2017  ,  1.207
17_Jul_2017  ,  1.271
16_Jul_2017  ,  1.309
14_Jul_2017  ,  1.309
13_Jul_2017  ,  1.302
12_Jul_2017  ,  1.261
11_Jul_2017  ,  1.278
10_Jul_2017  ,  1.269
7_Jul_2017  ,  1.309
6_Jul_2017  ,  1.318
5_Jul_2017  ,  1.263
4_Jul_2017  ,  1.249
3_Jul_2017  ,  1.263
2_Jul_2017  ,  1.259
1_Jul_2017  ,  1.259
30_Jun_2017  ,  1.259
29_Jun_2017  ,  1.253
28_Jun_2017  ,  1.158
27_Jun_2017  ,  1.093
26_Jun_2017  ,  1.013
25_Jun_2017  ,  1.035
23_Jun_2017  ,  1.035
22_Jun_2017  ,  1.018
21_Jun_2017  ,  1.036
20_Jun_2017  ,  0.996
19_Jun_2017  ,  1.033
16_Jun_2017  ,  1.017
15_Jun_2017  ,  1.033
14_Jun_2017  ,  0.931
13_Jun_2017  ,  1.034
12_Jun_2017  ,  0.967
9_Jun_2017  ,  1.005
8_Jun_2017  ,  1.033
7_Jun_2017  ,  1.003
6_Jun_2017  ,  0.983
5_Jun_2017  ,  1.042
2_Jun_2017  ,  1.037
1_Jun_2017  ,  1.076
31_May_2017  ,  1.049
30_May_2017  ,  0.998
29_May_2017  ,  1.015
26_May_2017  ,  1.013
25_May_2017  ,  1.039
24_May_2017  ,  1.075
23_May_2017  ,  1.081
22_May_2017  ,  1.088
19_May_2017  ,  1.095
18_May_2017  ,  1.059
17_May_2017  ,  1.067
16_May_2017  ,  1.131
15_May_2017  ,  1.14
12_May_2017  ,  1.088
11_May_2017  ,  1.16
10_May_2017  ,  1.167
9_May_2017  ,  1.203
8_May_2017  ,  1.149
7_May_2017  ,  1.117
5_May_2017  ,  1.117
4_May_2017  ,  1.119
3_May_2017  ,  1.074
2_May_2017  ,  1.09
28_Apr_2017  ,  1.087
27_Apr_2017  ,  1.063
26_Apr_2017  ,  1.084
25_Apr_2017  ,  1.086
24_Apr_2017  ,  1.05
22_Apr_2017  ,  1.039
21_Apr_2017  ,  1.035
20_Apr_2017  ,  1.07
19_Apr_2017  ,  1.066
18_Apr_2017  ,  1.014
17_Apr_2017  ,  1.046
13_Apr_2017  ,  1.044
12_Apr_2017  ,  1.05
11_Apr_2017  ,  1.053
10_Apr_2017  ,  1.078
7_Apr_2017  ,  1.076
6_Apr_2017  ,  1.102
5_Apr_2017  ,  1.094
4_Apr_2017  ,  1.069
3_Apr_2017  ,  1.063
31_Mar_2017  ,  1.14
30_Mar_2017  ,  1.12
29_Mar_2017  ,  1.151
28_Mar_2017  ,  1.193
27_Mar_2017  ,  1.168
26_Mar_2017  ,  1.198
24_Mar_2017  ,  1.199
23_Mar_2017  ,  1.231
22_Mar_2017  ,  1.174
21_Mar_2017  ,  1.255
20_Mar_2017  ,  1.234
18_Mar_2017  ,  1.247
17_Mar_2017  ,  1.245
16_Mar_2017  ,  1.25
15_Mar_2017  ,  1.212
14_Mar_2017  ,  1.224
13_Mar_2017  ,  1.248
10_Mar_2017  ,  1.233
9_Mar_2017  ,  1.225
8_Mar_2017  ,  1.218
7_Mar_2017  ,  1.194
6_Mar_2017  ,  1.214
3_Mar_2017  ,  1.185
2_Mar_2017  ,  1.21
1_Mar_2017  ,  1.197
28_Feb_2017  ,  1.151
27_Feb_2017  ,  1.15
24_Feb_2017  ,  1.079
23_Feb_2017  ,  1.154
22_Feb_2017  ,  1.205
21_Feb_2017  ,  1.237
20_Feb_2017  ,  1.23
17_Feb_2017  ,  1.213
16_Feb_2017  ,  1.264
15_Feb_2017  ,  1.301
14_Feb_2017  ,  1.31
13_Feb_2017  ,  1.294
10_Feb_2017  ,  1.257
9_Feb_2017  ,  1.247
8_Feb_2017  ,  1.216
7_Feb_2017  ,  1.292
6_Feb_2017  ,  1.318
3_Feb_2017  ,  1.358
2_Feb_2017  ,  1.383
1_Feb_2017  ,  1.452
31_Jan_2017  ,  1.418
30_Jan_2017  ,  1.444
27_Jan_2017  ,  1.469
26_Jan_2017  ,  1.516
25_Jan_2017  ,  1.47
24_Jan_2017  ,  1.403
23_Jan_2017  ,  1.366
20_Jan_2017  ,  1.433
19_Jan_2017  ,  1.413
18_Jan_2017  ,  1.339
17_Jan_2017  ,  1.309
16_Jan_2017  ,  1.311
13_Jan_2017  ,  1.365
12_Jan_2017  ,  1.3
11_Jan_2017  ,  1.347
10_Jan_2017  ,  1.362
9_Jan_2017  ,  1.336
6_Jan_2017  ,  1.382
5_Jan_2017  ,  1.293
4_Jan_2017  ,  1.335
3_Jan_2017  ,  1.329
2_Jan_2017  ,  1.329
30_Dec_2016  ,  1.24
29_Dec_2016  ,  1.233
28_Dec_2016  ,  1.297
27_Dec_2016  ,  1.297
23_Dec_2016  ,  1.344
22_Dec_2016  ,  1.373
21_Dec_2016  ,  1.392
20_Dec_2016  ,  1.411
19_Dec_2016  ,  1.399
16_Dec_2016  ,  1.437
15_Dec_2016  ,  1.49
14_Dec_2016  ,  1.387
13_Dec_2016  ,  1.442
12_Dec_2016  ,  1.467
9_Dec_2016  ,  1.461
8_Dec_2016  ,  1.38
7_Dec_2016  ,  1.36
6_Dec_2016  ,  1.42
5_Dec_2016  ,  1.405
2_Dec_2016  ,  1.38
1_Dec_2016  ,  1.497
30_Nov_2016  ,  1.418
29_Nov_2016  ,  1.37
28_Nov_2016  ,  1.385
25_Nov_2016  ,  1.42
24_Nov_2016  ,  1.437
23_Nov_2016  ,  1.449
22_Nov_2016  ,  1.362
21_Nov_2016  ,  1.427
18_Nov_2016  ,  1.458
17_Nov_2016  ,  1.411
16_Nov_2016  ,  1.379
15_Nov_2016  ,  1.379
14_Nov_2016  ,  1.411
11_Nov_2016  ,  1.365
10_Nov_2016  ,  1.34
9_Nov_2016  ,  1.26
8_Nov_2016  ,  1.24
7_Nov_2016  ,  1.203
4_Nov_2016  ,  1.13
3_Nov_2016  ,  1.201
2_Nov_2016  ,  1.171
1_Nov_2016  ,  1.28
31_Oct_2016  ,  1.246
28_Oct_2016  ,  1.26
27_Oct_2016  ,  1.253
26_Oct_2016  ,  1.153
25_Oct_2016  ,  1.089
24_Oct_2016  ,  1.083
21_Oct_2016  ,  1.088
20_Oct_2016  ,  1.078
19_Oct_2016  ,  1.086
18_Oct_2016  ,  1.083
17_Oct_2016  ,  1.126
15_Oct_2016  ,  1.094
14_Oct_2016  ,  1.097
13_Oct_2016  ,  1.024
12_Oct_2016  ,  1.044
11_Oct_2016  ,  0.979
10_Oct_2016  ,  1.024
8_Oct_2016  ,  1.024
7_Oct_2016  ,  0.979
6_Oct_2016  ,  0.873
5_Oct_2016  ,  0.82
4_Oct_2016  ,  0.785
3_Oct_2016  ,  0.731
1_Oct_2016  ,  0.731
30_Sep_2016  ,  0.748
29_Sep_2016  ,  0.722
28_Sep_2016  ,  0.679
27_Sep_2016  ,  0.677
26_Sep_2016  ,  0.699
25_Sep_2016  ,  0.725
24_Sep_2016  ,  0.725
23_Sep_2016  ,  0.732
22_Sep_2016  ,  0.708
21_Sep_2016  ,  0.806
20_Sep_2016  ,  0.807
19_Sep_2016  ,  0.878
17_Sep_2016  ,  0.877
16_Sep_2016  ,  0.875
15_Sep_2016  ,  0.893
14_Sep_2016  ,  0.875
13_Sep_2016  ,  0.916
12_Sep_2016  ,  0.866
11_Sep_2016  ,  0.866
10_Sep_2016  ,  0.866
9_Sep_2016  ,  0.861
8_Sep_2016  ,  0.761
7_Sep_2016  ,  0.682
6_Sep_2016  ,  0.664
5_Sep_2016  ,  0.719
3_Sep_2016  ,  0.719
2_Sep_2016  ,  0.729
1_Sep_2016  ,  0.669
31_Aug_2016  ,  0.642
30_Aug_2016  ,  0.642
29_Aug_2016  ,  0.642
28_Aug_2016  ,  0.642
27_Aug_2016  ,  0.642
26_Aug_2016  ,  0.569
25_Aug_2016  ,  0.576
24_Aug_2016  ,  0.553
23_Aug_2016  ,  0.545
22_Aug_2016  ,  0.561
19_Aug_2016  ,  0.619
18_Aug_2016  ,  0.55
17_Aug_2016  ,  0.566
16_Aug_2016  ,  0.587
15_Aug_2016  ,  0.534
14_Aug_2016  ,  0.529
13_Aug_2016  ,  0.529
12_Aug_2016  ,  0.519
11_Aug_2016  ,  0.538
10_Aug_2016  ,  0.529
9_Aug_2016  ,  0.584
8_Aug_2016  ,  0.612
6_Aug_2016  ,  0.673
5_Aug_2016  ,  0.673
4_Aug_2016  ,  0.645
3_Aug_2016  ,  0.803
2_Aug_2016  ,  0.811
1_Aug_2016  ,  0.732
29_Jul_2016  ,  0.686
28_Jul_2016  ,  0.714
27_Jul_2016  ,  0.739
26_Jul_2016  ,  0.823
25_Jul_2016  ,  0.811
22_Jul_2016  ,  0.799
21_Jul_2016  ,  0.835
20_Jul_2016  ,  0.836
19_Jul_2016  ,  0.8
18_Jul_2016  ,  0.826
15_Jul_2016  ,  0.834
14_Jul_2016  ,  0.796
13_Jul_2016  ,  0.748
12_Jul_2016  ,  0.828
11_Jul_2016  ,  0.76
10_Jul_2016  ,  0.76
8_Jul_2016  ,  0.736
7_Jul_2016  ,  0.78
6_Jul_2016  ,  0.767
5_Jul_2016  ,  0.772
4_Jul_2016  ,  0.839
3_Jul_2016  ,  0.839
1_Jul_2016  ,  0.864
30_Jun_2016  ,  0.871
29_Jun_2016  ,  0.95
28_Jun_2016  ,  0.961
27_Jun_2016  ,  0.936
24_Jun_2016  ,  1.088
23_Jun_2016  ,  1.376
22_Jun_2016  ,  1.314
21_Jun_2016  ,  1.289
20_Jun_2016  ,  1.24
17_Jun_2016  ,  1.145
16_Jun_2016  ,  1.111
15_Jun_2016  ,  1.122
14_Jun_2016  ,  1.147
13_Jun_2016  ,  1.211
10_Jun_2016  ,  1.235
9_Jun_2016  ,  1.245
8_Jun_2016  ,  1.255
7_Jun_2016  ,  1.269
6_Jun_2016  ,  1.281
5_Jun_2016  ,  1.281
4_Jun_2016  ,  1.281
3_Jun_2016  ,  1.279
2_Jun_2016  ,  1.346
1_Jun_2016  ,  1.375
31_May_2016  ,  1.431
30_May_2016  ,  1.431
28_May_2016  ,  1.431
27_May_2016  ,  1.437
26_May_2016  ,  1.416
25_May_2016  ,  1.457
24_May_2016  ,  1.474
23_May_2016  ,  1.454
21_May_2016  ,  1.454
20_May_2016  ,  1.452
19_May_2016  ,  1.442
18_May_2016  ,  1.439
17_May_2016  ,  1.371
16_May_2016  ,  1.393
14_May_2016  ,  1.379
13_May_2016  ,  1.378
12_May_2016  ,  1.404
11_May_2016  ,  1.393
10_May_2016  ,  1.411
9_May_2016  ,  1.416
7_May_2016  ,  1.416
6_May_2016  ,  1.421
5_May_2016  ,  1.465
4_May_2016  ,  1.529
3_May_2016  ,  1.532
2_May_2016  ,  1.532
30_Apr_2016  ,  1.532
29_Apr_2016  ,  1.598
28_Apr_2016  ,  1.61
27_Apr_2016  ,  1.626
26_Apr_2016  ,  1.663
25_Apr_2016  ,  1.61
23_Apr_2016  ,  1.6
22_Apr_2016  ,  1.6
21_Apr_2016  ,  1.592
20_Apr_2016  ,  1.483
19_Apr_2016  ,  1.507
18_Apr_2016  ,  1.479
16_Apr_2016  ,  1.479
15_Apr_2016  ,  1.416
14_Apr_2016  ,  1.453
13_Apr_2016  ,  1.424
12_Apr_2016  ,  1.444
11_Apr_2016  ,  1.393
9_Apr_2016  ,  1.393
8_Apr_2016  ,  1.366
7_Apr_2016  ,  1.33
6_Apr_2016  ,  1.384
5_Apr_2016  ,  1.38
4_Apr_2016  ,  1.43
2_Apr_2016  ,  1.43
1_Apr_2016  ,  1.411
31_Mar_2016  ,  1.418
30_Mar_2016  ,  1.431
29_Mar_2016  ,  1.412
28_Mar_2016  ,  1.412
26_Mar_2016  ,  1.412
25_Mar_2016  ,  1.412
24_Mar_2016  ,  1.457
23_Mar_2016  ,  1.451
22_Mar_2016  ,  1.459
21_Mar_2016  ,  1.48
19_Mar_2016  ,  1.451
18_Mar_2016  ,  1.452
17_Mar_2016  ,  1.456
16_Mar_2016  ,  1.526
15_Mar_2016  ,  1.538
14_Mar_2016  ,  1.553
12_Mar_2016  ,  1.576
11_Mar_2016  ,  1.579
10_Mar_2016  ,  1.54
9_Mar_2016  ,  1.47
8_Mar_2016  ,  1.386
7_Mar_2016  ,  1.482
4_Mar_2016  ,  1.488
3_Mar_2016  ,  1.431
2_Mar_2016  ,  1.465
1_Mar_2016  ,  1.398
29_Feb_2016  ,  1.337
27_Feb_2016  ,  1.405
26_Feb_2016  ,  1.4
25_Feb_2016  ,  1.369
24_Feb_2016  ,  1.366
23_Feb_2016  ,  1.432
22_Feb_2016  ,  1.395
20_Feb_2016  ,  1.416
19_Feb_2016  ,  1.419
18_Feb_2016  ,  1.448
17_Feb_2016  ,  1.48
16_Feb_2016  ,  1.44
15_Feb_2016  ,  1.431
14_Feb_2016  ,  1.416
13_Feb_2016  ,  1.42
12_Feb_2016  ,  1.421
11_Feb_2016  ,  1.304
10_Feb_2016  ,  1.41
9_Feb_2016  ,  1.418
8_Feb_2016  ,  1.415
6_Feb_2016  ,  1.556
5_Feb_2016  ,  1.564
4_Feb_2016  ,  1.566
3_Feb_2016  ,  1.534
2_Feb_2016  ,  1.543
1_Feb_2016  ,  1.626
30_Jan_2016  ,  1.567
29_Jan_2016  ,  1.561
28_Jan_2016  ,  1.673
27_Jan_2016  ,  1.714
26_Jan_2016  ,  1.694
25_Jan_2016  ,  1.691
23_Jan_2016  ,  1.72
22_Jan_2016  ,  1.712
21_Jan_2016  ,  1.674
20_Jan_2016  ,  1.622
19_Jan_2016  ,  1.699
18_Jan_2016  ,  1.695
16_Jan_2016  ,  1.664
15_Jan_2016  ,  1.664
14_Jan_2016  ,  1.735
13_Jan_2016  ,  1.745
12_Jan_2016  ,  1.749
11_Jan_2016  ,  1.779
10_Jan_2016  ,  1.764
9_Jan_2016  ,  1.764
8_Jan_2016  ,  1.772
7_Jan_2016  ,  1.803
6_Jan_2016  ,  1.799
5_Jan_2016  ,  1.875
4_Jan_2016  ,  1.878
2_Jan_2016  ,  1.963
1_Jan_2016  ,  1.964
31_Dec_2015  ,  1.961
30_Dec_2015  ,  1.99
29_Dec_2015  ,  1.903
28_Dec_2015  ,  1.903
26_Dec_2015  ,  1.923
25_Dec_2015  ,  1.924
24_Dec_2015  ,  1.923
23_Dec_2015  ,  1.944
22_Dec_2015  ,  1.878
21_Dec_2015  ,  1.818
19_Dec_2015  ,  1.832
18_Dec_2015  ,  1.833
17_Dec_2015  ,  1.852
16_Dec_2015  ,  1.946
15_Dec_2015  ,  1.947
14_Dec_2015  ,  1.821
12_Dec_2015  ,  1.812
11_Dec_2015  ,  1.814
10_Dec_2015  ,  1.87
9_Dec_2015  ,  1.889
8_Dec_2015  ,  1.818
7_Dec_2015  ,  1.823
6_Dec_2015  ,  1.928
5_Dec_2015  ,  1.927
4_Dec_2015  ,  1.929
3_Dec_2015  ,  1.885
2_Dec_2015  ,  1.749
1_Dec_2015  ,  1.767
30_Nov_2015  ,  1.83
28_Nov_2015  ,  1.816
27_Nov_2015  ,  1.815
26_Nov_2015  ,  1.835
25_Nov_2015  ,  1.894
24_Nov_2015  ,  1.866
23_Nov_2015  ,  1.879
22_Nov_2015  ,  1.883
21_Nov_2015  ,  1.883
20_Nov_2015  ,  1.871
19_Nov_2015  ,  1.889
18_Nov_2015  ,  1.931
17_Nov_2015  ,  1.981
16_Nov_2015  ,  1.944
14_Nov_2015  ,  1.983
13_Nov_2015  ,  1.977
12_Nov_2015  ,  2.01
11_Nov_2015  ,  2.05
10_Nov_2015  ,  2.027
9_Nov_2015  ,  2.047
7_Nov_2015  ,  2.029
6_Nov_2015  ,  2.04
5_Nov_2015  ,  1.972
4_Nov_2015  ,  1.998
3_Nov_2015  ,  1.971
2_Nov_2015  ,  1.944
31_Oct_2015  ,  1.923
30_Oct_2015  ,  1.926
29_Oct_2015  ,  1.927
28_Oct_2015  ,  1.801
27_Oct_2015  ,  1.764
26_Oct_2015  ,  1.83
24_Oct_2015  ,  1.867
23_Oct_2015  ,  1.862
22_Oct_2015  ,  1.8
21_Oct_2015  ,  1.803
20_Oct_2015  ,  1.866
19_Oct_2015  ,  1.827
18_Oct_2015  ,  1.798
17_Oct_2015  ,  1.798
16_Oct_2015  ,  1.8
15_Oct_2015  ,  1.774
14_Oct_2015  ,  1.761
13_Oct_2015  ,  1.83
12_Oct_2015  ,  1.818
11_Oct_2015  ,  1.862
10_Oct_2015  ,  1.862
9_Oct_2015  ,  1.861
8_Oct_2015  ,  1.826
7_Oct_2015  ,  1.821
6_Oct_2015  ,  1.809
5_Oct_2015  ,  1.783
3_Oct_2015  ,  1.706
2_Oct_2015  ,  1.702
1_Oct_2015  ,  1.748
30_Sep_2015  ,  1.765
29_Sep_2015  ,  1.757
28_Sep_2015  ,  1.778
27_Sep_2015  ,  1.841
26_Sep_2015  ,  1.841
25_Sep_2015  ,  1.845
24_Sep_2015  ,  1.742
23_Sep_2015  ,  1.797
22_Sep_2015  ,  1.792
21_Sep_2015  ,  1.883
19_Sep_2015  ,  1.832
18_Sep_2015  ,  1.845
17_Sep_2015  ,  1.958
16_Sep_2015  ,  1.947
15_Sep_2015  ,  1.909
14_Sep_2015  ,  1.861
12_Sep_2015  ,  1.833
11_Sep_2015  ,  1.827
10_Sep_2015  ,  1.866
9_Sep_2015  ,  1.869
8_Sep_2015  ,  1.837
7_Sep_2015  ,  1.808
6_Sep_2015  ,  1.816
5_Sep_2015  ,  1.816
4_Sep_2015  ,  1.828
3_Sep_2015  ,  1.91
2_Sep_2015  ,  1.943
1_Sep_2015  ,  1.937
31_Aug_2015  ,  1.965
29_Aug_2015  ,  1.965
28_Aug_2015  ,  1.95
27_Aug_2015  ,  1.978
26_Aug_2015  ,  1.957
25_Aug_2015  ,  1.907
24_Aug_2015  ,  1.795
22_Aug_2015  ,  1.798
21_Aug_2015  ,  1.698
20_Aug_2015  ,  1.767
19_Aug_2015  ,  1.844
18_Aug_2015  ,  1.873
17_Aug_2015  ,  1.821
15_Aug_2015  ,  1.868
14_Aug_2015  ,  1.879
13_Aug_2015  ,  1.835
12_Aug_2015  ,  1.795
11_Aug_2015  ,  1.824
10_Aug_2015  ,  1.922
8_Aug_2015  ,  1.922
7_Aug_2015  ,  1.848
6_Aug_2015  ,  1.92
5_Aug_2015  ,  1.982
4_Aug_2015  ,  1.87
3_Aug_2015  ,  1.875
2_Aug_2015  ,  1.875
1_Aug_2015  ,  1.894
31_Jul_2015  ,  1.882
30_Jul_2015  ,  1.97
29_Jul_2015  ,  1.977
28_Jul_2015  ,  1.943
27_Jul_2015  ,  1.934
25_Jul_2015  ,  1.934
24_Jul_2015  ,  1.947
23_Jul_2015  ,  2.016
22_Jul_2015  ,  2.026
21_Jul_2015  ,  2.085
20_Jul_2015  ,  2.069
18_Jul_2015  ,  2.082
17_Jul_2015  ,  2.079
16_Jul_2015  ,  2.089
15_Jul_2015  ,  2.13
14_Jul_2015  ,  2.128
13_Jul_2015  ,  2.118
11_Jul_2015  ,  2.118
10_Jul_2015  ,  2.074
9_Jul_2015  ,  1.96
8_Jul_2015  ,  1.9
7_Jul_2015  ,  1.818
6_Jul_2015  ,  2.012
4_Jul_2015  ,  2.005
3_Jul_2015  ,  1.999
2_Jul_2015  ,  2.08
1_Jul_2015  ,  2.107
30_Jun_2015  ,  2.03
29_Jun_2015  ,  2.079
27_Jun_2015  ,  2.19
26_Jun_2015  ,  2.189
25_Jun_2015  ,  2.148
24_Jun_2015  ,  2.13
23_Jun_2015  ,  2.109
22_Jun_2015  ,  2.102
21_Jun_2015  ,  2.102
20_Jun_2015  ,  2.003
19_Jun_2015  ,  2.012
18_Jun_2015  ,  2.043
17_Jun_2015  ,  2.063
16_Jun_2015  ,  1.997
15_Jun_2015  ,  2.022
13_Jun_2015  ,  1.994
12_Jun_2015  ,  1.995
11_Jun_2015  ,  2.062
10_Jun_2015  ,  2.133
9_Jun_2015  ,  2.106
8_Jun_2015  ,  2.052
7_Jun_2015  ,  2.08
6_Jun_2015  ,  2.08
5_Jun_2015  ,  2.077
4_Jun_2015  ,  2.02
3_Jun_2015  ,  2.073
2_Jun_2015  ,  1.964
1_Jun_2015  ,  1.845
30_May_2015  ,  1.81
29_May_2015  ,  1.804
28_May_2015  ,  1.835
27_May_2015  ,  1.879
26_May_2015  ,  1.878
25_May_2015  ,  1.878
23_May_2015  ,  1.878
22_May_2015  ,  1.919
21_May_2015  ,  1.97
20_May_2015  ,  1.974
19_May_2015  ,  1.964
18_May_2015  ,  1.958
16_May_2015  ,  1.958
15_May_2015  ,  1.9
14_May_2015  ,  1.99
13_May_2015  ,  2.012
12_May_2015  ,  1.997
11_May_2015  ,  1.941
9_May_2015  ,  1.941
8_May_2015  ,  1.877
7_May_2015  ,  1.931
6_May_2015  ,  1.982
5_May_2015  ,  1.975
4_May_2015  ,  1.975
2_May_2015  ,  1.975
1_May_2015  ,  1.85
30_Apr_2015  ,  1.835
29_Apr_2015  ,  1.832
28_Apr_2015  ,  1.698
27_Apr_2015  ,  1.697
25_Apr_2015  ,  1.697
24_Apr_2015  ,  1.651
23_Apr_2015  ,  1.69
22_Apr_2015  ,  1.71
21_Apr_2015  ,  1.569
20_Apr_2015  ,  1.572
18_Apr_2015  ,  1.582
17_Apr_2015  ,  1.588
16_Apr_2015  ,  1.605
15_Apr_2015  ,  1.559
14_Apr_2015  ,  1.515
13_Apr_2015  ,  1.598
11_Apr_2015  ,  1.598
10_Apr_2015  ,  1.585
9_Apr_2015  ,  1.574
8_Apr_2015  ,  1.581
7_Apr_2015  ,  1.591
6_Apr_2015  ,  1.588
4_Apr_2015  ,  1.588
3_Apr_2015  ,  1.59
2_Apr_2015  ,  1.586
1_Apr_2015  ,  1.547
31_Mar_2015  ,  1.579
30_Mar_2015  ,  1.581
28_Mar_2015  ,  1.544
27_Mar_2015  ,  1.541
26_Mar_2015  ,  1.588
25_Mar_2015  ,  1.48
24_Mar_2015  ,  1.51
23_Mar_2015  ,  1.514
21_Mar_2015  ,  1.515
20_Mar_2015  ,  1.52
19_Mar_2015  ,  1.532
18_Mar_2015  ,  1.595
17_Mar_2015  ,  1.679
16_Mar_2015  ,  1.685
14_Mar_2015  ,  1.701
13_Mar_2015  ,  1.705
12_Mar_2015  ,  1.74
11_Mar_2015  ,  1.81
10_Mar_2015  ,  1.802
9_Mar_2015  ,  1.934
8_Mar_2015  ,  1.934
7_Mar_2015  ,  1.952
6_Mar_2015  ,  1.948
5_Mar_2015  ,  1.865
4_Mar_2015  ,  1.875
3_Mar_2015  ,  1.842
2_Mar_2015  ,  1.788
28_Feb_2015  ,  1.79
27_Feb_2015  ,  1.789
26_Feb_2015  ,  1.731
25_Feb_2015  ,  1.726
24_Feb_2015  ,  1.763
23_Feb_2015  ,  1.808
21_Feb_2015  ,  1.779
20_Feb_2015  ,  1.778
19_Feb_2015  ,  1.826
18_Feb_2015  ,  1.851
17_Feb_2015  ,  1.759
16_Feb_2015  ,  1.697
14_Feb_2015  ,  1.685
13_Feb_2015  ,  1.678
12_Feb_2015  ,  1.671
11_Feb_2015  ,  1.673
10_Feb_2015  ,  1.657
9_Feb_2015  ,  1.613
7_Feb_2015  ,  1.647
6_Feb_2015  ,  1.647
5_Feb_2015  ,  1.552
4_Feb_2015  ,  1.536
3_Feb_2015  ,  1.471
2_Feb_2015  ,  1.385
1_Feb_2015  ,  1.333
31_Jan_2015  ,  1.333
30_Jan_2015  ,  1.341
29_Jan_2015  ,  1.423
28_Jan_2015  ,  1.46
27_Jan_2015  ,  1.48
26_Jan_2015  ,  1.506
24_Jan_2015  ,  1.506
23_Jan_2015  ,  1.478
22_Jan_2015  ,  1.524
21_Jan_2015  ,  1.486
20_Jan_2015  ,  1.537
19_Jan_2015  ,  1.531
17_Jan_2015  ,  1.536
16_Jan_2015  ,  1.539
15_Jan_2015  ,  1.52
14_Jan_2015  ,  1.519
13_Jan_2015  ,  1.593
12_Jan_2015  ,  1.577
10_Jan_2015  ,  1.597
9_Jan_2015  ,  1.588
8_Jan_2015  ,  1.644
7_Jan_2015  ,  1.605
6_Jan_2015  ,  1.582
5_Jan_2015  ,  1.664
3_Jan_2015  ,  1.719
2_Jan_2015  ,  1.719
31_Dec_2014  ,  1.756
30_Dec_2014  ,  1.794
29_Dec_2014  ,  1.819
28_Dec_2014  ,  1.887
24_Dec_2014  ,  1.882
23_Dec_2014  ,  1.848
22_Dec_2014  ,  1.829
21_Dec_2014  ,  1.829
20_Dec_2014  ,  1.852
19_Dec_2014  ,  1.851
18_Dec_2014  ,  1.87
17_Dec_2014  ,  1.763
16_Dec_2014  ,  1.79
15_Dec_2014  ,  1.816
14_Dec_2014  ,  1.804
13_Dec_2014  ,  1.804
12_Dec_2014  ,  1.809
11_Dec_2014  ,  1.906
10_Dec_2014  ,  1.907
9_Dec_2014  ,  1.896
8_Dec_2014  ,  1.96
6_Dec_2014  ,  2.02
5_Dec_2014  ,  2.018
4_Dec_2014  ,  1.989
3_Dec_2014  ,  2.012
2_Dec_2014  ,  1.975
1_Dec_2014  ,  1.898
30_Nov_2014  ,  1.926
29_Nov_2014  ,  1.926
28_Nov_2014  ,  1.927
27_Nov_2014  ,  1.927
26_Nov_2014  ,  1.977
25_Nov_2014  ,  2.012
24_Nov_2014  ,  2.053
22_Nov_2014  ,  2.048
21_Nov_2014  ,  2.049
20_Nov_2014  ,  2.103
19_Nov_2014  ,  2.139
18_Nov_2014  ,  2.124
17_Nov_2014  ,  2.118
16_Nov_2014  ,  2.113
15_Nov_2014  ,  2.113
14_Nov_2014  ,  2.139
13_Nov_2014  ,  2.178
12_Nov_2014  ,  2.193
11_Nov_2014  ,  2.241
10_Nov_2014  ,  2.197
8_Nov_2014  ,  2.21
7_Nov_2014  ,  2.213
6_Nov_2014  ,  2.245
5_Nov_2014  ,  2.263
4_Nov_2014  ,  2.233
3_Nov_2014  ,  2.28
1_Nov_2014  ,  2.247
31_Oct_2014  ,  2.25
30_Oct_2014  ,  2.224
29_Oct_2014  ,  2.254
28_Oct_2014  ,  2.23
27_Oct_2014  ,  2.205
25_Oct_2014  ,  2.237
24_Oct_2014  ,  2.23
23_Oct_2014  ,  2.235
22_Oct_2014  ,  2.203
21_Oct_2014  ,  2.175
20_Oct_2014  ,  2.158
18_Oct_2014  ,  2.199
17_Oct_2014  ,  2.2
16_Oct_2014  ,  2.086
15_Oct_2014  ,  1.977
14_Oct_2014  ,  2.129
13_Oct_2014  ,  2.163
11_Oct_2014  ,  2.224
10_Oct_2014  ,  2.225
9_Oct_2014  ,  2.264
8_Oct_2014  ,  2.26
7_Oct_2014  ,  2.286
6_Oct_2014  ,  2.365
4_Oct_2014  ,  2.389
3_Oct_2014  ,  2.395
2_Oct_2014  ,  2.344
1_Oct_2014  ,  2.37
30_Sep_2014  ,  2.426
29_Sep_2014  ,  2.44
27_Sep_2014  ,  2.468
26_Sep_2014  ,  2.46
25_Sep_2014  ,  2.457
24_Sep_2014  ,  2.485
23_Sep_2014  ,  2.487
22_Sep_2014  ,  2.501
20_Sep_2014  ,  2.541
19_Sep_2014  ,  2.545
18_Sep_2014  ,  2.586
17_Sep_2014  ,  2.523
16_Sep_2014  ,  2.534
15_Sep_2014  ,  2.549
13_Sep_2014  ,  2.534
12_Sep_2014  ,  2.538
11_Sep_2014  ,  2.502
10_Sep_2014  ,  2.504
9_Sep_2014  ,  2.485
8_Sep_2014  ,  2.469
6_Sep_2014  ,  2.469
5_Sep_2014  ,  2.467
4_Sep_2014  ,  2.486
3_Sep_2014  ,  2.476
2_Sep_2014  ,  2.438
1_Sep_2014  ,  2.388
31_Aug_2014  ,  2.366
30_Aug_2014  ,  2.366
29_Aug_2014  ,  2.369
28_Aug_2014  ,  2.369
27_Aug_2014  ,  2.371
26_Aug_2014  ,  2.452
25_Aug_2014  ,  2.449
23_Aug_2014  ,  2.4
22_Aug_2014  ,  2.407
21_Aug_2014  ,  2.402
20_Aug_2014  ,  2.418
19_Aug_2014  ,  2.404
18_Aug_2014  ,  2.431
17_Aug_2014  ,  2.343
16_Aug_2014  ,  2.344
15_Aug_2014  ,  2.352
14_Aug_2014  ,  2.437
13_Aug_2014  ,  2.447
12_Aug_2014  ,  2.48
11_Aug_2014  ,  2.494
10_Aug_2014  ,  2.458
9_Aug_2014  ,  2.458
8_Aug_2014  ,  2.46
7_Aug_2014  ,  2.492
6_Aug_2014  ,  2.516
5_Aug_2014  ,  2.586
4_Aug_2014  ,  2.539
2_Aug_2014  ,  2.549
1_Aug_2014  ,  2.563
31_Jul_2014  ,  2.616
30_Jul_2014  ,  2.594
29_Jul_2014  ,  2.547
28_Jul_2014  ,  2.579
27_Jul_2014  ,  2.572
26_Jul_2014  ,  2.572
25_Jul_2014  ,  2.565
24_Jul_2014  ,  2.608
23_Jul_2014  ,  2.557
22_Jul_2014  ,  2.588
21_Jul_2014  ,  2.567
20_Jul_2014  ,  2.588
19_Jul_2014  ,  2.588
18_Jul_2014  ,  2.582
17_Jul_2014  ,  2.587
16_Jul_2014  ,  2.652
15_Jul_2014  ,  2.654
14_Jul_2014  ,  2.608
12_Jul_2014  ,  2.599
11_Jul_2014  ,  2.602
10_Jul_2014  ,  2.626
9_Jul_2014  ,  2.665
8_Jul_2014  ,  2.657
7_Jul_2014  ,  2.733
5_Jul_2014  ,  2.754
4_Jul_2014  ,  2.758
3_Jul_2014  ,  2.759
2_Jul_2014  ,  2.748
1_Jul_2014  ,  2.707
30_Jun_2014  ,  2.671
28_Jun_2014  ,  2.639
27_Jun_2014  ,  2.644
26_Jun_2014  ,  2.637
25_Jun_2014  ,  2.652
24_Jun_2014  ,  2.737
23_Jun_2014  ,  2.742
22_Jun_2014  ,  2.761
21_Jun_2014  ,  2.761
20_Jun_2014  ,  2.771
19_Jun_2014  ,  2.742
18_Jun_2014  ,  2.741
17_Jun_2014  ,  2.78
16_Jun_2014  ,  2.755
14_Jun_2014  ,  2.75
13_Jun_2014  ,  2.749
12_Jun_2014  ,  2.716
11_Jun_2014  ,  2.714
10_Jun_2014  ,  2.73
9_Jun_2014  ,  2.697
7_Jun_2014  ,  2.665
6_Jun_2014  ,  2.66
5_Jun_2014  ,  2.675
4_Jun_2014  ,  2.701
3_Jun_2014  ,  2.652
2_Jun_2014  ,  2.619
31_May_2014  ,  2.573
30_May_2014  ,  2.567
29_May_2014  ,  2.536
28_May_2014  ,  2.549
27_May_2014  ,  2.638
26_May_2014  ,  2.649
25_May_2014  ,  2.645
24_May_2014  ,  2.645
23_May_2014  ,  2.637
22_May_2014  ,  2.654
21_May_2014  ,  2.649
20_May_2014  ,  2.616
19_May_2014  ,  2.584
17_May_2014  ,  2.568
16_May_2014  ,  2.567
15_May_2014  ,  2.527
14_May_2014  ,  2.589
13_May_2014  ,  2.685
12_May_2014  ,  2.735
10_May_2014  ,  2.69
9_May_2014  ,  2.69
8_May_2014  ,  2.649
7_May_2014  ,  2.662
6_May_2014  ,  2.664
5_May_2014  ,  2.636
3_May_2014  ,  2.636
2_May_2014  ,  2.645
1_May_2014  ,  2.644
30_Apr_2014  ,  2.669
29_Apr_2014  ,  2.69
28_Apr_2014  ,  2.668
27_Apr_2014  ,  2.647
26_Apr_2014  ,  2.642
25_Apr_2014  ,  2.638
24_Apr_2014  ,  2.695
23_Apr_2014  ,  2.667
22_Apr_2014  ,  2.719
21_Apr_2014  ,  2.719
19_Apr_2014  ,  2.719
18_Apr_2014  ,  2.719
17_Apr_2014  ,  2.673
16_Apr_2014  ,  2.638
15_Apr_2014  ,  2.606
14_Apr_2014  ,  2.639
12_Apr_2014  ,  2.616
11_Apr_2014  ,  2.612
10_Apr_2014  ,  2.62
9_Apr_2014  ,  2.695
8_Apr_2014  ,  2.697
7_Apr_2014  ,  2.669
5_Apr_2014  ,  2.679
4_Apr_2014  ,  2.687
3_Apr_2014  ,  2.757
2_Apr_2014  ,  2.781
1_Apr_2014  ,  2.744
31_Mar_2014  ,  2.739
29_Mar_2014  ,  2.727
28_Mar_2014  ,  2.727
27_Mar_2014  ,  2.678
26_Mar_2014  ,  2.703
25_Mar_2014  ,  2.711
24_Mar_2014  ,  2.689
22_Mar_2014  ,  2.743
21_Mar_2014  ,  2.748
20_Mar_2014  ,  2.766
19_Mar_2014  ,  2.697
18_Mar_2014  ,  2.68
17_Mar_2014  ,  2.684
15_Mar_2014  ,  2.668
14_Mar_2014  ,  2.664
13_Mar_2014  ,  2.694
12_Mar_2014  ,  2.75
11_Mar_2014  ,  2.78
10_Mar_2014  ,  2.797
9_Mar_2014  ,  2.794
8_Mar_2014  ,  2.794
7_Mar_2014  ,  2.793
6_Mar_2014  ,  2.773
5_Mar_2014  ,  2.72
4_Mar_2014  ,  2.703
3_Mar_2014  ,  2.655
1_Mar_2014  ,  2.714
28_Feb_2014  ,  2.723
27_Feb_2014  ,  2.676
26_Feb_2014  ,  2.728
25_Feb_2014  ,  2.748
24_Feb_2014  ,  2.773
22_Feb_2014  ,  2.776
21_Feb_2014  ,  2.789
20_Feb_2014  ,  2.803
19_Feb_2014  ,  2.739
18_Feb_2014  ,  2.752
17_Feb_2014  ,  2.785
15_Feb_2014  ,  2.799
14_Feb_2014  ,  2.8
13_Feb_2014  ,  2.794
12_Feb_2014  ,  2.823
11_Feb_2014  ,  2.744
10_Feb_2014  ,  2.722
8_Feb_2014  ,  2.707
7_Feb_2014  ,  2.715
6_Feb_2014  ,  2.746
5_Feb_2014  ,  2.695
4_Feb_2014  ,  2.699
3_Feb_2014  ,  2.699
1_Feb_2014  ,  2.72
31_Jan_2014  ,  2.711
30_Jan_2014  ,  2.751
29_Jan_2014  ,  2.758
28_Jan_2014  ,  2.796
27_Jan_2014  ,  2.784
25_Jan_2014  ,  2.783
24_Jan_2014  ,  2.778
23_Jan_2014  ,  2.816
22_Jan_2014  ,  2.883
21_Jan_2014  ,  2.838
20_Jan_2014  ,  2.828
18_Jan_2014  ,  2.833
17_Jan_2014  ,  2.834
16_Jan_2014  ,  2.813
15_Jan_2014  ,  2.865
14_Jan_2014  ,  2.832
13_Jan_2014  ,  2.834
11_Jan_2014  ,  2.871
10_Jan_2014  ,  2.88
9_Jan_2014  ,  2.975
8_Jan_2014  ,  2.983
7_Jan_2014  ,  2.954
6_Jan_2014  ,  2.972
4_Jan_2014  ,  3.029
3_Jan_2014  ,  3.029
2_Jan_2014  ,  3.035
1_Jan_2014  ,  3.036
31_Dec_2013  ,  3.032
30_Dec_2013  ,  3.036
28_Dec_2013  ,  3.077
27_Dec_2013  ,  3.072
26_Dec_2013  ,  3.072
25_Dec_2013  ,  2.988
24_Dec_2013  ,  2.987
23_Dec_2013  ,  2.969
21_Dec_2013  ,  2.952
20_Dec_2013  ,  2.94
19_Dec_2013  ,  2.966
18_Dec_2013  ,  2.925
17_Dec_2013  ,  2.87
16_Dec_2013  ,  2.883
14_Dec_2013  ,  2.904
13_Dec_2013  ,  2.899
12_Dec_2013  ,  2.907
11_Dec_2013  ,  2.868
10_Dec_2013  ,  2.885
9_Dec_2013  ,  2.921
7_Dec_2013  ,  2.909
6_Dec_2013  ,  2.892
5_Dec_2013  ,  2.917
4_Dec_2013  ,  2.906
3_Dec_2013  ,  2.818
2_Dec_2013  ,  2.843
30_Nov_2013  ,  2.778
29_Nov_2013  ,  2.77
28_Nov_2013  ,  2.744
27_Nov_2013  ,  2.757
26_Nov_2013  ,  2.731
25_Nov_2013  ,  2.773
23_Nov_2013  ,  2.786
22_Nov_2013  ,  2.794
21_Nov_2013  ,  2.813
20_Nov_2013  ,  2.739
19_Nov_2013  ,  2.723
18_Nov_2013  ,  2.724
17_Nov_2013  ,  2.743
16_Nov_2013  ,  2.747
15_Nov_2013  ,  2.751
14_Nov_2013  ,  2.763
13_Nov_2013  ,  2.804
12_Nov_2013  ,  2.801
11_Nov_2013  ,  2.804
9_Nov_2013  ,  2.77
8_Nov_2013  ,  2.768
7_Nov_2013  ,  2.676
6_Nov_2013  ,  2.717
5_Nov_2013  ,  2.721
4_Nov_2013  ,  2.636
3_Nov_2013  ,  2.657
2_Nov_2013  ,  2.657
1_Nov_2013  ,  2.654
31_Oct_2013  ,  2.623
30_Oct_2013  ,  2.545
29_Oct_2013  ,  2.601
28_Oct_2013  ,  2.61
27_Oct_2013  ,  2.618
26_Oct_2013  ,  2.618
25_Oct_2013  ,  2.619
24_Oct_2013  ,  2.632
23_Oct_2013  ,  2.597
22_Oct_2013  ,  2.637
21_Oct_2013  ,  2.738
19_Oct_2013  ,  2.717
18_Oct_2013  ,  2.723
17_Oct_2013  ,  2.748
16_Oct_2013  ,  2.837
15_Oct_2013  ,  2.804
14_Oct_2013  ,  2.743
12_Oct_2013  ,  2.743
11_Oct_2013  ,  2.735
10_Oct_2013  ,  2.747
9_Oct_2013  ,  2.683
8_Oct_2013  ,  2.699
7_Oct_2013  ,  2.704
6_Oct_2013  ,  2.74
5_Oct_2013  ,  2.743
4_Oct_2013  ,  2.732
3_Oct_2013  ,  2.697
2_Oct_2013  ,  2.709
1_Oct_2013  ,  2.719
30_Sep_2013  ,  2.719
29_Sep_2013  ,  2.72
28_Sep_2013  ,  2.72
27_Sep_2013  ,  2.713
26_Sep_2013  ,  2.748
25_Sep_2013  ,  2.755
24_Sep_2013  ,  2.809
23_Sep_2013  ,  2.906
22_Sep_2013  ,  2.922
21_Sep_2013  ,  2.922
20_Sep_2013  ,  2.928
19_Sep_2013  ,  2.906
18_Sep_2013  ,  3.0
17_Sep_2013  ,  2.945
16_Sep_2013  ,  2.875
15_Sep_2013  ,  2.938
14_Sep_2013  ,  2.938
13_Sep_2013  ,  2.912
12_Sep_2013  ,  2.945
11_Sep_2013  ,  3.016
10_Sep_2013  ,  3.022
9_Sep_2013  ,  2.946
8_Sep_2013  ,  2.949
7_Sep_2013  ,  2.949
6_Sep_2013  ,  2.935
5_Sep_2013  ,  3.004
4_Sep_2013  ,  2.871
3_Sep_2013  ,  2.888
2_Sep_2013  ,  2.851
1_Sep_2013  ,  2.794
31_Aug_2013  ,  2.794
30_Aug_2013  ,  2.777
29_Aug_2013  ,  2.779
28_Aug_2013  ,  2.81
27_Aug_2013  ,  2.6
26_Aug_2013  ,  2.732
24_Aug_2013  ,  2.708
23_Aug_2013  ,  2.711
22_Aug_2013  ,  2.716
21_Aug_2013  ,  2.71
20_Aug_2013  ,  2.671
19_Aug_2013  ,  2.745
17_Aug_2013  ,  2.698
16_Aug_2013  ,  2.696
15_Aug_2013  ,  2.684
14_Aug_2013  ,  2.628
13_Aug_2013  ,  2.607
12_Aug_2013  ,  2.469
11_Aug_2013  ,  2.47
10_Aug_2013  ,  2.47
9_Aug_2013  ,  2.463
8_Aug_2013  ,  2.482
7_Aug_2013  ,  2.486
6_Aug_2013  ,  2.484
5_Aug_2013  ,  2.477
3_Aug_2013  ,  2.421
2_Aug_2013  ,  2.43
1_Aug_2013  ,  2.402
31_Jul_2013  ,  2.357
30_Jul_2013  ,  2.313
29_Jul_2013  ,  2.321
27_Jul_2013  ,  2.321
26_Jul_2013  ,  2.335
25_Jul_2013  ,  2.386
24_Jul_2013  ,  2.395
23_Jul_2013  ,  2.31
22_Jul_2013  ,  2.265
20_Jul_2013  ,  2.289
19_Jul_2013  ,  2.287
18_Jul_2013  ,  2.258
17_Jul_2013  ,  2.295
16_Jul_2013  ,  2.262
15_Jul_2013  ,  2.336
13_Jul_2013  ,  2.32
12_Jul_2013  ,  2.322
11_Jul_2013  ,  2.386
10_Jul_2013  ,  2.41
9_Jul_2013  ,  2.448
8_Jul_2013  ,  2.486
6_Jul_2013  ,  2.493
5_Jul_2013  ,  2.493
4_Jul_2013  ,  2.385
3_Jul_2013  ,  2.405
2_Jul_2013  ,  2.381
1_Jul_2013  ,  2.425
29_Jun_2013  ,  2.439
28_Jun_2013  ,  2.438
27_Jun_2013  ,  2.42
26_Jun_2013  ,  2.451
25_Jun_2013  ,  2.53
24_Jun_2013  ,  2.562
23_Jun_2013  ,  2.41
22_Jun_2013  ,  2.41
21_Jun_2013  ,  2.423
20_Jun_2013  ,  2.293
19_Jun_2013  ,  2.134
18_Jun_2013  ,  2.136
17_Jun_2013  ,  2.079
16_Jun_2013  ,  2.061
15_Jun_2013  ,  2.061
14_Jun_2013  ,  2.063
13_Jun_2013  ,  2.127
12_Jun_2013  ,  2.153
11_Jun_2013  ,  2.188
10_Jun_2013  ,  2.133
8_Jun_2013  ,  2.069
7_Jun_2013  ,  2.069
6_Jun_2013  ,  2.028
5_Jun_2013  ,  2.011
4_Jun_2013  ,  2.036
3_Jun_2013  ,  1.991
1_Jun_2013  ,  2.002
31_May_2013  ,  2.007
30_May_2013  ,  1.964
29_May_2013  ,  2.002
28_May_2013  ,  1.951
27_May_2013  ,  1.921
25_May_2013  ,  1.897
24_May_2013  ,  1.891
23_May_2013  ,  1.914
22_May_2013  ,  1.883
21_May_2013  ,  1.921
20_May_2013  ,  1.916
18_May_2013  ,  1.887
17_May_2013  ,  1.878
16_May_2013  ,  1.862
15_May_2013  ,  1.92
14_May_2013  ,  1.898
13_May_2013  ,  1.883
11_May_2013  ,  1.884
10_May_2013  ,  1.892
9_May_2013  ,  1.782
8_May_2013  ,  1.768
7_May_2013  ,  1.791
6_May_2013  ,  1.732
4_May_2013  ,  1.731
3_May_2013  ,  1.732
2_May_2013  ,  1.618
1_May_2013  ,  1.658
30_Apr_2013  ,  1.674
29_Apr_2013  ,  1.653
27_Apr_2013  ,  1.686
26_Apr_2013  ,  1.685
25_Apr_2013  ,  1.728
24_Apr_2013  ,  1.69
23_Apr_2013  ,  1.697
22_Apr_2013  ,  1.648
20_Apr_2013  ,  1.663
19_Apr_2013  ,  1.666
18_Apr_2013  ,  1.667
17_Apr_2013  ,  1.685
16_Apr_2013  ,  1.725
15_Apr_2013  ,  1.709
13_Apr_2013  ,  1.73
12_Apr_2013  ,  1.731
11_Apr_2013  ,  1.766
10_Apr_2013  ,  1.783
9_Apr_2013  ,  1.742
8_Apr_2013  ,  1.698
6_Apr_2013  ,  1.63
5_Apr_2013  ,  1.633
4_Apr_2013  ,  1.725
3_Apr_2013  ,  1.758
2_Apr_2013  ,  1.773
30_Mar_2013  ,  1.763
29_Mar_2013  ,  1.779
28_Mar_2013  ,  1.762
27_Mar_2013  ,  1.724
26_Mar_2013  ,  1.783
25_Mar_2013  ,  1.816
23_Mar_2013  ,  1.849
22_Mar_2013  ,  1.85
21_Mar_2013  ,  1.86
20_Mar_2013  ,  1.873
19_Mar_2013  ,  1.831
18_Mar_2013  ,  1.891
17_Mar_2013  ,  1.938
16_Mar_2013  ,  1.938
15_Mar_2013  ,  1.938
14_Mar_2013  ,  1.965
13_Mar_2013  ,  1.961
12_Mar_2013  ,  1.963
11_Mar_2013  ,  2.011
9_Mar_2013  ,  2.053
8_Mar_2013  ,  2.061
7_Mar_2013  ,  2.02
6_Mar_2013  ,  1.955
5_Mar_2013  ,  1.964
4_Mar_2013  ,  1.911
2_Mar_2013  ,  1.872
1_Mar_2013  ,  1.881
28_Feb_2013  ,  1.972
27_Feb_2013  ,  1.951
26_Feb_2013  ,  1.996
25_Feb_2013  ,  2.096
23_Feb_2013  ,  2.11
22_Feb_2013  ,  2.109
21_Feb_2013  ,  2.102
20_Feb_2013  ,  2.199
19_Feb_2013  ,  2.183
18_Feb_2013  ,  2.194
17_Feb_2013  ,  2.195
16_Feb_2013  ,  2.195
15_Feb_2013  ,  2.195
14_Feb_2013  ,  2.192
13_Feb_2013  ,  2.21
12_Feb_2013  ,  2.113
11_Feb_2013  ,  2.108
10_Feb_2013  ,  2.108
9_Feb_2013  ,  2.12
8_Feb_2013  ,  2.094
7_Feb_2013  ,  2.108
6_Feb_2013  ,  2.1
5_Feb_2013  ,  2.125
4_Feb_2013  ,  2.098
2_Feb_2013  ,  2.098
1_Feb_2013  ,  2.085
31_Jan_2013  ,  2.095
30_Jan_2013  ,  2.118
29_Jan_2013  ,  2.085
28_Jan_2013  ,  2.104
26_Jan_2013  ,  2.069
25_Jan_2013  ,  2.056
24_Jan_2013  ,  2.01
23_Jan_2013  ,  1.989
22_Jan_2013  ,  2.024
21_Jan_2013  ,  2.056
19_Jan_2013  ,  2.006
18_Jan_2013  ,  2.017
17_Jan_2013  ,  2.04
16_Jan_2013  ,  1.999
15_Jan_2013  ,  2.018
14_Jan_2013  ,  2.033
13_Jan_2013  ,  2.079
12_Jan_2013  ,  2.079
11_Jan_2013  ,  2.082
10_Jan_2013  ,  2.095
9_Jan_2013  ,  2.028
8_Jan_2013  ,  2.03
7_Jan_2013  ,  2.093
5_Jan_2013  ,  2.124
4_Jan_2013  ,  2.128
3_Jan_2013  ,  2.059
2_Jan_2013  ,  1.989
1_Jan_2013  ,  1.843
31_Dec_2012  ,  1.836
30_Dec_2012  ,  1.793
29_Dec_2012  ,  1.793
28_Dec_2012  ,  1.817
27_Dec_2012  ,  1.806
26_Dec_2012  ,  1.919
25_Dec_2012  ,  1.919
24_Dec_2012  ,  1.917
23_Dec_2012  ,  1.889
22_Dec_2012  ,  1.889
21_Dec_2012  ,  1.89
20_Dec_2012  ,  1.948
19_Dec_2012  ,  1.953
18_Dec_2012  ,  1.964
17_Dec_2012  ,  1.887
15_Dec_2012  ,  1.864
14_Dec_2012  ,  1.865
13_Dec_2012  ,  1.857
12_Dec_2012  ,  1.83
11_Dec_2012  ,  1.804
10_Dec_2012  ,  1.772
8_Dec_2012  ,  1.747
7_Dec_2012  ,  1.746
6_Dec_2012  ,  1.741
5_Dec_2012  ,  1.768
4_Dec_2012  ,  1.809
3_Dec_2012  ,  1.818
1_Dec_2012  ,  1.773
30_Nov_2012  ,  1.773
29_Nov_2012  ,  1.764
28_Nov_2012  ,  1.772
27_Nov_2012  ,  1.853
26_Nov_2012  ,  1.837
24_Nov_2012  ,  1.845
23_Nov_2012  ,  1.845
22_Nov_2012  ,  1.846
21_Nov_2012  ,  1.856
20_Nov_2012  ,  1.848
19_Nov_2012  ,  1.772
17_Nov_2012  ,  1.726
16_Nov_2012  ,  1.718
15_Nov_2012  ,  1.741
14_Nov_2012  ,  1.749
13_Nov_2012  ,  1.716
12_Nov_2012  ,  1.716
10_Nov_2012  ,  1.729
9_Nov_2012  ,  1.73
8_Nov_2012  ,  1.773
7_Nov_2012  ,  1.757
6_Nov_2012  ,  1.813
5_Nov_2012  ,  1.817
3_Nov_2012  ,  1.856
2_Nov_2012  ,  1.863
1_Nov_2012  ,  1.873
31_Oct_2012  ,  1.846
30_Oct_2012  ,  1.825
29_Oct_2012  ,  1.796
27_Oct_2012  ,  1.86
26_Oct_2012  ,  1.873
25_Oct_2012  ,  1.905
24_Oct_2012  ,  1.862
23_Oct_2012  ,  1.824
22_Oct_2012  ,  1.903
19_Oct_2012  ,  1.88
18_Oct_2012  ,  1.918
17_Oct_2012  ,  1.916
16_Oct_2012  ,  1.819
15_Oct_2012  ,  1.758
13_Oct_2012  ,  1.723
12_Oct_2012  ,  1.72
11_Oct_2012  ,  1.783
10_Oct_2012  ,  1.766
9_Oct_2012  ,  1.727
8_Oct_2012  ,  1.729
6_Oct_2012  ,  1.764
5_Oct_2012  ,  1.771
4_Oct_2012  ,  1.702
3_Oct_2012  ,  1.686
2_Oct_2012  ,  1.708
1_Oct_2012  ,  1.738
29_Sep_2012  ,  1.73
28_Sep_2012  ,  1.731
27_Sep_2012  ,  1.731
26_Sep_2012  ,  1.696
25_Sep_2012  ,  1.819
24_Sep_2012  ,  1.814
23_Sep_2012  ,  1.835
22_Sep_2012  ,  1.835
21_Sep_2012  ,  1.834
20_Sep_2012  ,  1.798
19_Sep_2012  ,  1.844
18_Sep_2012  ,  1.877
17_Sep_2012  ,  1.921
15_Sep_2012  ,  1.969
14_Sep_2012  ,  1.966
13_Sep_2012  ,  1.813
12_Sep_2012  ,  1.831
11_Sep_2012  ,  1.739
10_Sep_2012  ,  1.733
8_Sep_2012  ,  1.684
7_Sep_2012  ,  1.686
6_Sep_2012  ,  1.714
5_Sep_2012  ,  1.647
4_Sep_2012  ,  1.629
3_Sep_2012  ,  1.654
1_Sep_2012  ,  1.638
31_Aug_2012  ,  1.474
30_Aug_2012  ,  1.453
29_Aug_2012  ,  1.505
28_Aug_2012  ,  1.488
27_Aug_2012  ,  1.537
25_Aug_2012  ,  1.537
24_Aug_2012  ,  1.528
23_Aug_2012  ,  1.569
22_Aug_2012  ,  1.633
21_Aug_2012  ,  1.708
20_Aug_2012  ,  1.666
18_Aug_2012  ,  1.666
17_Aug_2012  ,  1.673
16_Aug_2012  ,  1.693
15_Aug_2012  ,  1.685
14_Aug_2012  ,  1.605
13_Aug_2012  ,  1.564
11_Aug_2012  ,  1.564
10_Aug_2012  ,  1.543
9_Aug_2012  ,  1.621
8_Aug_2012  ,  1.566
7_Aug_2012  ,  1.603
6_Aug_2012  ,  1.497
5_Aug_2012  ,  1.574
4_Aug_2012  ,  1.574
3_Aug_2012  ,  1.564
2_Aug_2012  ,  1.438
1_Aug_2012  ,  1.515
31_Jul_2012  ,  1.473
30_Jul_2012  ,  1.54
28_Jul_2012  ,  1.54
27_Jul_2012  ,  1.538
26_Jul_2012  ,  1.482
25_Jul_2012  ,  1.457
24_Jul_2012  ,  1.466
23_Jul_2012  ,  1.472
21_Jul_2012  ,  1.472
20_Jul_2012  ,  1.484
19_Jul_2012  ,  1.525
18_Jul_2012  ,  1.476
17_Jul_2012  ,  1.505
16_Jul_2012  ,  1.499
14_Jul_2012  ,  1.499
13_Jul_2012  ,  1.551
12_Jul_2012  ,  1.533
11_Jul_2012  ,  1.567
10_Jul_2012  ,  1.586
9_Jul_2012  ,  1.583
8_Jul_2012  ,  1.602
7_Jul_2012  ,  1.596
6_Jul_2012  ,  1.594
5_Jul_2012  ,  1.657
4_Jul_2012  ,  1.722
3_Jul_2012  ,  1.764
2_Jul_2012  ,  1.696
1_Jul_2012  ,  1.784
30_Jun_2012  ,  1.784
29_Jun_2012  ,  1.735
28_Jun_2012  ,  1.644
27_Jun_2012  ,  1.688
26_Jun_2012  ,  1.686
25_Jun_2012  ,  1.667
24_Jun_2012  ,  1.725
22_Jun_2012  ,  1.724
21_Jun_2012  ,  1.699
20_Jun_2012  ,  1.769
19_Jun_2012  ,  1.718
18_Jun_2012  ,  1.661
17_Jun_2012  ,  1.661
16_Jun_2012  ,  1.667
15_Jun_2012  ,  1.666
14_Jun_2012  ,  1.732
13_Jun_2012  ,  1.751
12_Jun_2012  ,  1.698
11_Jun_2012  ,  1.651
10_Jun_2012  ,  1.624
8_Jun_2012  ,  1.627
7_Jun_2012  ,  1.711
6_Jun_2012  ,  1.665
5_Jun_2012  ,  1.665
4_Jun_2012  ,  1.535
3_Jun_2012  ,  1.535
1_Jun_2012  ,  1.533
31_May_2012  ,  1.568
30_May_2012  ,  1.648
29_May_2012  ,  1.776
28_May_2012  ,  1.759
27_May_2012  ,  1.759
26_May_2012  ,  1.759
25_May_2012  ,  1.752
24_May_2012  ,  1.775
23_May_2012  ,  1.773
22_May_2012  ,  1.868
21_May_2012  ,  1.846
20_May_2012  ,  1.846
19_May_2012  ,  1.846
18_May_2012  ,  1.825
17_May_2012  ,  1.836
16_May_2012  ,  1.881
15_May_2012  ,  1.896
14_May_2012  ,  1.878
13_May_2012  ,  1.878
11_May_2012  ,  1.963
10_May_2012  ,  1.988
9_May_2012  ,  1.905
8_May_2012  ,  1.937
7_May_2012  ,  1.996
6_May_2012  ,  1.996
5_May_2012  ,  1.996
4_May_2012  ,  1.999
3_May_2012  ,  2.038
2_May_2012  ,  2.047
1_May_2012  ,  2.099
30_Apr_2012  ,  2.112
29_Apr_2012  ,  2.112
27_Apr_2012  ,  2.123
26_Apr_2012  ,  2.098
25_Apr_2012  ,  2.142
24_Apr_2012  ,  2.097
23_Apr_2012  ,  2.125
22_Apr_2012  ,  2.125
21_Apr_2012  ,  2.125
20_Apr_2012  ,  2.175
19_Apr_2012  ,  2.149
18_Apr_2012  ,  2.134
17_Apr_2012  ,  2.098
16_Apr_2012  ,  2.032
15_Apr_2012  ,  2.032
14_Apr_2012  ,  2.032
13_Apr_2012  ,  2.041
12_Apr_2012  ,  2.087
11_Apr_2012  ,  2.054
10_Apr_2012  ,  2.01
9_Apr_2012  ,  2.162
8_Apr_2012  ,  2.162
7_Apr_2012  ,  2.162
6_Apr_2012  ,  2.162
5_Apr_2012  ,  2.157
4_Apr_2012  ,  2.214
3_Apr_2012  ,  2.173
2_Apr_2012  ,  2.227
1_Apr_2012  ,  2.227
31_Mar_2012  ,  2.227
30_Mar_2012  ,  2.202
29_Mar_2012  ,  2.2
28_Mar_2012  ,  2.211
27_Mar_2012  ,  2.263
26_Mar_2012  ,  2.334
25_Mar_2012  ,  2.272
24_Mar_2012  ,  2.272
23_Mar_2012  ,  2.275
22_Mar_2012  ,  2.324
21_Mar_2012  ,  2.377
20_Mar_2012  ,  2.418
19_Mar_2012  ,  2.413
18_Mar_2012  ,  2.413
17_Mar_2012  ,  2.446
16_Mar_2012  ,  2.445
15_Mar_2012  ,  2.368
14_Mar_2012  ,  2.332
13_Mar_2012  ,  2.172
12_Mar_2012  ,  2.092
11_Mar_2012  ,  2.092
10_Mar_2012  ,  2.092
9_Mar_2012  ,  2.154
8_Mar_2012  ,  2.142
7_Mar_2012  ,  2.128
6_Mar_2012  ,  2.129
5_Mar_2012  ,  2.174
4_Mar_2012  ,  2.174
3_Mar_2012  ,  2.14
2_Mar_2012  ,  2.149
1_Mar_2012  ,  2.214
29_Feb_2012  ,  2.143
28_Feb_2012  ,  2.087
27_Feb_2012  ,  2.015
25_Feb_2012  ,  2.069
24_Feb_2012  ,  2.069
23_Feb_2012  ,  2.102
22_Feb_2012  ,  2.138
21_Feb_2012  ,  2.217
20_Feb_2012  ,  2.231
19_Feb_2012  ,  2.187
18_Feb_2012  ,  2.187
17_Feb_2012  ,  2.179
16_Feb_2012  ,  2.126
15_Feb_2012  ,  2.078
14_Feb_2012  ,  2.09
13_Feb_2012  ,  2.121
10_Feb_2012  ,  2.143
9_Feb_2012  ,  2.227
8_Feb_2012  ,  2.21
7_Feb_2012  ,  2.208
6_Feb_2012  ,  2.164
3_Feb_2012  ,  2.185
2_Feb_2012  ,  2.108
1_Feb_2012  ,  2.05
31_Jan_2012  ,  1.975
30_Jan_2012  ,  1.997
27_Jan_2012  ,  2.05
26_Jan_2012  ,  2.099
25_Jan_2012  ,  2.166
24_Jan_2012  ,  2.185
23_Jan_2012  ,  2.183
20_Jan_2012  ,  2.12
19_Jan_2012  ,  2.049
18_Jan_2012  ,  1.951
17_Jan_2012  ,  1.957
16_Jan_2012  ,  1.97
13_Jan_2012  ,  1.971
12_Jan_2012  ,  2.018
11_Jan_2012  ,  2.023
10_Jan_2012  ,  2.06
9_Jan_2012  ,  2.015
6_Jan_2012  ,  2.029
5_Jan_2012  ,  2.047
4_Jan_2012  ,  2.04
3_Jan_2012  ,  2.023
2_Jan_2012  ,  2.023
30_Dec_2011  ,  1.977
29_Dec_2011  ,  1.968
28_Dec_2011  ,  2.013
27_Dec_2011  ,  2.013
23_Dec_2011  ,  2.038
22_Dec_2011  ,  2.038
21_Dec_2011  ,  2.042
20_Dec_2011  ,  2.089
19_Dec_2011  ,  2.081
16_Dec_2011  ,  2.066
15_Dec_2011  ,  2.111
14_Dec_2011  ,  2.103
13_Dec_2011  ,  2.139
12_Dec_2011  ,  2.101
9_Dec_2011  ,  2.145
8_Dec_2011  ,  2.12
7_Dec_2011  ,  2.231
6_Dec_2011  ,  2.248
5_Dec_2011  ,  2.343
2_Dec_2011  ,  2.312
1_Dec_2011  ,  2.31
30_Nov_2011  ,  2.321
29_Nov_2011  ,  2.254
28_Nov_2011  ,  2.3
25_Nov_2011  ,  2.321
24_Nov_2011  ,  2.145
23_Nov_2011  ,  2.145
22_Nov_2011  ,  2.156
21_Nov_2011  ,  2.183
18_Nov_2011  ,  2.276
17_Nov_2011  ,  2.223
16_Nov_2011  ,  2.167
15_Nov_2011  ,  2.135
14_Nov_2011  ,  2.203
11_Nov_2011  ,  2.279
10_Nov_2011  ,  2.2
9_Nov_2011  ,  2.17
8_Nov_2011  ,  2.278
7_Nov_2011  ,  2.273
4_Nov_2011  ,  2.312
3_Nov_2011  ,  2.348
2_Nov_2011  ,  2.284
1_Nov_2011  ,  2.184
31_Oct_2011  ,  2.461
28_Oct_2011  ,  2.609
27_Oct_2011  ,  2.632
26_Oct_2011  ,  2.472
25_Oct_2011  ,  2.51
24_Oct_2011  ,  2.56
21_Oct_2011  ,  2.532
20_Oct_2011  ,  2.455
19_Oct_2011  ,  2.465
18_Oct_2011  ,  2.435
17_Oct_2011  ,  2.527
14_Oct_2011  ,  2.601
13_Oct_2011  ,  2.558
12_Oct_2011  ,  2.642
11_Oct_2011  ,  2.583
10_Oct_2011  ,  2.583
7_Oct_2011  ,  2.471
6_Oct_2011  ,  2.394
5_Oct_2011  ,  2.357
4_Oct_2011  ,  2.252
3_Oct_2011  ,  2.348
30_Sep_2011  ,  2.431
29_Sep_2011  ,  2.529
28_Sep_2011  ,  2.557
27_Sep_2011  ,  2.54
26_Sep_2011  ,  2.429
23_Sep_2011  ,  2.363
22_Sep_2011  ,  2.314
21_Sep_2011  ,  2.412
20_Sep_2011  ,  2.388
19_Sep_2011  ,  2.394
16_Sep_2011  ,  2.483
15_Sep_2011  ,  2.52
14_Sep_2011  ,  2.442
13_Sep_2011  ,  2.236
12_Sep_2011  ,  2.203
9_Sep_2011  ,  2.265
8_Sep_2011  ,  2.353
7_Sep_2011  ,  2.339
6_Sep_2011  ,  2.296
5_Sep_2011  ,  2.287
2_Sep_2011  ,  2.444
1_Sep_2011  ,  2.542
31_Aug_2011  ,  2.604
30_Aug_2011  ,  2.504
29_Aug_2011  ,  2.504
26_Aug_2011  ,  2.504
25_Aug_2011  ,  2.464
24_Aug_2011  ,  2.476
23_Aug_2011  ,  2.391
22_Aug_2011  ,  2.381
19_Aug_2011  ,  2.39
18_Aug_2011  ,  2.314
17_Aug_2011  ,  2.438
16_Aug_2011  ,  2.559
15_Aug_2011  ,  2.538
12_Aug_2011  ,  2.536
11_Aug_2011  ,  2.547
10_Aug_2011  ,  2.482
9_Aug_2011  ,  2.714
8_Aug_2011  ,  2.644
5_Aug_2011  ,  2.686
4_Aug_2011  ,  2.686
3_Aug_2011  ,  2.739
2_Aug_2011  ,  2.761
1_Aug_2011  ,  2.806
29_Jul_2011  ,  2.861
28_Jul_2011  ,  2.965
27_Jul_2011  ,  2.982
26_Jul_2011  ,  3.07
25_Jul_2011  ,  3.049
22_Jul_2011  ,  3.106
21_Jul_2011  ,  3.175
20_Jul_2011  ,  3.076
19_Jul_2011  ,  3.046
18_Jul_2011  ,  3.029
15_Jul_2011  ,  3.08
14_Jul_2011  ,  3.108
13_Jul_2011  ,  3.122
12_Jul_2011  ,  3.093
11_Jul_2011  ,  3.088
8_Jul_2011  ,  3.194
7_Jul_2011  ,  3.299
6_Jul_2011  ,  3.255
5_Jul_2011  ,  3.332
4_Jul_2011  ,  3.373
1_Jul_2011  ,  3.396
30_Jun_2011  ,  3.391
29_Jun_2011  ,  3.336
28_Jun_2011  ,  3.271
27_Jun_2011  ,  3.175
24_Jun_2011  ,  3.132
23_Jun_2011  ,  3.153
22_Jun_2011  ,  3.193
21_Jun_2011  ,  3.223
20_Jun_2011  ,  3.226
17_Jun_2011  ,  3.198
16_Jun_2011  ,  3.181
15_Jun_2011  ,  3.236
14_Jun_2011  ,  3.295
13_Jun_2011  ,  3.253
10_Jun_2011  ,  3.226
9_Jun_2011  ,  3.272
8_Jun_2011  ,  3.291
7_Jun_2011  ,  3.331
6_Jun_2011  ,  3.268
3_Jun_2011  ,  3.287
2_Jun_2011  ,  3.246
1_Jun_2011  ,  3.253
31_May_2011  ,  3.292
30_May_2011  ,  3.292
27_May_2011  ,  3.293
26_May_2011  ,  3.314
25_May_2011  ,  3.326
24_May_2011  ,  3.337
23_May_2011  ,  3.302
20_May_2011  ,  3.346
19_May_2011  ,  3.392
18_May_2011  ,  3.386
17_May_2011  ,  3.364
16_May_2011  ,  3.383
13_May_2011  ,  3.366
12_May_2011  ,  3.378
11_May_2011  ,  3.437
10_May_2011  ,  3.38
9_May_2011  ,  3.362
6_May_2011  ,  3.383
5_May_2011  ,  3.388
4_May_2011  ,  3.378
3_May_2011  ,  3.421
2_May_2011  ,  3.421
29_Apr_2011  ,  3.421
28_Apr_2011  ,  3.481
27_Apr_2011  ,  3.571
26_Apr_2011  ,  3.486
21_Apr_2011  ,  3.526
20_Apr_2011  ,  3.574
19_Apr_2011  ,  3.552
18_Apr_2011  ,  3.556
15_Apr_2011  ,  3.6
14_Apr_2011  ,  3.688
13_Apr_2011  ,  3.707
12_Apr_2011  ,  3.699
11_Apr_2011  ,  3.807
8_Apr_2011  ,  3.811
7_Apr_2011  ,  3.752
6_Apr_2011  ,  3.762
5_Apr_2011  ,  3.767
4_Apr_2011  ,  3.727
1_Apr_2011  ,  3.734
31_Mar_2011  ,  3.691
30_Mar_2011  ,  3.67
29_Mar_2011  ,  3.631
28_Mar_2011  ,  3.601
25_Mar_2011  ,  3.615
24_Mar_2011  ,  3.582
23_Mar_2011  ,  3.556
22_Mar_2011  ,  3.6
21_Mar_2011  ,  3.526
18_Mar_2011  ,  3.509
17_Mar_2011  ,  3.543
16_Mar_2011  ,  3.476
15_Mar_2011  ,  3.527
14_Mar_2011  ,  3.568
11_Mar_2011  ,  3.632
10_Mar_2011  ,  3.684
9_Mar_2011  ,  3.749
8_Mar_2011  ,  3.755
7_Mar_2011  ,  3.715
4_Mar_2011  ,  3.713
3_Mar_2011  ,  3.801
2_Mar_2011  ,  3.724
1_Mar_2011  ,  3.711
28_Feb_2011  ,  3.687
25_Feb_2011  ,  3.703
24_Feb_2011  ,  3.705
23_Feb_2011  ,  3.671
22_Feb_2011  ,  3.681
21_Feb_2011  ,  3.735
18_Feb_2011  ,  3.805
17_Feb_2011  ,  3.761
16_Feb_2011  ,  3.811
15_Feb_2011  ,  3.853
14_Feb_2011  ,  3.84
11_Feb_2011  ,  3.873
10_Feb_2011  ,  3.885
9_Feb_2011  ,  3.874
8_Feb_2011  ,  3.841
7_Feb_2011  ,  3.835
4_Feb_2011  ,  3.823
3_Feb_2011  ,  3.78
2_Feb_2011  ,  3.765
1_Feb_2011  ,  3.706
31_Jan_2011  ,  3.659
28_Jan_2011  ,  3.651
27_Jan_2011  ,  3.695
26_Jan_2011  ,  3.699
25_Jan_2011  ,  3.624
24_Jan_2011  ,  3.668
21_Jan_2011  ,  3.696
20_Jan_2011  ,  3.686
19_Jan_2011  ,  3.633
18_Jan_2011  ,  3.648
17_Jan_2011  ,  3.616
14_Jan_2011  ,  3.609
13_Jan_2011  ,  3.6
12_Jan_2011  ,  3.647
11_Jan_2011  ,  3.552
10_Jan_2011  ,  3.512
7_Jan_2011  ,  3.516
6_Jan_2011  ,  3.525
5_Jan_2011  ,  3.547
4_Jan_2011  ,  3.461
3_Jan_2011  ,  3.461
31_Dec_2010  ,  3.395
30_Dec_2010  ,  3.476
29_Dec_2010  ,  3.565
28_Dec_2010  ,  3.565
27_Dec_2010  ,  3.565
24_Dec_2010  ,  3.51
23_Dec_2010  ,  3.495
22_Dec_2010  ,  3.5
21_Dec_2010  ,  3.509
20_Dec_2010  ,  3.486
17_Dec_2010  ,  3.556
16_Dec_2010  ,  3.625
15_Dec_2010  ,  3.627
14_Dec_2010  ,  3.602
13_Dec_2010  ,  3.548
10_Dec_2010  ,  3.519
9_Dec_2010  ,  3.484
8_Dec_2010  ,  3.546
7_Dec_2010  ,  3.456
6_Dec_2010  ,  3.4
3_Dec_2010  ,  3.416
2_Dec_2010  ,  3.392
1_Dec_2010  ,  3.371
30_Nov_2010  ,  3.221
29_Nov_2010  ,  3.339
26_Nov_2010  ,  3.342
25_Nov_2010  ,  3.371
24_Nov_2010  ,  3.329
23_Nov_2010  ,  3.261
22_Nov_2010  ,  3.333
19_Nov_2010  ,  3.383
18_Nov_2010  ,  3.415
17_Nov_2010  ,  3.277
16_Nov_2010  ,  3.293
15_Nov_2010  ,  3.278
12_Nov_2010  ,  3.216
11_Nov_2010  ,  3.17
10_Nov_2010  ,  3.176
9_Nov_2010  ,  3.034
8_Nov_2010  ,  3.008
5_Nov_2010  ,  2.978
4_Nov_2010  ,  2.945
3_Nov_2010  ,  2.993
2_Nov_2010  ,  3.041
1_Nov_2010  ,  3.047
29_Oct_2010  ,  3.069
28_Oct_2010  ,  3.147
27_Oct_2010  ,  3.154
26_Oct_2010  ,  3.064
25_Oct_2010  ,  2.919
22_Oct_2010  ,  2.952
21_Oct_2010  ,  2.939
20_Oct_2010  ,  2.989
19_Oct_2010  ,  3.003
18_Oct_2010  ,  2.964
15_Oct_2010  ,  2.956
14_Oct_2010  ,  2.885
13_Oct_2010  ,  2.88
12_Oct_2010  ,  2.851
11_Oct_2010  ,  2.878
8_Oct_2010  ,  2.878
7_Oct_2010  ,  2.927
6_Oct_2010  ,  2.896
5_Oct_2010  ,  2.974
4_Oct_2010  ,  2.934
1_Oct_2010  ,  2.965
30_Sep_2010  ,  2.947
29_Sep_2010  ,  2.914
28_Sep_2010  ,  2.937
27_Sep_2010  ,  2.968
24_Sep_2010  ,  3.047
23_Sep_2010  ,  2.958
22_Sep_2010  ,  2.975
21_Sep_2010  ,  3.119
20_Sep_2010  ,  3.15
17_Sep_2010  ,  3.119
16_Sep_2010  ,  3.146
15_Sep_2010  ,  3.089
14_Sep_2010  ,  3.06
13_Sep_2010  ,  3.115
10_Sep_2010  ,  3.115
9_Sep_2010  ,  3.054
8_Sep_2010  ,  2.99
7_Sep_2010  ,  2.924
6_Sep_2010  ,  2.984
3_Sep_2010  ,  3.006
2_Sep_2010  ,  2.958
1_Sep_2010  ,  2.931
31_Aug_2010  ,  2.84
30_Aug_2010  ,  2.84
27_Aug_2010  ,  2.911
26_Aug_2010  ,  2.885
25_Aug_2010  ,  2.844
24_Aug_2010  ,  2.884
23_Aug_2010  ,  2.972
20_Aug_2010  ,  2.972
19_Aug_2010  ,  2.995
18_Aug_2010  ,  3.031
17_Aug_2010  ,  3.068
16_Aug_2010  ,  3.033
13_Aug_2010  ,  3.126
12_Aug_2010  ,  3.119
11_Aug_2010  ,  3.145
10_Aug_2010  ,  3.251
9_Aug_2010  ,  3.243
6_Aug_2010  ,  3.225
5_Aug_2010  ,  3.235
4_Aug_2010  ,  3.293
3_Aug_2010  ,  3.271
2_Aug_2010  ,  3.349
30_Jul_2010  ,  3.322
29_Jul_2010  ,  3.396
28_Jul_2010  ,  3.491
27_Jul_2010  ,  3.518
26_Jul_2010  ,  3.45
23_Jul_2010  ,  3.443
22_Jul_2010  ,  3.362
21_Jul_2010  ,  3.347
20_Jul_2010  ,  3.359
19_Jul_2010  ,  3.356
16_Jul_2010  ,  3.316
15_Jul_2010  ,  3.375
14_Jul_2010  ,  3.397
13_Jul_2010  ,  3.382
12_Jul_2010  ,  3.34
9_Jul_2010  ,  3.336
8_Jul_2010  ,  3.37
7_Jul_2010  ,  3.358
6_Jul_2010  ,  3.347
5_Jul_2010  ,  3.321
2_Jul_2010  ,  3.35
1_Jul_2010  ,  3.323
30_Jun_2010  ,  3.365
29_Jun_2010  ,  3.38
28_Jun_2010  ,  3.369
25_Jun_2010  ,  3.374
24_Jun_2010  ,  3.395
23_Jun_2010  ,  3.432
22_Jun_2010  ,  3.454
21_Jun_2010  ,  3.522
18_Jun_2010  ,  3.54
17_Jun_2010  ,  3.478
16_Jun_2010  ,  3.541
15_Jun_2010  ,  3.554
14_Jun_2010  ,  3.541
11_Jun_2010  ,  3.473
10_Jun_2010  ,  3.558
9_Jun_2010  ,  3.529
8_Jun_2010  ,  3.476
7_Jun_2010  ,  3.5
4_Jun_2010  ,  3.509
3_Jun_2010  ,  3.576
2_Jun_2010  ,  3.557
1_Jun_2010  ,  3.573
31_May_2010  ,  3.573
28_May_2010  ,  3.578
27_May_2010  ,  3.623
26_May_2010  ,  3.566
25_May_2010  ,  3.473
24_May_2010  ,  3.546
21_May_2010  ,  3.56
20_May_2010  ,  3.555
19_May_2010  ,  3.643
18_May_2010  ,  3.75
17_May_2010  ,  3.724
14_May_2010  ,  3.741
13_May_2010  ,  3.837
12_May_2010  ,  3.843
11_May_2010  ,  3.864
10_May_2010  ,  3.96
7_May_2010  ,  3.837
6_May_2010  ,  3.808
5_May_2010  ,  3.821
4_May_2010  ,  3.843
3_May_2010  ,  3.843
30_Apr_2010  ,  3.914
29_Apr_2010  ,  3.996
28_Apr_2010  ,  3.99
27_Apr_2010  ,  3.963
26_Apr_2010  ,  3.989
